=== PHASE2_TABLE3_ISOBW_FINAL START ===
config warmup=5 measure=15 nruns=5 seed=20260306
=== BLOCK_START profile=l2hot placement=A_same_ccd run=1 note=best-feasible: not fully iso-BW on this host ===
=== BASELINE profile=l2hot placement=A_same_ccd run=1 vcore=136 vnode=1 START ===
[victim] core=136 node=1 ws=64 KB duration=15 warmup=5 chase=0
[victim] warming up for 5 s …
[victim] measuring for 15 s …
[victim] interim: IPC=0.996  L2miss_rate=0.00%  iters=354596
[victim] interim: IPC=0.996  L2miss_rate=0.00%  iters=709284
[victim] interim: IPC=0.996  L2miss_rate=0.00%  iters=1064125
[victim] interim: IPC=0.996  L2miss_rate=0.00%  iters=1418860
[victim] interim: IPC=0.996  L2miss_rate=0.00%  iters=1772779
[victim] interim: IPC=0.996  L2miss_rate=0.00%  iters=2127428
[victim] interim: IPC=0.996  L2miss_rate=0.00%  iters=2481991
[victim] interim: IPC=0.996  L2miss_rate=0.00%  iters=2836618
[victim] interim: IPC=0.996  L2miss_rate=0.00%  iters=3191412
[victim] interim: IPC=0.996  L2miss_rate=0.00%  iters=3546201
[victim] interim: IPC=0.996  L2miss_rate=0.00%  iters=3901057
[victim] interim: IPC=0.996  L2miss_rate=0.00%  iters=4255598
[victim] interim: IPC=0.996  L2miss_rate=0.00%  iters=4610490
[victim] interim: IPC=0.996  L2miss_rate=0.00%  iters=4965285
[victim] DONE: IPC=0.9956  L2_miss=0.00%
VICTIM core=136 ipc=0.9956 l2_miss_rate=0.00 cycles=33440085676 insns=33293210746 l2_hit=16532548864 l2_miss=693579 iters=5319238 sec=15.00
=== BASELINE_RC profile=l2hot placement=A_same_ccd run=1 rc=0 ===
--- wb_t=1 wc_t=12 mode_order=wb_load wc_ntdqa ---
=== CORUN profile=l2hot placement=A_same_ccd run=1 mode=wb_load threads=1 vcore=136 vnode=1 cores=137 START ===
[victim] core=136 node=1 ws=64 KB duration=15 warmup=5 chase=0
[victim] warming up for 5 s …
[aggressor] mode=wb_load threads=1 bufsz=256MB/thread throttle=0 MBps
[victim] measuring for 15 s …
[aggressor] mapped 256 MB CXL memory at 0x711f9da00000
[aggressor] GO
[victim] interim: IPC=0.997  L2miss_rate=0.00%  iters=354747
[victim] interim: IPC=0.996  L2miss_rate=0.00%  iters=709409
[victim] interim: IPC=0.996  L2miss_rate=0.00%  iters=1064253
[victim] interim: IPC=0.996  L2miss_rate=0.00%  iters=1418225
[victim] interim: IPC=0.996  L2miss_rate=0.00%  iters=1773146
[victim] interim: IPC=0.996  L2miss_rate=0.00%  iters=2127888
[victim] interim: IPC=0.996  L2miss_rate=0.00%  iters=2482715
[victim] interim: IPC=0.996  L2miss_rate=0.00%  iters=2837461
[victim] interim: IPC=0.996  L2miss_rate=0.00%  iters=3192317
[victim] interim: IPC=0.996  L2miss_rate=0.00%  iters=3547063
[victim] interim: IPC=0.996  L2miss_rate=0.00%  iters=3901928
[victim] interim: IPC=0.996  L2miss_rate=0.00%  iters=4256606
[victim] interim: IPC=0.996  L2miss_rate=0.00%  iters=4611337
[victim] interim: IPC=0.996  L2miss_rate=0.00%  iters=4965369
[victim] DONE: IPC=0.9964  L2_miss=0.00%
VICTIM core=136 ipc=0.9964 l2_miss_rate=0.00 cycles=33417270186 insns=33297616785 l2_hit=16529299629 l2_miss=618032 iters=5319942 sec=15.00
thread  0  core 137  15.83 GB/s  (15.008 s)
---
aggregate: 15.83 GB/s  (1 threads, mode=wb_load)
RESULT mode=wb_load threads=1 bw_gbps=15.829 throttle=0
=== CORUN_RC profile=l2hot placement=A_same_ccd run=1 mode=wb_load victim_rc=0 aggressor_rc=0 ===
=== CORUN profile=l2hot placement=A_same_ccd run=1 mode=wc_ntdqa threads=12 vcore=136 vnode=1 cores=137,138,139,140,141,142,143,393,394,395,396,397 START ===
[victim] core=136 node=1 ws=64 KB duration=15 warmup=5 chase=0
[victim] warming up for 5 s …
[aggressor] mode=wc_ntdqa threads=12 bufsz=256MB/thread throttle=0 MBps
[aggressor] mapped 3072 MB CXL memory at 0x768eb2000000
[victim] measuring for 15 s …
[aggressor] GO
[victim] interim: IPC=0.996  L2miss_rate=0.00%  iters=354573
[victim] interim: IPC=0.996  L2miss_rate=0.00%  iters=708350
[victim] interim: IPC=0.996  L2miss_rate=0.00%  iters=1062998
[victim] interim: IPC=0.996  L2miss_rate=0.00%  iters=1417695
[victim] interim: IPC=0.996  L2miss_rate=0.00%  iters=1772255
[victim] interim: IPC=0.996  L2miss_rate=0.00%  iters=2126930
[victim] interim: IPC=0.996  L2miss_rate=0.00%  iters=2481653
[victim] interim: IPC=0.996  L2miss_rate=0.00%  iters=2836320
[victim] interim: IPC=0.996  L2miss_rate=0.00%  iters=3191093
[victim] interim: IPC=0.996  L2miss_rate=0.00%  iters=3545647
[victim] interim: IPC=0.996  L2miss_rate=0.00%  iters=3900276
[victim] interim: IPC=0.996  L2miss_rate=0.00%  iters=4253982
[victim] interim: IPC=0.996  L2miss_rate=0.00%  iters=4608629
[victim] interim: IPC=0.996  L2miss_rate=0.00%  iters=4963136
[victim] DONE: IPC=0.9956  L2_miss=0.00%
VICTIM core=136 ipc=0.9956 l2_miss_rate=0.00 cycles=33431431339 insns=33284079498 l2_hit=16530922095 l2_miss=657660 iters=5317779 sec=15.00
thread  0  core 137  1.22 GB/s  (15.127 s)
thread  1  core 138  1.22 GB/s  (15.015 s)
thread  2  core 139  1.22 GB/s  (15.012 s)
thread  3  core 140  1.21 GB/s  (15.048 s)
thread  4  core 141  1.22 GB/s  (15.020 s)
thread  5  core 142  2.55 GB/s  (15.053 s)
thread  6  core 143  2.55 GB/s  (15.051 s)
thread  7  core 393  1.35 GB/s  (15.110 s)
thread  8  core 394  1.35 GB/s  (15.074 s)
thread  9  core 395  1.35 GB/s  (15.079 s)
thread 10  core 396  1.35 GB/s  (15.092 s)
thread 11  core 397  1.34 GB/s  (15.018 s)
---
aggregate: 17.85 GB/s  (12 threads, mode=wc_ntdqa)
RESULT mode=wc_ntdqa threads=12 bw_gbps=17.852 throttle=0
=== CORUN_RC profile=l2hot placement=A_same_ccd run=1 mode=wc_ntdqa victim_rc=0 aggressor_rc=0 ===
=== BLOCK_END profile=l2hot placement=A_same_ccd run=1 ===
=== BLOCK_START profile=l2hot placement=A_same_ccd run=2 note=best-feasible: not fully iso-BW on this host ===
=== BASELINE profile=l2hot placement=A_same_ccd run=2 vcore=136 vnode=1 START ===
[victim] core=136 node=1 ws=64 KB duration=15 warmup=5 chase=0
[victim] warming up for 5 s …
[victim] measuring for 15 s …
[victim] interim: IPC=0.996  L2miss_rate=0.00%  iters=354788
[victim] interim: IPC=0.996  L2miss_rate=0.00%  iters=709528
[victim] interim: IPC=0.996  L2miss_rate=0.00%  iters=1064433
[victim] interim: IPC=0.996  L2miss_rate=0.00%  iters=1419388
[victim] interim: IPC=0.996  L2miss_rate=0.00%  iters=1774265
[victim] interim: IPC=0.996  L2miss_rate=0.00%  iters=2129190
[victim] interim: IPC=0.996  L2miss_rate=0.00%  iters=2483956
[victim] interim: IPC=0.996  L2miss_rate=0.00%  iters=2839046
[victim] interim: IPC=0.996  L2miss_rate=0.00%  iters=3193973
[victim] interim: IPC=0.996  L2miss_rate=0.00%  iters=3548146
[victim] interim: IPC=0.996  L2miss_rate=0.00%  iters=3902962
[victim] interim: IPC=0.996  L2miss_rate=0.00%  iters=4257748
[victim] interim: IPC=0.996  L2miss_rate=0.00%  iters=4612670
[victim] interim: IPC=0.996  L2miss_rate=0.00%  iters=4967655
[victim] DONE: IPC=0.9956  L2_miss=0.00%
VICTIM core=136 ipc=0.9956 l2_miss_rate=0.00 cycles=33459734237 insns=33313846664 l2_hit=16542319128 l2_miss=665916 iters=5322535 sec=15.00
=== BASELINE_RC profile=l2hot placement=A_same_ccd run=2 rc=0 ===
--- wb_t=1 wc_t=12 mode_order=wc_ntdqa wb_load ---
=== CORUN profile=l2hot placement=A_same_ccd run=2 mode=wc_ntdqa threads=12 vcore=136 vnode=1 cores=137,138,139,140,141,142,143,393,394,395,396,397 START ===
[victim] core=136 node=1 ws=64 KB duration=15 warmup=5 chase=0
[victim] warming up for 5 s …
[aggressor] mode=wc_ntdqa threads=12 bufsz=256MB/thread throttle=0 MBps
[aggressor] mapped 3072 MB CXL memory at 0x7150f6400000
[victim] measuring for 15 s …
[aggressor] GO
[victim] interim: IPC=0.996  L2miss_rate=0.00%  iters=354592
[victim] interim: IPC=0.996  L2miss_rate=0.00%  iters=709480
[victim] interim: IPC=0.996  L2miss_rate=0.00%  iters=1064137
[victim] interim: IPC=0.996  L2miss_rate=0.00%  iters=1418940
[victim] interim: IPC=0.996  L2miss_rate=0.00%  iters=1773577
[victim] interim: IPC=0.996  L2miss_rate=0.00%  iters=2128444
[victim] interim: IPC=0.996  L2miss_rate=0.00%  iters=2483243
[victim] interim: IPC=0.996  L2miss_rate=0.00%  iters=2837108
[victim] interim: IPC=0.996  L2miss_rate=0.00%  iters=3191815
[victim] interim: IPC=0.996  L2miss_rate=0.00%  iters=3546706
[victim] interim: IPC=0.996  L2miss_rate=0.00%  iters=3901535
[victim] interim: IPC=0.996  L2miss_rate=0.00%  iters=4256312
[victim] interim: IPC=0.996  L2miss_rate=0.00%  iters=4611030
[victim] interim: IPC=0.996  L2miss_rate=0.00%  iters=4965919
[victim] DONE: IPC=0.9959  L2_miss=0.00%
VICTIM core=136 ipc=0.9959 l2_miss_rate=0.00 cycles=33439688237 insns=33302380705 l2_hit=16533686105 l2_miss=618813 iters=5320703 sec=15.00
thread  0  core 137  1.22 GB/s  (15.131 s)
thread  1  core 138  1.22 GB/s  (15.019 s)
thread  2  core 139  1.22 GB/s  (15.019 s)
thread  3  core 140  1.21 GB/s  (15.059 s)
thread  4  core 141  1.21 GB/s  (15.056 s)
thread  5  core 142  2.55 GB/s  (15.047 s)
thread  6  core 143  2.55 GB/s  (15.046 s)
thread  7  core 393  1.35 GB/s  (15.123 s)
thread  8  core 394  1.35 GB/s  (15.078 s)
thread  9  core 395  1.35 GB/s  (15.083 s)
thread 10  core 396  1.35 GB/s  (15.096 s)
thread 11  core 397  1.35 GB/s  (15.097 s)
---
aggregate: 17.87 GB/s  (12 threads, mode=wc_ntdqa)
RESULT mode=wc_ntdqa threads=12 bw_gbps=17.865 throttle=0
=== CORUN_RC profile=l2hot placement=A_same_ccd run=2 mode=wc_ntdqa victim_rc=0 aggressor_rc=0 ===
=== CORUN profile=l2hot placement=A_same_ccd run=2 mode=wb_load threads=1 vcore=136 vnode=1 cores=137 START ===
[victim] core=136 node=1 ws=64 KB duration=15 warmup=5 chase=0
[victim] warming up for 5 s …
[aggressor] mode=wb_load threads=1 bufsz=256MB/thread throttle=0 MBps
[victim] measuring for 15 s …
[aggressor] mapped 256 MB CXL memory at 0x7872ec200000
[aggressor] GO
[victim] interim: IPC=0.995  L2miss_rate=0.00%  iters=354307
[victim] interim: IPC=0.995  L2miss_rate=0.00%  iters=708671
[victim] interim: IPC=0.995  L2miss_rate=0.00%  iters=1062969
[victim] interim: IPC=0.995  L2miss_rate=0.00%  iters=1417392
[victim] interim: IPC=0.995  L2miss_rate=0.00%  iters=1771742
[victim] interim: IPC=0.995  L2miss_rate=0.00%  iters=2125392
[victim] interim: IPC=0.995  L2miss_rate=0.00%  iters=2479856
[victim] interim: IPC=0.995  L2miss_rate=0.00%  iters=2834138
[victim] interim: IPC=0.995  L2miss_rate=0.00%  iters=3188362
[victim] interim: IPC=0.995  L2miss_rate=0.00%  iters=3542600
[victim] interim: IPC=0.995  L2miss_rate=0.00%  iters=3897080
[victim] interim: IPC=0.995  L2miss_rate=0.00%  iters=4251620
[victim] interim: IPC=0.995  L2miss_rate=0.00%  iters=4605761
[victim] interim: IPC=0.995  L2miss_rate=0.00%  iters=4960157
[victim] DONE: IPC=0.9953  L2_miss=0.00%
VICTIM core=136 ipc=0.9953 l2_miss_rate=0.00 cycles=33422075229 insns=33263825137 l2_hit=16512112892 l2_miss=604942 iters=5314543 sec=15.00
thread  0  core 137  15.83 GB/s  (15.007 s)
---
aggregate: 15.83 GB/s  (1 threads, mode=wb_load)
RESULT mode=wb_load threads=1 bw_gbps=15.830 throttle=0
=== CORUN_RC profile=l2hot placement=A_same_ccd run=2 mode=wb_load victim_rc=0 aggressor_rc=0 ===
=== BLOCK_END profile=l2hot placement=A_same_ccd run=2 ===
=== BLOCK_START profile=l2hot placement=A_same_ccd run=3 note=best-feasible: not fully iso-BW on this host ===
=== BASELINE profile=l2hot placement=A_same_ccd run=3 vcore=136 vnode=1 START ===
[victim] core=136 node=1 ws=64 KB duration=15 warmup=5 chase=0
[victim] warming up for 5 s …
[victim] measuring for 15 s …
[victim] interim: IPC=0.996  L2miss_rate=0.00%  iters=355103
[victim] interim: IPC=0.996  L2miss_rate=0.00%  iters=710109
[victim] interim: IPC=0.996  L2miss_rate=0.00%  iters=1065060
[victim] interim: IPC=0.996  L2miss_rate=0.00%  iters=1420004
[victim] interim: IPC=0.996  L2miss_rate=0.00%  iters=1774166
[victim] interim: IPC=0.996  L2miss_rate=0.00%  iters=2129067
[victim] interim: IPC=0.996  L2miss_rate=0.00%  iters=2483939
[victim] interim: IPC=0.996  L2miss_rate=0.00%  iters=2839024
[victim] interim: IPC=0.996  L2miss_rate=0.00%  iters=3193918
[victim] interim: IPC=0.996  L2miss_rate=0.00%  iters=3548944
[victim] interim: IPC=0.996  L2miss_rate=0.00%  iters=3903847
[victim] interim: IPC=0.996  L2miss_rate=0.00%  iters=4258768
[victim] interim: IPC=0.996  L2miss_rate=0.00%  iters=4613823
[victim] interim: IPC=0.996  L2miss_rate=0.00%  iters=4968832
[victim] DONE: IPC=0.9959  L2_miss=0.00%
VICTIM core=136 ipc=0.9959 l2_miss_rate=0.00 cycles=33454434027 insns=33315955767 l2_hit=16541936739 l2_miss=620792 iters=5322872 sec=15.00
=== BASELINE_RC profile=l2hot placement=A_same_ccd run=3 rc=0 ===
--- wb_t=1 wc_t=12 mode_order=wc_ntdqa wb_load ---
=== CORUN profile=l2hot placement=A_same_ccd run=3 mode=wc_ntdqa threads=12 vcore=136 vnode=1 cores=137,138,139,140,141,142,143,393,394,395,396,397 START ===
[victim] core=136 node=1 ws=64 KB duration=15 warmup=5 chase=0
[victim] warming up for 5 s …
[aggressor] mode=wc_ntdqa threads=12 bufsz=256MB/thread throttle=0 MBps
[aggressor] mapped 3072 MB CXL memory at 0x7327c9a00000
[victim] measuring for 15 s …
[aggressor] GO
[victim] interim: IPC=0.996  L2miss_rate=0.00%  iters=354890
[victim] interim: IPC=0.996  L2miss_rate=0.00%  iters=709848
[victim] interim: IPC=0.996  L2miss_rate=0.00%  iters=1063743
[victim] interim: IPC=0.996  L2miss_rate=0.00%  iters=1418687
[victim] interim: IPC=0.996  L2miss_rate=0.00%  iters=1773464
[victim] interim: IPC=0.996  L2miss_rate=0.00%  iters=2128442
[victim] interim: IPC=0.996  L2miss_rate=0.00%  iters=2483305
[victim] interim: IPC=0.996  L2miss_rate=0.00%  iters=2838283
[victim] interim: IPC=0.996  L2miss_rate=0.00%  iters=3193162
[victim] interim: IPC=0.996  L2miss_rate=0.00%  iters=3548024
[victim] interim: IPC=0.996  L2miss_rate=0.00%  iters=3902960
[victim] interim: IPC=0.996  L2miss_rate=0.00%  iters=4257870
[victim] interim: IPC=0.996  L2miss_rate=0.00%  iters=4611696
[victim] interim: IPC=0.996  L2miss_rate=0.00%  iters=4966461
[victim] DONE: IPC=0.9962  L2_miss=0.00%
VICTIM core=136 ipc=0.9962 l2_miss_rate=0.00 cycles=33432425224 insns=33305716018 l2_hit=16536092874 l2_miss=602584 iters=5321236 sec=15.00
thread  0  core 137  1.22 GB/s  (15.017 s)
thread  1  core 138  1.21 GB/s  (15.031 s)
thread  2  core 139  1.22 GB/s  (15.007 s)
thread  3  core 140  1.21 GB/s  (15.066 s)
thread  4  core 141  1.22 GB/s  (15.023 s)
thread  5  core 142  2.55 GB/s  (15.053 s)
thread  6  core 143  2.55 GB/s  (15.054 s)
thread  7  core 393  1.35 GB/s  (15.064 s)
thread  8  core 394  1.35 GB/s  (15.080 s)
thread  9  core 395  1.35 GB/s  (15.084 s)
thread 10  core 396  1.35 GB/s  (15.097 s)
thread 11  core 397  1.34 GB/s  (15.007 s)
---
aggregate: 17.87 GB/s  (12 threads, mode=wc_ntdqa)
RESULT mode=wc_ntdqa threads=12 bw_gbps=17.870 throttle=0
=== CORUN_RC profile=l2hot placement=A_same_ccd run=3 mode=wc_ntdqa victim_rc=0 aggressor_rc=0 ===
=== CORUN profile=l2hot placement=A_same_ccd run=3 mode=wb_load threads=1 vcore=136 vnode=1 cores=137 START ===
[victim] core=136 node=1 ws=64 KB duration=15 warmup=5 chase=0
[victim] warming up for 5 s …
[aggressor] mode=wb_load threads=1 bufsz=256MB/thread throttle=0 MBps
[victim] measuring for 15 s …
[aggressor] mapped 256 MB CXL memory at 0x7806b9800000
[aggressor] GO
[victim] interim: IPC=0.997  L2miss_rate=0.00%  iters=353960
[victim] interim: IPC=0.997  L2miss_rate=0.00%  iters=708692
[victim] interim: IPC=0.997  L2miss_rate=0.00%  iters=1063517
[victim] interim: IPC=0.996  L2miss_rate=0.00%  iters=1418298
[victim] interim: IPC=0.996  L2miss_rate=0.00%  iters=1773116
[victim] interim: IPC=0.996  L2miss_rate=0.00%  iters=2127839
[victim] interim: IPC=0.996  L2miss_rate=0.00%  iters=2482696
[victim] interim: IPC=0.996  L2miss_rate=0.00%  iters=2837304
[victim] interim: IPC=0.996  L2miss_rate=0.00%  iters=3192184
[victim] interim: IPC=0.996  L2miss_rate=0.00%  iters=3546854
[victim] interim: IPC=0.996  L2miss_rate=0.00%  iters=3900686
[victim] interim: IPC=0.996  L2miss_rate=0.00%  iters=4255420
[victim] interim: IPC=0.996  L2miss_rate=0.00%  iters=4610143
[victim] interim: IPC=0.996  L2miss_rate=0.00%  iters=4964999
[victim] DONE: IPC=0.9965  L2_miss=0.00%
VICTIM core=136 ipc=0.9965 l2_miss_rate=0.00 cycles=33415342288 insns=33296884266 l2_hit=16531812082 l2_miss=578870 iters=5319825 sec=15.00
thread  0  core 137  15.83 GB/s  (15.007 s)
---
aggregate: 15.83 GB/s  (1 threads, mode=wb_load)
RESULT mode=wb_load threads=1 bw_gbps=15.830 throttle=0
=== CORUN_RC profile=l2hot placement=A_same_ccd run=3 mode=wb_load victim_rc=0 aggressor_rc=0 ===
=== BLOCK_END profile=l2hot placement=A_same_ccd run=3 ===
=== BLOCK_START profile=l2hot placement=A_same_ccd run=4 note=best-feasible: not fully iso-BW on this host ===
=== BASELINE profile=l2hot placement=A_same_ccd run=4 vcore=136 vnode=1 START ===
[victim] core=136 node=1 ws=64 KB duration=15 warmup=5 chase=0
[victim] warming up for 5 s …
[victim] measuring for 15 s …
[victim] interim: IPC=0.997  L2miss_rate=0.00%  iters=355327
[victim] interim: IPC=0.997  L2miss_rate=0.00%  iters=710466
[victim] interim: IPC=0.997  L2miss_rate=0.00%  iters=1065680
[victim] interim: IPC=0.996  L2miss_rate=0.00%  iters=1420730
[victim] interim: IPC=0.996  L2miss_rate=0.00%  iters=1776076
[victim] interim: IPC=0.996  L2miss_rate=0.00%  iters=2131255
[victim] interim: IPC=0.996  L2miss_rate=0.00%  iters=2486450
[victim] interim: IPC=0.996  L2miss_rate=0.00%  iters=2841508
[victim] interim: IPC=0.996  L2miss_rate=0.00%  iters=3196632
[victim] interim: IPC=0.996  L2miss_rate=0.00%  iters=3550852
[victim] interim: IPC=0.996  L2miss_rate=0.00%  iters=3906091
[victim] interim: IPC=0.996  L2miss_rate=0.00%  iters=4261300
[victim] interim: IPC=0.996  L2miss_rate=0.00%  iters=4616672
[victim] interim: IPC=0.996  L2miss_rate=0.00%  iters=4971793
[victim] DONE: IPC=0.9965  L2_miss=0.00%
VICTIM core=136 ipc=0.9965 l2_miss_rate=0.00 cycles=33459755840 insns=33342419331 l2_hit=16554752883 l2_miss=598722 iters=5327100 sec=15.00
=== BASELINE_RC profile=l2hot placement=A_same_ccd run=4 rc=0 ===
--- wb_t=1 wc_t=12 mode_order=wc_ntdqa wb_load ---
=== CORUN profile=l2hot placement=A_same_ccd run=4 mode=wc_ntdqa threads=12 vcore=136 vnode=1 cores=137,138,139,140,141,142,143,393,394,395,396,397 START ===
[victim] core=136 node=1 ws=64 KB duration=15 warmup=5 chase=0
[victim] warming up for 5 s …
[aggressor] mode=wc_ntdqa threads=12 bufsz=256MB/thread throttle=0 MBps
[aggressor] mapped 3072 MB CXL memory at 0x74c244600000
[victim] measuring for 15 s …
[aggressor] GO
[victim] interim: IPC=0.993  L2miss_rate=0.00%  iters=353786
[victim] interim: IPC=0.993  L2miss_rate=0.00%  iters=707747
[victim] interim: IPC=0.993  L2miss_rate=0.00%  iters=1061510
[victim] interim: IPC=0.993  L2miss_rate=0.00%  iters=1415477
[victim] interim: IPC=0.993  L2miss_rate=0.00%  iters=1769403
[victim] interim: IPC=0.993  L2miss_rate=0.00%  iters=2123273
[victim] interim: IPC=0.993  L2miss_rate=0.00%  iters=2477071
[victim] interim: IPC=0.993  L2miss_rate=0.00%  iters=2830132
[victim] interim: IPC=0.993  L2miss_rate=0.00%  iters=3184084
[victim] interim: IPC=0.993  L2miss_rate=0.00%  iters=3538029
[victim] interim: IPC=0.993  L2miss_rate=0.00%  iters=3891841
[victim] interim: IPC=0.993  L2miss_rate=0.00%  iters=4245730
[victim] interim: IPC=0.993  L2miss_rate=0.00%  iters=4599675
[victim] interim: IPC=0.993  L2miss_rate=0.00%  iters=4953535
[victim] DONE: IPC=0.9934  L2_miss=0.00%
VICTIM core=136 ipc=0.9934 l2_miss_rate=0.00 cycles=33437216152 insns=33218077455 l2_hit=16497232296 l2_miss=569121 iters=5307234 sec=15.00
thread  0  core 137  1.22 GB/s  (15.132 s)
thread  1  core 138  1.22 GB/s  (15.018 s)
thread  2  core 139  1.22 GB/s  (15.020 s)
thread  3  core 140  1.21 GB/s  (15.035 s)
thread  4  core 141  1.21 GB/s  (15.052 s)
thread  5  core 142  2.55 GB/s  (15.059 s)
thread  6  core 143  2.55 GB/s  (15.053 s)
thread  7  core 393  1.35 GB/s  (15.122 s)
thread  8  core 394  1.35 GB/s  (15.083 s)
thread  9  core 395  1.35 GB/s  (15.085 s)
thread 10  core 396  1.35 GB/s  (15.098 s)
thread 11  core 397  1.35 GB/s  (15.101 s)
---
aggregate: 17.86 GB/s  (12 threads, mode=wc_ntdqa)
RESULT mode=wc_ntdqa threads=12 bw_gbps=17.863 throttle=0
=== CORUN_RC profile=l2hot placement=A_same_ccd run=4 mode=wc_ntdqa victim_rc=0 aggressor_rc=0 ===
=== CORUN profile=l2hot placement=A_same_ccd run=4 mode=wb_load threads=1 vcore=136 vnode=1 cores=137 START ===
[victim] core=136 node=1 ws=64 KB duration=15 warmup=5 chase=0
[victim] warming up for 5 s …
[aggressor] mode=wb_load threads=1 bufsz=256MB/thread throttle=0 MBps
[victim] measuring for 15 s …
[aggressor] mapped 256 MB CXL memory at 0x7b8948a00000
[aggressor] GO
[victim] interim: IPC=0.997  L2miss_rate=0.00%  iters=354847
[victim] interim: IPC=0.997  L2miss_rate=0.00%  iters=709752
[victim] interim: IPC=0.997  L2miss_rate=0.00%  iters=1064405
[victim] interim: IPC=0.997  L2miss_rate=0.00%  iters=1419081
[victim] interim: IPC=0.997  L2miss_rate=0.00%  iters=1773872
[victim] interim: IPC=0.997  L2miss_rate=0.00%  iters=2127931
[victim] interim: IPC=0.997  L2miss_rate=0.00%  iters=2482890
[victim] interim: IPC=0.997  L2miss_rate=0.00%  iters=2837818
[victim] interim: IPC=0.997  L2miss_rate=0.00%  iters=3192617
[victim] interim: IPC=0.997  L2miss_rate=0.00%  iters=3547646
[victim] interim: IPC=0.997  L2miss_rate=0.00%  iters=3902552
[victim] interim: IPC=0.997  L2miss_rate=0.00%  iters=4257361
[victim] interim: IPC=0.997  L2miss_rate=0.00%  iters=4611978
[victim] interim: IPC=0.997  L2miss_rate=0.00%  iters=4966920
[victim] DONE: IPC=0.9967  L2_miss=0.00%
VICTIM core=136 ipc=0.9967 l2_miss_rate=0.00 cycles=33417852681 insns=33309028275 l2_hit=16538654076 l2_miss=627623 iters=5321765 sec=15.00
thread  0  core 137  15.83 GB/s  (15.006 s)
---
aggregate: 15.83 GB/s  (1 threads, mode=wb_load)
RESULT mode=wb_load threads=1 bw_gbps=15.831 throttle=0
=== CORUN_RC profile=l2hot placement=A_same_ccd run=4 mode=wb_load victim_rc=0 aggressor_rc=0 ===
=== BLOCK_END profile=l2hot placement=A_same_ccd run=4 ===
=== BLOCK_START profile=l2hot placement=A_same_ccd run=5 note=best-feasible: not fully iso-BW on this host ===
=== BASELINE profile=l2hot placement=A_same_ccd run=5 vcore=136 vnode=1 START ===
[victim] core=136 node=1 ws=64 KB duration=15 warmup=5 chase=0
[victim] warming up for 5 s …
[victim] measuring for 15 s …
[victim] interim: IPC=0.996  L2miss_rate=0.00%  iters=354578
[victim] interim: IPC=0.996  L2miss_rate=0.00%  iters=709343
[victim] interim: IPC=0.996  L2miss_rate=0.00%  iters=1064182
[victim] interim: IPC=0.996  L2miss_rate=0.00%  iters=1418282
[victim] interim: IPC=0.996  L2miss_rate=0.00%  iters=1773055
[victim] interim: IPC=0.996  L2miss_rate=0.00%  iters=2127946
[victim] interim: IPC=0.996  L2miss_rate=0.00%  iters=2482643
[victim] interim: IPC=0.996  L2miss_rate=0.00%  iters=2837599
[victim] interim: IPC=0.996  L2miss_rate=0.00%  iters=3192511
[victim] interim: IPC=0.996  L2miss_rate=0.00%  iters=3547343
[victim] interim: IPC=0.996  L2miss_rate=0.00%  iters=3901775
[victim] interim: IPC=0.996  L2miss_rate=0.00%  iters=4256696
[victim] interim: IPC=0.996  L2miss_rate=0.00%  iters=4611368
[victim] interim: IPC=0.996  L2miss_rate=0.00%  iters=4965327
[victim] DONE: IPC=0.9956  L2_miss=0.00%
VICTIM core=136 ipc=0.9956 l2_miss_rate=0.00 cycles=33447111294 insns=33298681451 l2_hit=16536117675 l2_miss=623557 iters=5320112 sec=15.00
=== BASELINE_RC profile=l2hot placement=A_same_ccd run=5 rc=0 ===
--- wb_t=1 wc_t=12 mode_order=wc_ntdqa wb_load ---
=== CORUN profile=l2hot placement=A_same_ccd run=5 mode=wc_ntdqa threads=12 vcore=136 vnode=1 cores=137,138,139,140,141,142,143,393,394,395,396,397 START ===
[victim] core=136 node=1 ws=64 KB duration=15 warmup=5 chase=0
[victim] warming up for 5 s …
[aggressor] mode=wc_ntdqa threads=12 bufsz=256MB/thread throttle=0 MBps
[aggressor] mapped 3072 MB CXL memory at 0x74d86c600000
[victim] measuring for 15 s …
[aggressor] GO
[victim] interim: IPC=0.996  L2miss_rate=0.00%  iters=354761
[victim] interim: IPC=0.996  L2miss_rate=0.00%  iters=709735
[victim] interim: IPC=0.996  L2miss_rate=0.00%  iters=1063713
[victim] interim: IPC=0.996  L2miss_rate=0.00%  iters=1418602
[victim] interim: IPC=0.996  L2miss_rate=0.00%  iters=1773464
[victim] interim: IPC=0.996  L2miss_rate=0.00%  iters=2128344
[victim] interim: IPC=0.996  L2miss_rate=0.00%  iters=2483048
[victim] interim: IPC=0.996  L2miss_rate=0.00%  iters=2838013
[victim] interim: IPC=0.996  L2miss_rate=0.00%  iters=3192741
[victim] interim: IPC=0.996  L2miss_rate=0.00%  iters=3547332
[victim] interim: IPC=0.996  L2miss_rate=0.00%  iters=3902098
[victim] interim: IPC=0.996  L2miss_rate=0.00%  iters=4256628
[victim] interim: IPC=0.996  L2miss_rate=0.00%  iters=4609759
[victim] interim: IPC=0.996  L2miss_rate=0.00%  iters=4964514
[victim] DONE: IPC=0.9964  L2_miss=0.00%
VICTIM core=136 ipc=0.9964 l2_miss_rate=0.00 cycles=33412905198 insns=33292409543 l2_hit=16526605274 l2_miss=620715 iters=5319110 sec=15.00
thread  0  core 137  1.22 GB/s  (15.127 s)
thread  1  core 138  1.22 GB/s  (15.013 s)
thread  2  core 139  1.22 GB/s  (15.004 s)
thread  3  core 140  1.21 GB/s  (15.039 s)
thread  4  core 141  1.22 GB/s  (15.017 s)
thread  5  core 142  2.55 GB/s  (15.049 s)
thread  6  core 143  2.55 GB/s  (15.046 s)
thread  7  core 393  1.35 GB/s  (15.114 s)
thread  8  core 394  1.35 GB/s  (15.077 s)
thread  9  core 395  1.35 GB/s  (15.080 s)
thread 10  core 396  1.35 GB/s  (15.092 s)
thread 11  core 397  1.34 GB/s  (15.003 s)
---
aggregate: 17.85 GB/s  (12 threads, mode=wc_ntdqa)
RESULT mode=wc_ntdqa threads=12 bw_gbps=17.851 throttle=0
=== CORUN_RC profile=l2hot placement=A_same_ccd run=5 mode=wc_ntdqa victim_rc=0 aggressor_rc=0 ===
=== CORUN profile=l2hot placement=A_same_ccd run=5 mode=wb_load threads=1 vcore=136 vnode=1 cores=137 START ===
[victim] core=136 node=1 ws=64 KB duration=15 warmup=5 chase=0
[victim] warming up for 5 s …
[aggressor] mode=wb_load threads=1 bufsz=256MB/thread throttle=0 MBps
[victim] measuring for 15 s …
[aggressor] mapped 256 MB CXL memory at 0x7a8a21c00000
[aggressor] GO
[victim] interim: IPC=0.996  L2miss_rate=0.00%  iters=353557
[victim] interim: IPC=0.996  L2miss_rate=0.00%  iters=707985
[victim] interim: IPC=0.996  L2miss_rate=0.00%  iters=1062395
[victim] interim: IPC=0.996  L2miss_rate=0.00%  iters=1416887
[victim] interim: IPC=0.996  L2miss_rate=0.00%  iters=1771248
[victim] interim: IPC=0.996  L2miss_rate=0.00%  iters=2125561
[victim] interim: IPC=0.996  L2miss_rate=0.00%  iters=2480003
[victim] interim: IPC=0.996  L2miss_rate=0.00%  iters=2834440
[victim] interim: IPC=0.996  L2miss_rate=0.00%  iters=3188809
[victim] interim: IPC=0.996  L2miss_rate=0.00%  iters=3543138
[victim] interim: IPC=0.996  L2miss_rate=0.00%  iters=3896690
[victim] interim: IPC=0.996  L2miss_rate=0.00%  iters=4251236
[victim] interim: IPC=0.996  L2miss_rate=0.00%  iters=4605452
[victim] interim: IPC=0.996  L2miss_rate=0.00%  iters=4959799
[victim] DONE: IPC=0.9957  L2_miss=0.00%
VICTIM core=136 ipc=0.9957 l2_miss_rate=0.00 cycles=33405973988 insns=33261339861 l2_hit=16519852348 l2_miss=572363 iters=5314146 sec=15.00
thread  0  core 137  15.83 GB/s  (15.009 s)
---
aggregate: 15.83 GB/s  (1 threads, mode=wb_load)
RESULT mode=wb_load threads=1 bw_gbps=15.828 throttle=0
=== CORUN_RC profile=l2hot placement=A_same_ccd run=5 mode=wb_load victim_rc=0 aggressor_rc=0 ===
=== BLOCK_END profile=l2hot placement=A_same_ccd run=5 ===
=== BLOCK_START profile=l2hot placement=B_diff_ccd_same_socket run=1 note=iso-BW ===
=== BASELINE profile=l2hot placement=B_diff_ccd_same_socket run=1 vcore=128 vnode=1 START ===
[victim] core=128 node=1 ws=64 KB duration=15 warmup=5 chase=0
[victim] warming up for 5 s …
[victim] measuring for 15 s …
[victim] interim: IPC=0.997  L2miss_rate=0.00%  iters=355165
[victim] interim: IPC=0.997  L2miss_rate=0.00%  iters=710340
[victim] interim: IPC=0.997  L2miss_rate=0.00%  iters=1065458
[victim] interim: IPC=0.997  L2miss_rate=0.00%  iters=1420458
[victim] interim: IPC=0.997  L2miss_rate=0.00%  iters=1775620
[victim] interim: IPC=0.997  L2miss_rate=0.00%  iters=2130730
[victim] interim: IPC=0.997  L2miss_rate=0.00%  iters=2485866
[victim] interim: IPC=0.997  L2miss_rate=0.00%  iters=2840610
[victim] interim: IPC=0.997  L2miss_rate=0.00%  iters=3194996
[victim] interim: IPC=0.997  L2miss_rate=0.00%  iters=3550094
[victim] interim: IPC=0.997  L2miss_rate=0.00%  iters=3905273
[victim] interim: IPC=0.997  L2miss_rate=0.00%  iters=4260374
[victim] interim: IPC=0.997  L2miss_rate=0.00%  iters=4615663
[victim] interim: IPC=0.997  L2miss_rate=0.00%  iters=4970786
[victim] DONE: IPC=0.9965  L2_miss=0.00%
VICTIM core=128 ipc=0.9965 l2_miss_rate=0.00 cycles=33452187074 insns=33335885220 l2_hit=16548326089 l2_miss=576577 iters=5326056 sec=15.00
=== BASELINE_RC profile=l2hot placement=B_diff_ccd_same_socket run=1 rc=0 ===
--- wb_t=8 wc_t=11 mode_order=wc_ntdqa wb_load ---
=== CORUN profile=l2hot placement=B_diff_ccd_same_socket run=1 mode=wc_ntdqa threads=11 vcore=128 vnode=1 cores=136,137,138,139,140,141,142,143,224,225,226 START ===
[victim] core=128 node=1 ws=64 KB duration=15 warmup=5 chase=0
[victim] warming up for 5 s …
[aggressor] mode=wc_ntdqa threads=11 bufsz=256MB/thread throttle=0 MBps
[victim] measuring for 15 s …
[aggressor] mapped 2816 MB CXL memory at 0x794a21200000
[aggressor] GO
[victim] interim: IPC=0.993  L2miss_rate=0.00%  iters=353048
[victim] interim: IPC=0.993  L2miss_rate=0.00%  iters=706132
[victim] interim: IPC=0.993  L2miss_rate=0.00%  iters=1059413
[victim] interim: IPC=0.993  L2miss_rate=0.00%  iters=1412381
[victim] interim: IPC=0.993  L2miss_rate=0.00%  iters=1765354
[victim] interim: IPC=0.993  L2miss_rate=0.00%  iters=2118508
[victim] interim: IPC=0.993  L2miss_rate=0.00%  iters=2471838
[victim] interim: IPC=0.993  L2miss_rate=0.00%  iters=2823976
[victim] interim: IPC=0.993  L2miss_rate=0.00%  iters=3177238
[victim] interim: IPC=0.993  L2miss_rate=0.00%  iters=3530415
[victim] interim: IPC=0.993  L2miss_rate=0.00%  iters=3883808
[victim] interim: IPC=0.993  L2miss_rate=0.00%  iters=4237044
[victim] interim: IPC=0.993  L2miss_rate=0.00%  iters=4590362
[victim] interim: IPC=0.993  L2miss_rate=0.00%  iters=4943520
[victim] DONE: IPC=0.9932  L2_miss=0.00%
VICTIM core=128 ipc=0.9932 l2_miss_rate=0.00 cycles=33377288882 insns=33151656275 l2_hit=16469631334 l2_miss=576944 iters=5296622 sec=15.00
thread  0  core 136  1.89 GB/s  (15.076 s)
thread  1  core 137  1.89 GB/s  (15.070 s)
thread  2  core 138  1.88 GB/s  (15.002 s)
thread  3  core 139  1.88 GB/s  (15.013 s)
thread  4  core 140  1.88 GB/s  (15.030 s)
thread  5  core 141  1.88 GB/s  (15.028 s)
thread  6  core 142  1.88 GB/s  (15.028 s)
thread  7  core 143  1.87 GB/s  (15.039 s)
thread  8  core 224  3.28 GB/s  (15.049 s)
thread  9  core 225  3.28 GB/s  (15.045 s)
thread 10  core 226  3.28 GB/s  (15.074 s)
---
aggregate: 24.82 GB/s  (11 threads, mode=wc_ntdqa)
RESULT mode=wc_ntdqa threads=11 bw_gbps=24.821 throttle=0
=== CORUN_RC profile=l2hot placement=B_diff_ccd_same_socket run=1 mode=wc_ntdqa victim_rc=0 aggressor_rc=0 ===
=== CORUN profile=l2hot placement=B_diff_ccd_same_socket run=1 mode=wb_load threads=8 vcore=128 vnode=1 cores=136,137,138,139,140,141,142,143 START ===
[victim] core=128 node=1 ws=64 KB duration=15 warmup=5 chase=0
[victim] warming up for 5 s …
[aggressor] mode=wb_load threads=8 bufsz=256MB/thread throttle=0 MBps
[victim] measuring for 15 s …
[aggressor] mapped 2048 MB CXL memory at 0x754ae1e00000
[aggressor] GO
[victim] interim: IPC=0.995  L2miss_rate=0.00%  iters=353903
[victim] interim: IPC=0.995  L2miss_rate=0.00%  iters=707413
[victim] interim: IPC=0.995  L2miss_rate=0.00%  iters=1061018
[victim] interim: IPC=0.995  L2miss_rate=0.00%  iters=1414619
[victim] interim: IPC=0.995  L2miss_rate=0.00%  iters=1768525
[victim] interim: IPC=0.995  L2miss_rate=0.00%  iters=2121191
[victim] interim: IPC=0.995  L2miss_rate=0.00%  iters=2475102
[victim] interim: IPC=0.995  L2miss_rate=0.00%  iters=2828526
[victim] interim: IPC=0.995  L2miss_rate=0.00%  iters=3182158
[victim] interim: IPC=0.995  L2miss_rate=0.00%  iters=3535575
[victim] interim: IPC=0.995  L2miss_rate=0.00%  iters=3889232
[victim] interim: IPC=0.995  L2miss_rate=0.00%  iters=4243120
[victim] interim: IPC=0.995  L2miss_rate=0.00%  iters=4596989
[victim] interim: IPC=0.995  L2miss_rate=0.00%  iters=4950226
[victim] DONE: IPC=0.9949  L2_miss=0.00%
VICTIM core=128 ipc=0.9949 l2_miss_rate=0.00 cycles=33366994728 insns=33196765450 l2_hit=16489817994 l2_miss=551372 iters=5303829 sec=15.00
thread  0  core 136  3.11 GB/s  (15.034 s)
thread  1  core 137  3.11 GB/s  (15.033 s)
thread  2  core 138  3.16 GB/s  (15.018 s)
thread  3  core 139  3.18 GB/s  (15.043 s)
thread  4  core 140  3.09 GB/s  (15.018 s)
thread  5  core 141  3.09 GB/s  (15.037 s)
thread  6  core 142  3.09 GB/s  (15.021 s)
thread  7  core 143  3.09 GB/s  (15.040 s)
---
aggregate: 24.89 GB/s  (8 threads, mode=wb_load)
RESULT mode=wb_load threads=8 bw_gbps=24.894 throttle=0
=== CORUN_RC profile=l2hot placement=B_diff_ccd_same_socket run=1 mode=wb_load victim_rc=0 aggressor_rc=0 ===
=== BLOCK_END profile=l2hot placement=B_diff_ccd_same_socket run=1 ===
=== BLOCK_START profile=l2hot placement=B_diff_ccd_same_socket run=2 note=iso-BW ===
=== BASELINE profile=l2hot placement=B_diff_ccd_same_socket run=2 vcore=128 vnode=1 START ===
[victim] core=128 node=1 ws=64 KB duration=15 warmup=5 chase=0
[victim] warming up for 5 s …
[victim] measuring for 15 s …
[victim] interim: IPC=0.996  L2miss_rate=0.00%  iters=354817
[victim] interim: IPC=0.996  L2miss_rate=0.00%  iters=709786
[victim] interim: IPC=0.996  L2miss_rate=0.00%  iters=1063740
[victim] interim: IPC=0.996  L2miss_rate=0.00%  iters=1418845
[victim] interim: IPC=0.996  L2miss_rate=0.00%  iters=1773931
[victim] interim: IPC=0.996  L2miss_rate=0.00%  iters=2128934
[victim] interim: IPC=0.996  L2miss_rate=0.00%  iters=2483645
[victim] interim: IPC=0.996  L2miss_rate=0.00%  iters=2838642
[victim] interim: IPC=0.996  L2miss_rate=0.00%  iters=3193725
[victim] interim: IPC=0.996  L2miss_rate=0.00%  iters=3548934
[victim] interim: IPC=0.996  L2miss_rate=0.00%  iters=3903887
[victim] interim: IPC=0.996  L2miss_rate=0.00%  iters=4258933
[victim] interim: IPC=0.996  L2miss_rate=0.00%  iters=4613965
[victim] interim: IPC=0.996  L2miss_rate=0.00%  iters=4968045
[victim] DONE: IPC=0.9963  L2_miss=0.00%
VICTIM core=128 ipc=0.9963 l2_miss_rate=0.00 cycles=33439069114 insns=33315767832 l2_hit=16538323520 l2_miss=624331 iters=5322842 sec=15.00
=== BASELINE_RC profile=l2hot placement=B_diff_ccd_same_socket run=2 rc=0 ===
--- wb_t=8 wc_t=11 mode_order=wb_load wc_ntdqa ---
=== CORUN profile=l2hot placement=B_diff_ccd_same_socket run=2 mode=wb_load threads=8 vcore=128 vnode=1 cores=136,137,138,139,140,141,142,143 START ===
[victim] core=128 node=1 ws=64 KB duration=15 warmup=5 chase=0
[victim] warming up for 5 s …
[aggressor] mode=wb_load threads=8 bufsz=256MB/thread throttle=0 MBps
[victim] measuring for 15 s …
[aggressor] mapped 2048 MB CXL memory at 0x7568d0400000
[aggressor] GO
[victim] interim: IPC=0.996  L2miss_rate=0.00%  iters=354295
[victim] interim: IPC=0.996  L2miss_rate=0.00%  iters=707622
[victim] interim: IPC=0.996  L2miss_rate=0.00%  iters=1061264
[victim] interim: IPC=0.996  L2miss_rate=0.00%  iters=1415515
[victim] interim: IPC=0.996  L2miss_rate=0.00%  iters=1769539
[victim] interim: IPC=0.996  L2miss_rate=0.00%  iters=2123422
[victim] interim: IPC=0.996  L2miss_rate=0.00%  iters=2477717
[victim] interim: IPC=0.996  L2miss_rate=0.00%  iters=2832029
[victim] interim: IPC=0.996  L2miss_rate=0.00%  iters=3186176
[victim] interim: IPC=0.996  L2miss_rate=0.00%  iters=3540455
[victim] interim: IPC=0.996  L2miss_rate=0.00%  iters=3894412
[victim] interim: IPC=0.996  L2miss_rate=0.00%  iters=4248070
[victim] interim: IPC=0.996  L2miss_rate=0.00%  iters=4602127
[victim] interim: IPC=0.996  L2miss_rate=0.00%  iters=4956535
[victim] DONE: IPC=0.9965  L2_miss=0.00%
VICTIM core=128 ipc=0.9965 l2_miss_rate=0.00 cycles=33357947074 insns=33240065375 l2_hit=16494831654 l2_miss=543921 iters=5310747 sec=15.00
thread  0  core 136  3.10 GB/s  (15.053 s)
thread  1  core 137  3.11 GB/s  (15.020 s)
thread  2  core 138  3.17 GB/s  (15.007 s)
thread  3  core 139  3.17 GB/s  (15.052 s)
thread  4  core 140  3.09 GB/s  (15.026 s)
thread  5  core 141  3.09 GB/s  (15.039 s)
thread  6  core 142  3.09 GB/s  (15.029 s)
thread  7  core 143  3.09 GB/s  (15.048 s)
---
aggregate: 24.88 GB/s  (8 threads, mode=wb_load)
RESULT mode=wb_load threads=8 bw_gbps=24.877 throttle=0
=== CORUN_RC profile=l2hot placement=B_diff_ccd_same_socket run=2 mode=wb_load victim_rc=0 aggressor_rc=0 ===
=== CORUN profile=l2hot placement=B_diff_ccd_same_socket run=2 mode=wc_ntdqa threads=11 vcore=128 vnode=1 cores=136,137,138,139,140,141,142,143,224,225,226 START ===
[victim] core=128 node=1 ws=64 KB duration=15 warmup=5 chase=0
[victim] warming up for 5 s …
[aggressor] mode=wc_ntdqa threads=11 bufsz=256MB/thread throttle=0 MBps
[aggressor] mapped 2816 MB CXL memory at 0x72e515c00000
[victim] measuring for 15 s …
[aggressor] GO
[victim] interim: IPC=0.994  L2miss_rate=0.00%  iters=353914
[victim] interim: IPC=0.994  L2miss_rate=0.00%  iters=707407
[victim] interim: IPC=0.994  L2miss_rate=0.00%  iters=1061198
[victim] interim: IPC=0.994  L2miss_rate=0.00%  iters=1414816
[victim] interim: IPC=0.994  L2miss_rate=0.00%  iters=1768618
[victim] interim: IPC=0.994  L2miss_rate=0.00%  iters=2122181
[victim] interim: IPC=0.994  L2miss_rate=0.00%  iters=2475805
[victim] interim: IPC=0.994  L2miss_rate=0.00%  iters=2829172
[victim] interim: IPC=0.994  L2miss_rate=0.00%  iters=3182960
[victim] interim: IPC=0.994  L2miss_rate=0.00%  iters=3535545
[victim] interim: IPC=0.994  L2miss_rate=0.00%  iters=3889132
[victim] interim: IPC=0.994  L2miss_rate=0.00%  iters=4242609
[victim] interim: IPC=0.994  L2miss_rate=0.00%  iters=4596403
[victim] interim: IPC=0.994  L2miss_rate=0.00%  iters=4950029
[victim] DONE: IPC=0.9943  L2_miss=0.00%
VICTIM core=128 ipc=0.9943 l2_miss_rate=0.00 cycles=33386956895 insns=33196684286 l2_hit=16483577482 l2_miss=586187 iters=5303816 sec=15.00
thread  0  core 136  1.89 GB/s  (15.076 s)
thread  1  core 137  1.89 GB/s  (15.076 s)
thread  2  core 138  1.88 GB/s  (15.008 s)
thread  3  core 139  1.88 GB/s  (15.019 s)
thread  4  core 140  1.88 GB/s  (15.031 s)
thread  5  core 141  1.87 GB/s  (15.033 s)
thread  6  core 142  1.88 GB/s  (15.031 s)
thread  7  core 143  1.87 GB/s  (15.038 s)
thread  8  core 224  3.28 GB/s  (15.039 s)
thread  9  core 225  3.29 GB/s  (15.035 s)
thread 10  core 226  3.28 GB/s  (15.058 s)
---
aggregate: 24.82 GB/s  (11 threads, mode=wc_ntdqa)
RESULT mode=wc_ntdqa threads=11 bw_gbps=24.821 throttle=0
=== CORUN_RC profile=l2hot placement=B_diff_ccd_same_socket run=2 mode=wc_ntdqa victim_rc=0 aggressor_rc=0 ===
=== BLOCK_END profile=l2hot placement=B_diff_ccd_same_socket run=2 ===
=== BLOCK_START profile=l2hot placement=B_diff_ccd_same_socket run=3 note=iso-BW ===
=== BASELINE profile=l2hot placement=B_diff_ccd_same_socket run=3 vcore=128 vnode=1 START ===
[victim] core=128 node=1 ws=64 KB duration=15 warmup=5 chase=0
[victim] warming up for 5 s …
[victim] measuring for 15 s …
[victim] interim: IPC=0.996  L2miss_rate=0.00%  iters=355098
[victim] interim: IPC=0.996  L2miss_rate=0.00%  iters=710226
[victim] interim: IPC=0.996  L2miss_rate=0.00%  iters=1065315
[victim] interim: IPC=0.996  L2miss_rate=0.00%  iters=1420352
[victim] interim: IPC=0.996  L2miss_rate=0.00%  iters=1775499
[victim] interim: IPC=0.996  L2miss_rate=0.00%  iters=2130761
[victim] interim: IPC=0.996  L2miss_rate=0.00%  iters=2485610
[victim] interim: IPC=0.996  L2miss_rate=0.00%  iters=2839934
[victim] interim: IPC=0.996  L2miss_rate=0.00%  iters=3195032
[victim] interim: IPC=0.996  L2miss_rate=0.00%  iters=3550034
[victim] interim: IPC=0.996  L2miss_rate=0.00%  iters=3905095
[victim] interim: IPC=0.996  L2miss_rate=0.00%  iters=4260269
[victim] interim: IPC=0.996  L2miss_rate=0.00%  iters=4615395
[victim] interim: IPC=0.996  L2miss_rate=0.00%  iters=4970751
[victim] DONE: IPC=0.9964  L2_miss=0.00%
VICTIM core=128 ipc=0.9964 l2_miss_rate=0.00 cycles=33456703922 insns=33335596606 l2_hit=16551357117 l2_miss=574685 iters=5326010 sec=15.00
=== BASELINE_RC profile=l2hot placement=B_diff_ccd_same_socket run=3 rc=0 ===
--- wb_t=8 wc_t=11 mode_order=wb_load wc_ntdqa ---
=== CORUN profile=l2hot placement=B_diff_ccd_same_socket run=3 mode=wb_load threads=8 vcore=128 vnode=1 cores=136,137,138,139,140,141,142,143 START ===
[victim] core=128 node=1 ws=64 KB duration=15 warmup=5 chase=0
[victim] warming up for 5 s …
[aggressor] mode=wb_load threads=8 bufsz=256MB/thread throttle=0 MBps
[victim] measuring for 15 s …
[aggressor] mapped 2048 MB CXL memory at 0x7d1d98600000
[aggressor] GO
[victim] interim: IPC=0.997  L2miss_rate=0.00%  iters=354536
[victim] interim: IPC=0.996  L2miss_rate=0.00%  iters=708765
[victim] interim: IPC=0.996  L2miss_rate=0.00%  iters=1062897
[victim] interim: IPC=0.996  L2miss_rate=0.00%  iters=1417226
[victim] interim: IPC=0.996  L2miss_rate=0.00%  iters=1771320
[victim] interim: IPC=0.996  L2miss_rate=0.00%  iters=2124519
[victim] interim: IPC=0.996  L2miss_rate=0.00%  iters=2478817
[victim] interim: IPC=0.996  L2miss_rate=0.00%  iters=2832947
[victim] interim: IPC=0.996  L2miss_rate=0.00%  iters=3187335
[victim] interim: IPC=0.996  L2miss_rate=0.00%  iters=3541671
[victim] interim: IPC=0.996  L2miss_rate=0.00%  iters=3895961
[victim] interim: IPC=0.996  L2miss_rate=0.00%  iters=4250184
[victim] interim: IPC=0.996  L2miss_rate=0.00%  iters=4604710
[victim] interim: IPC=0.996  L2miss_rate=0.00%  iters=4958790
[victim] DONE: IPC=0.9964  L2_miss=0.00%
VICTIM core=128 ipc=0.9964 l2_miss_rate=0.00 cycles=33372548933 insns=33253953842 l2_hit=16501612835 l2_miss=552423 iters=5312966 sec=15.00
thread  0  core 136  3.09 GB/s  (15.005 s)
thread  1  core 137  3.12 GB/s  (15.048 s)
thread  2  core 138  3.18 GB/s  (15.045 s)
thread  3  core 139  3.17 GB/s  (15.051 s)
thread  4  core 140  3.09 GB/s  (15.016 s)
thread  5  core 141  3.09 GB/s  (15.032 s)
thread  6  core 142  3.09 GB/s  (15.016 s)
thread  7  core 143  3.09 GB/s  (15.042 s)
---
aggregate: 24.90 GB/s  (8 threads, mode=wb_load)
RESULT mode=wb_load threads=8 bw_gbps=24.899 throttle=0
=== CORUN_RC profile=l2hot placement=B_diff_ccd_same_socket run=3 mode=wb_load victim_rc=0 aggressor_rc=0 ===
=== CORUN profile=l2hot placement=B_diff_ccd_same_socket run=3 mode=wc_ntdqa threads=11 vcore=128 vnode=1 cores=136,137,138,139,140,141,142,143,224,225,226 START ===
[victim] core=128 node=1 ws=64 KB duration=15 warmup=5 chase=0
[victim] warming up for 5 s …
[aggressor] mode=wc_ntdqa threads=11 bufsz=256MB/thread throttle=0 MBps
[aggressor] mapped 2816 MB CXL memory at 0x769fdcc00000
[victim] measuring for 15 s …
[aggressor] GO
[victim] interim: IPC=0.997  L2miss_rate=0.00%  iters=354460
[victim] interim: IPC=0.996  L2miss_rate=0.00%  iters=708950
[victim] interim: IPC=0.996  L2miss_rate=0.00%  iters=1063425
[victim] interim: IPC=0.996  L2miss_rate=0.00%  iters=1417947
[victim] interim: IPC=0.996  L2miss_rate=0.00%  iters=1772390
[victim] interim: IPC=0.996  L2miss_rate=0.00%  iters=2126815
[victim] interim: IPC=0.996  L2miss_rate=0.00%  iters=2481199
[victim] interim: IPC=0.996  L2miss_rate=0.00%  iters=2835742
[victim] interim: IPC=0.996  L2miss_rate=0.00%  iters=3190149
[victim] interim: IPC=0.996  L2miss_rate=0.00%  iters=3544713
[victim] interim: IPC=0.996  L2miss_rate=0.00%  iters=3899084
[victim] interim: IPC=0.996  L2miss_rate=0.00%  iters=4253626
[victim] interim: IPC=0.996  L2miss_rate=0.00%  iters=4608039
[victim] interim: IPC=0.996  L2miss_rate=0.00%  iters=4962558
[victim] DONE: IPC=0.9964  L2_miss=0.00%
VICTIM core=128 ipc=0.9964 l2_miss_rate=0.00 cycles=33399410309 insns=33278940194 l2_hit=16519713614 l2_miss=571569 iters=5316958 sec=15.00
thread  0  core 136  1.89 GB/s  (15.073 s)
thread  1  core 137  1.89 GB/s  (15.071 s)
thread  2  core 138  1.89 GB/s  (15.074 s)
thread  3  core 139  1.88 GB/s  (15.003 s)
thread  4  core 140  1.88 GB/s  (15.021 s)
thread  5  core 141  1.88 GB/s  (15.024 s)
thread  6  core 142  1.88 GB/s  (15.023 s)
thread  7  core 143  1.87 GB/s  (15.035 s)
thread  8  core 224  3.29 GB/s  (15.032 s)
thread  9  core 225  3.29 GB/s  (15.034 s)
thread 10  core 226  3.28 GB/s  (15.061 s)
---
aggregate: 24.84 GB/s  (11 threads, mode=wc_ntdqa)
RESULT mode=wc_ntdqa threads=11 bw_gbps=24.842 throttle=0
=== CORUN_RC profile=l2hot placement=B_diff_ccd_same_socket run=3 mode=wc_ntdqa victim_rc=0 aggressor_rc=0 ===
=== BLOCK_END profile=l2hot placement=B_diff_ccd_same_socket run=3 ===
=== BLOCK_START profile=l2hot placement=B_diff_ccd_same_socket run=4 note=iso-BW ===
=== BASELINE profile=l2hot placement=B_diff_ccd_same_socket run=4 vcore=128 vnode=1 START ===
[victim] core=128 node=1 ws=64 KB duration=15 warmup=5 chase=0
[victim] warming up for 5 s …
[victim] measuring for 15 s …
[victim] interim: IPC=0.996  L2miss_rate=0.00%  iters=354803
[victim] interim: IPC=0.996  L2miss_rate=0.00%  iters=708770
[victim] interim: IPC=0.996  L2miss_rate=0.00%  iters=1063572
[victim] interim: IPC=0.996  L2miss_rate=0.00%  iters=1418582
[victim] interim: IPC=0.996  L2miss_rate=0.00%  iters=1773346
[victim] interim: IPC=0.996  L2miss_rate=0.00%  iters=2128129
[victim] interim: IPC=0.996  L2miss_rate=0.00%  iters=2482936
[victim] interim: IPC=0.996  L2miss_rate=0.00%  iters=2837936
[victim] interim: IPC=0.996  L2miss_rate=0.00%  iters=3192831
[victim] interim: IPC=0.996  L2miss_rate=0.00%  iters=3547751
[victim] interim: IPC=0.996  L2miss_rate=0.00%  iters=3902579
[victim] interim: IPC=0.996  L2miss_rate=0.00%  iters=4256692
[victim] interim: IPC=0.996  L2miss_rate=0.00%  iters=4611302
[victim] interim: IPC=0.996  L2miss_rate=0.00%  iters=4966129
[victim] DONE: IPC=0.9956  L2_miss=0.00%
VICTIM core=128 ipc=0.9956 l2_miss_rate=0.00 cycles=33450405263 insns=33304451923 l2_hit=16537610931 l2_miss=640449 iters=5321034 sec=15.00
=== BASELINE_RC profile=l2hot placement=B_diff_ccd_same_socket run=4 rc=0 ===
--- wb_t=8 wc_t=11 mode_order=wb_load wc_ntdqa ---
=== CORUN profile=l2hot placement=B_diff_ccd_same_socket run=4 mode=wb_load threads=8 vcore=128 vnode=1 cores=136,137,138,139,140,141,142,143 START ===
[victim] core=128 node=1 ws=64 KB duration=15 warmup=5 chase=0
[victim] warming up for 5 s …
[aggressor] mode=wb_load threads=8 bufsz=256MB/thread throttle=0 MBps
[victim] measuring for 15 s …
[aggressor] mapped 2048 MB CXL memory at 0x75296ce00000
[aggressor] GO
[victim] interim: IPC=0.995  L2miss_rate=0.00%  iters=355041
[victim] interim: IPC=0.995  L2miss_rate=0.00%  iters=708954
[victim] interim: IPC=0.995  L2miss_rate=0.00%  iters=1062926
[victim] interim: IPC=0.995  L2miss_rate=0.00%  iters=1416703
[victim] interim: IPC=0.995  L2miss_rate=0.00%  iters=1770732
[victim] interim: IPC=0.995  L2miss_rate=0.00%  iters=2124809
[victim] interim: IPC=0.995  L2miss_rate=0.00%  iters=2478892
[victim] interim: IPC=0.995  L2miss_rate=0.00%  iters=2832963
[victim] interim: IPC=0.995  L2miss_rate=0.00%  iters=3186940
[victim] interim: IPC=0.995  L2miss_rate=0.00%  iters=3539702
[victim] interim: IPC=0.995  L2miss_rate=0.00%  iters=3893595
[victim] interim: IPC=0.995  L2miss_rate=0.00%  iters=4247438
[victim] interim: IPC=0.995  L2miss_rate=0.00%  iters=4601607
[victim] interim: IPC=0.995  L2miss_rate=0.00%  iters=4955753
[victim] DONE: IPC=0.9954  L2_miss=0.00%
VICTIM core=128 ipc=0.9954 l2_miss_rate=0.00 cycles=33384225651 insns=33232304231 l2_hit=16498379924 l2_miss=552051 iters=5309507 sec=15.00
thread  0  core 136  3.10 GB/s  (15.048 s)
thread  1  core 137  3.11 GB/s  (15.043 s)
thread  2  core 138  3.16 GB/s  (15.028 s)
thread  3  core 139  3.17 GB/s  (15.004 s)
thread  4  core 140  3.09 GB/s  (15.037 s)
thread  5  core 141  3.09 GB/s  (15.049 s)
thread  6  core 142  3.09 GB/s  (15.034 s)
thread  7  core 143  3.09 GB/s  (15.051 s)
---
aggregate: 24.86 GB/s  (8 threads, mode=wb_load)
RESULT mode=wb_load threads=8 bw_gbps=24.861 throttle=0
=== CORUN_RC profile=l2hot placement=B_diff_ccd_same_socket run=4 mode=wb_load victim_rc=0 aggressor_rc=0 ===
=== CORUN profile=l2hot placement=B_diff_ccd_same_socket run=4 mode=wc_ntdqa threads=11 vcore=128 vnode=1 cores=136,137,138,139,140,141,142,143,224,225,226 START ===
[victim] core=128 node=1 ws=64 KB duration=15 warmup=5 chase=0
[victim] warming up for 5 s …
[aggressor] mode=wc_ntdqa threads=11 bufsz=256MB/thread throttle=0 MBps
[aggressor] mapped 2816 MB CXL memory at 0x791ad5800000
[victim] measuring for 15 s …
[aggressor] GO
[victim] interim: IPC=0.996  L2miss_rate=0.00%  iters=354248
[victim] interim: IPC=0.996  L2miss_rate=0.00%  iters=708316
[victim] interim: IPC=0.996  L2miss_rate=0.00%  iters=1062355
[victim] interim: IPC=0.996  L2miss_rate=0.00%  iters=1416477
[victim] interim: IPC=0.996  L2miss_rate=0.00%  iters=1770693
[victim] interim: IPC=0.996  L2miss_rate=0.00%  iters=2125003
[victim] interim: IPC=0.996  L2miss_rate=0.00%  iters=2479038
[victim] interim: IPC=0.996  L2miss_rate=0.00%  iters=2832229
[victim] interim: IPC=0.996  L2miss_rate=0.00%  iters=3186351
[victim] interim: IPC=0.996  L2miss_rate=0.00%  iters=3540555
[victim] interim: IPC=0.996  L2miss_rate=0.00%  iters=3894722
[victim] interim: IPC=0.996  L2miss_rate=0.00%  iters=4248722
[victim] interim: IPC=0.996  L2miss_rate=0.00%  iters=4602802
[victim] interim: IPC=0.996  L2miss_rate=0.00%  iters=4956987
[victim] DONE: IPC=0.9956  L2_miss=0.00%
VICTIM core=128 ipc=0.9956 l2_miss_rate=0.00 cycles=33389856342 insns=33241906135 l2_hit=16501368765 l2_miss=611902 iters=5311041 sec=15.00
thread  0  core 136  1.88 GB/s  (15.024 s)
thread  1  core 137  1.88 GB/s  (15.013 s)
thread  2  core 138  1.88 GB/s  (15.027 s)
thread  3  core 139  1.87 GB/s  (15.035 s)
thread  4  core 140  1.87 GB/s  (15.044 s)
thread  5  core 141  1.87 GB/s  (15.043 s)
thread  6  core 142  1.87 GB/s  (15.050 s)
thread  7  core 143  1.87 GB/s  (15.055 s)
thread  8  core 224  3.28 GB/s  (15.051 s)
thread  9  core 225  3.28 GB/s  (15.047 s)
thread 10  core 226  3.28 GB/s  (15.074 s)
---
aggregate: 24.79 GB/s  (11 threads, mode=wc_ntdqa)
RESULT mode=wc_ntdqa threads=11 bw_gbps=24.789 throttle=0
=== CORUN_RC profile=l2hot placement=B_diff_ccd_same_socket run=4 mode=wc_ntdqa victim_rc=0 aggressor_rc=0 ===
=== BLOCK_END profile=l2hot placement=B_diff_ccd_same_socket run=4 ===
=== BLOCK_START profile=l2hot placement=B_diff_ccd_same_socket run=5 note=iso-BW ===
=== BASELINE profile=l2hot placement=B_diff_ccd_same_socket run=5 vcore=128 vnode=1 START ===
[victim] core=128 node=1 ws=64 KB duration=15 warmup=5 chase=0
[victim] warming up for 5 s …
[victim] measuring for 15 s …
[victim] interim: IPC=0.996  L2miss_rate=0.00%  iters=354150
[victim] interim: IPC=0.996  L2miss_rate=0.00%  iters=707994
[victim] interim: IPC=0.996  L2miss_rate=0.00%  iters=1062799
[victim] interim: IPC=0.996  L2miss_rate=0.00%  iters=1417616
[victim] interim: IPC=0.996  L2miss_rate=0.00%  iters=1772275
[victim] interim: IPC=0.996  L2miss_rate=0.00%  iters=2126286
[victim] interim: IPC=0.996  L2miss_rate=0.00%  iters=2480942
[victim] interim: IPC=0.996  L2miss_rate=0.00%  iters=2835782
[victim] interim: IPC=0.996  L2miss_rate=0.00%  iters=3190623
[victim] interim: IPC=0.996  L2miss_rate=0.00%  iters=3545332
[victim] interim: IPC=0.996  L2miss_rate=0.00%  iters=3900151
[victim] interim: IPC=0.996  L2miss_rate=0.00%  iters=4255019
[victim] interim: IPC=0.996  L2miss_rate=0.00%  iters=4609834
[victim] interim: IPC=0.996  L2miss_rate=0.00%  iters=4964873
[victim] DONE: IPC=0.9957  L2_miss=0.00%
VICTIM core=128 ipc=0.9957 l2_miss_rate=0.00 cycles=33439597738 insns=33295476229 l2_hit=16536817343 l2_miss=669536 iters=5319600 sec=15.00
=== BASELINE_RC profile=l2hot placement=B_diff_ccd_same_socket run=5 rc=0 ===
--- wb_t=8 wc_t=11 mode_order=wb_load wc_ntdqa ---
=== CORUN profile=l2hot placement=B_diff_ccd_same_socket run=5 mode=wb_load threads=8 vcore=128 vnode=1 cores=136,137,138,139,140,141,142,143 START ===
[victim] core=128 node=1 ws=64 KB duration=15 warmup=5 chase=0
[victim] warming up for 5 s …
[aggressor] mode=wb_load threads=8 bufsz=256MB/thread throttle=0 MBps
[victim] measuring for 15 s …
[aggressor] mapped 2048 MB CXL memory at 0x73fd56800000
[aggressor] GO
[victim] interim: IPC=0.996  L2miss_rate=0.00%  iters=355103
[victim] interim: IPC=0.996  L2miss_rate=0.00%  iters=709080
[victim] interim: IPC=0.996  L2miss_rate=0.00%  iters=1063036
[victim] interim: IPC=0.996  L2miss_rate=0.00%  iters=1416223
[victim] interim: IPC=0.996  L2miss_rate=0.00%  iters=1770180
[victim] interim: IPC=0.996  L2miss_rate=0.00%  iters=2124278
[victim] interim: IPC=0.996  L2miss_rate=0.00%  iters=2478311
[victim] interim: IPC=0.996  L2miss_rate=0.00%  iters=2832270
[victim] interim: IPC=0.996  L2miss_rate=0.00%  iters=3186111
[victim] interim: IPC=0.996  L2miss_rate=0.00%  iters=3540184
[victim] interim: IPC=0.996  L2miss_rate=0.00%  iters=3894206
[victim] interim: IPC=0.996  L2miss_rate=0.00%  iters=4248298
[victim] interim: IPC=0.996  L2miss_rate=0.00%  iters=4602092
[victim] interim: IPC=0.996  L2miss_rate=0.00%  iters=4955830
[victim] DONE: IPC=0.9955  L2_miss=0.00%
VICTIM core=128 ipc=0.9955 l2_miss_rate=0.00 cycles=33377933544 insns=33228781200 l2_hit=16494022762 l2_miss=572425 iters=5308944 sec=15.00
thread  0  core 136  3.10 GB/s  (15.047 s)
thread  1  core 137  3.11 GB/s  (15.017 s)
thread  2  core 138  3.17 GB/s  (15.053 s)
thread  3  core 139  3.17 GB/s  (15.051 s)
thread  4  core 140  3.09 GB/s  (15.025 s)
thread  5  core 141  3.09 GB/s  (15.038 s)
thread  6  core 142  3.09 GB/s  (15.021 s)
thread  7  core 143  3.09 GB/s  (15.048 s)
---
aggregate: 24.89 GB/s  (8 threads, mode=wb_load)
RESULT mode=wb_load threads=8 bw_gbps=24.894 throttle=0
=== CORUN_RC profile=l2hot placement=B_diff_ccd_same_socket run=5 mode=wb_load victim_rc=0 aggressor_rc=0 ===
=== CORUN profile=l2hot placement=B_diff_ccd_same_socket run=5 mode=wc_ntdqa threads=11 vcore=128 vnode=1 cores=136,137,138,139,140,141,142,143,224,225,226 START ===
[victim] core=128 node=1 ws=64 KB duration=15 warmup=5 chase=0
[victim] warming up for 5 s …
[aggressor] mode=wc_ntdqa threads=11 bufsz=256MB/thread throttle=0 MBps
[aggressor] mapped 2816 MB CXL memory at 0x7b5b96000000
[victim] measuring for 15 s …
[aggressor] GO
[victim] interim: IPC=0.995  L2miss_rate=0.00%  iters=354093
[victim] interim: IPC=0.996  L2miss_rate=0.00%  iters=707224
[victim] interim: IPC=0.995  L2miss_rate=0.00%  iters=1061092
[victim] interim: IPC=0.995  L2miss_rate=0.00%  iters=1415072
[victim] interim: IPC=0.995  L2miss_rate=0.00%  iters=1769153
[victim] interim: IPC=0.995  L2miss_rate=0.00%  iters=2122953
[victim] interim: IPC=0.995  L2miss_rate=0.00%  iters=2477053
[victim] interim: IPC=0.995  L2miss_rate=0.00%  iters=2831260
[victim] interim: IPC=0.995  L2miss_rate=0.00%  iters=3185430
[victim] interim: IPC=0.995  L2miss_rate=0.00%  iters=3539436
[victim] interim: IPC=0.995  L2miss_rate=0.00%  iters=3893450
[victim] interim: IPC=0.995  L2miss_rate=0.00%  iters=4246545
[victim] interim: IPC=0.995  L2miss_rate=0.00%  iters=4600625
[victim] interim: IPC=0.995  L2miss_rate=0.00%  iters=4954677
[victim] DONE: IPC=0.9954  L2_miss=0.00%
VICTIM core=128 ipc=0.9954 l2_miss_rate=0.00 cycles=33380292100 insns=33228010362 l2_hit=16499298186 l2_miss=625317 iters=5308821 sec=15.00
thread  0  core 136  1.88 GB/s  (15.013 s)
thread  1  core 137  1.89 GB/s  (15.081 s)
thread  2  core 138  1.88 GB/s  (15.020 s)
thread  3  core 139  1.88 GB/s  (15.028 s)
thread  4  core 140  1.87 GB/s  (15.040 s)
thread  5  core 141  1.87 GB/s  (15.041 s)
thread  6  core 142  1.87 GB/s  (15.043 s)
thread  7  core 143  1.87 GB/s  (15.047 s)
thread  8  core 224  3.28 GB/s  (15.045 s)
thread  9  core 225  3.28 GB/s  (15.037 s)
thread 10  core 226  3.28 GB/s  (15.063 s)
---
aggregate: 24.79 GB/s  (11 threads, mode=wc_ntdqa)
RESULT mode=wc_ntdqa threads=11 bw_gbps=24.794 throttle=0
=== CORUN_RC profile=l2hot placement=B_diff_ccd_same_socket run=5 mode=wc_ntdqa victim_rc=0 aggressor_rc=0 ===
=== BLOCK_END profile=l2hot placement=B_diff_ccd_same_socket run=5 ===
=== BLOCK_START profile=l2hot placement=C_diff_socket run=1 note=iso-BW ===
=== BASELINE profile=l2hot placement=C_diff_socket run=1 vcore=0 vnode=0 START ===
[victim] core=0 node=0 ws=64 KB duration=15 warmup=5 chase=0
[victim] warming up for 5 s …
[victim] measuring for 15 s …
[victim] interim: IPC=0.996  L2miss_rate=0.00%  iters=355141
[victim] interim: IPC=0.996  L2miss_rate=0.00%  iters=710074
[victim] interim: IPC=0.996  L2miss_rate=0.00%  iters=1065078
[victim] interim: IPC=0.996  L2miss_rate=0.00%  iters=1419912
[victim] interim: IPC=0.996  L2miss_rate=0.00%  iters=1775060
[victim] interim: IPC=0.996  L2miss_rate=0.00%  iters=2129986
[victim] interim: IPC=0.996  L2miss_rate=0.00%  iters=2485033
[victim] interim: IPC=0.996  L2miss_rate=0.00%  iters=2840019
[victim] interim: IPC=0.996  L2miss_rate=0.00%  iters=3195110
[victim] interim: IPC=0.996  L2miss_rate=0.00%  iters=3549205
[victim] interim: IPC=0.996  L2miss_rate=0.00%  iters=3904259
[victim] interim: IPC=0.996  L2miss_rate=0.00%  iters=4258864
[victim] interim: IPC=0.996  L2miss_rate=0.00%  iters=4613185
[victim] interim: IPC=0.996  L2miss_rate=0.00%  iters=4967999
[victim] DONE: IPC=0.9956  L2_miss=0.00%
VICTIM core=0 ipc=0.9956 l2_miss_rate=0.00 cycles=33461632103 insns=33315937217 l2_hit=16543099051 l2_miss=616673 iters=5322869 sec=15.00
=== BASELINE_RC profile=l2hot placement=C_diff_socket run=1 rc=0 ===
--- wb_t=8 wc_t=11 mode_order=wb_load wc_ntdqa ---
=== CORUN profile=l2hot placement=C_diff_socket run=1 mode=wb_load threads=8 vcore=0 vnode=0 cores=136,137,138,139,140,141,142,143 START ===
[victim] core=0 node=0 ws=64 KB duration=15 warmup=5 chase=0
[victim] warming up for 5 s …
[aggressor] mode=wb_load threads=8 bufsz=256MB/thread throttle=0 MBps
[victim] measuring for 15 s …
[aggressor] mapped 2048 MB CXL memory at 0x7ab05c000000
[aggressor] GO
[victim] interim: IPC=0.997  L2miss_rate=0.00%  iters=354773
[victim] interim: IPC=0.997  L2miss_rate=0.00%  iters=709692
[victim] interim: IPC=0.997  L2miss_rate=0.00%  iters=1064477
[victim] interim: IPC=0.997  L2miss_rate=0.00%  iters=1419352
[victim] interim: IPC=0.997  L2miss_rate=0.00%  iters=1774210
[victim] interim: IPC=0.997  L2miss_rate=0.00%  iters=2129165
[victim] interim: IPC=0.997  L2miss_rate=0.00%  iters=2484019
[victim] interim: IPC=0.997  L2miss_rate=0.00%  iters=2838051
[victim] interim: IPC=0.997  L2miss_rate=0.00%  iters=3192929
[victim] interim: IPC=0.997  L2miss_rate=0.00%  iters=3547863
[victim] interim: IPC=0.997  L2miss_rate=0.00%  iters=3902820
[victim] interim: IPC=0.997  L2miss_rate=0.00%  iters=4257546
[victim] interim: IPC=0.997  L2miss_rate=0.00%  iters=4612384
[victim] interim: IPC=0.997  L2miss_rate=0.00%  iters=4967296
[victim] DONE: IPC=0.9966  L2_miss=0.00%
VICTIM core=0 ipc=0.9966 l2_miss_rate=0.00 cycles=33426464075 insns=33311581551 l2_hit=16536080294 l2_miss=614017 iters=5322173 sec=15.00
thread  0  core 136  3.10 GB/s  (15.047 s)
thread  1  core 137  3.11 GB/s  (15.022 s)
thread  2  core 138  3.18 GB/s  (15.049 s)
thread  3  core 139  3.18 GB/s  (15.046 s)
thread  4  core 140  3.09 GB/s  (15.015 s)
thread  5  core 141  3.09 GB/s  (15.034 s)
thread  6  core 142  3.09 GB/s  (15.016 s)
thread  7  core 143  3.09 GB/s  (15.039 s)
---
aggregate: 24.90 GB/s  (8 threads, mode=wb_load)
RESULT mode=wb_load threads=8 bw_gbps=24.901 throttle=0
=== CORUN_RC profile=l2hot placement=C_diff_socket run=1 mode=wb_load victim_rc=0 aggressor_rc=0 ===
=== CORUN profile=l2hot placement=C_diff_socket run=1 mode=wc_ntdqa threads=11 vcore=0 vnode=0 cores=136,137,138,139,140,141,142,143,224,225,226 START ===
[victim] core=0 node=0 ws=64 KB duration=15 warmup=5 chase=0
[victim] warming up for 5 s …
[aggressor] mode=wc_ntdqa threads=11 bufsz=256MB/thread throttle=0 MBps
[aggressor] mapped 2816 MB CXL memory at 0x72c707600000
[victim] measuring for 15 s …
[aggressor] GO
[victim] interim: IPC=0.997  L2miss_rate=0.00%  iters=354609
[victim] interim: IPC=0.997  L2miss_rate=0.00%  iters=709322
[victim] interim: IPC=0.997  L2miss_rate=0.00%  iters=1063947
[victim] interim: IPC=0.997  L2miss_rate=0.00%  iters=1418826
[victim] interim: IPC=0.997  L2miss_rate=0.00%  iters=1773342
[victim] interim: IPC=0.997  L2miss_rate=0.00%  iters=2127382
[victim] interim: IPC=0.997  L2miss_rate=0.00%  iters=2481969
[victim] interim: IPC=0.997  L2miss_rate=0.00%  iters=2836859
[victim] interim: IPC=0.997  L2miss_rate=0.00%  iters=3191576
[victim] interim: IPC=0.997  L2miss_rate=0.00%  iters=3546300
[victim] interim: IPC=0.997  L2miss_rate=0.00%  iters=3901122
[victim] interim: IPC=0.997  L2miss_rate=0.00%  iters=4255970
[victim] interim: IPC=0.997  L2miss_rate=0.00%  iters=4610613
[victim] interim: IPC=0.997  L2miss_rate=0.00%  iters=4965405
[victim] DONE: IPC=0.9965  L2_miss=0.00%
VICTIM core=0 ipc=0.9965 l2_miss_rate=0.00 cycles=33415125404 insns=33298987545 l2_hit=16530000252 l2_miss=602329 iters=5320161 sec=15.00
thread  0  core 136  1.88 GB/s  (15.021 s)
thread  1  core 137  1.88 GB/s  (15.005 s)
thread  2  core 138  1.88 GB/s  (15.022 s)
thread  3  core 139  1.88 GB/s  (15.028 s)
thread  4  core 140  1.87 GB/s  (15.036 s)
thread  5  core 141  1.87 GB/s  (15.038 s)
thread  6  core 142  1.87 GB/s  (15.042 s)
thread  7  core 143  1.87 GB/s  (15.043 s)
thread  8  core 224  3.28 GB/s  (15.064 s)
thread  9  core 225  3.28 GB/s  (15.064 s)
thread 10  core 226  3.27 GB/s  (15.014 s)
---
aggregate: 24.79 GB/s  (11 threads, mode=wc_ntdqa)
RESULT mode=wc_ntdqa threads=11 bw_gbps=24.787 throttle=0
=== CORUN_RC profile=l2hot placement=C_diff_socket run=1 mode=wc_ntdqa victim_rc=0 aggressor_rc=0 ===
=== BLOCK_END profile=l2hot placement=C_diff_socket run=1 ===
=== BLOCK_START profile=l2hot placement=C_diff_socket run=2 note=iso-BW ===
=== BASELINE profile=l2hot placement=C_diff_socket run=2 vcore=0 vnode=0 START ===
[victim] core=0 node=0 ws=64 KB duration=15 warmup=5 chase=0
[victim] warming up for 5 s …
[victim] measuring for 15 s …
[victim] interim: IPC=0.996  L2miss_rate=0.00%  iters=355155
[victim] interim: IPC=0.996  L2miss_rate=0.00%  iters=710125
[victim] interim: IPC=0.996  L2miss_rate=0.00%  iters=1065161
[victim] interim: IPC=0.996  L2miss_rate=0.00%  iters=1419217
[victim] interim: IPC=0.996  L2miss_rate=0.00%  iters=1774180
[victim] interim: IPC=0.996  L2miss_rate=0.00%  iters=2129068
[victim] interim: IPC=0.996  L2miss_rate=0.00%  iters=2484046
[victim] interim: IPC=0.996  L2miss_rate=0.00%  iters=2838665
[victim] interim: IPC=0.996  L2miss_rate=0.00%  iters=3193622
[victim] interim: IPC=0.996  L2miss_rate=0.00%  iters=3548053
[victim] interim: IPC=0.996  L2miss_rate=0.00%  iters=3903135
[victim] interim: IPC=0.996  L2miss_rate=0.00%  iters=4257954
[victim] interim: IPC=0.996  L2miss_rate=0.00%  iters=4613091
[victim] interim: IPC=0.996  L2miss_rate=0.00%  iters=4967232
[victim] DONE: IPC=0.9957  L2_miss=0.00%
VICTIM core=0 ipc=0.9957 l2_miss_rate=0.00 cycles=33455979828 insns=33312169935 l2_hit=16545123866 l2_miss=614569 iters=5322267 sec=15.00
=== BASELINE_RC profile=l2hot placement=C_diff_socket run=2 rc=0 ===
--- wb_t=8 wc_t=11 mode_order=wb_load wc_ntdqa ---
=== CORUN profile=l2hot placement=C_diff_socket run=2 mode=wb_load threads=8 vcore=0 vnode=0 cores=136,137,138,139,140,141,142,143 START ===
[victim] core=0 node=0 ws=64 KB duration=15 warmup=5 chase=0
[victim] warming up for 5 s …
[aggressor] mode=wb_load threads=8 bufsz=256MB/thread throttle=0 MBps
[victim] measuring for 15 s …
[aggressor] mapped 2048 MB CXL memory at 0x774752000000
[aggressor] GO
[victim] interim: IPC=0.997  L2miss_rate=0.00%  iters=354758
[victim] interim: IPC=0.997  L2miss_rate=0.00%  iters=709581
[victim] interim: IPC=0.997  L2miss_rate=0.00%  iters=1063685
[victim] interim: IPC=0.997  L2miss_rate=0.00%  iters=1418470
[victim] interim: IPC=0.997  L2miss_rate=0.00%  iters=1773334
[victim] interim: IPC=0.997  L2miss_rate=0.00%  iters=2128158
[victim] interim: IPC=0.997  L2miss_rate=0.00%  iters=2483029
[victim] interim: IPC=0.997  L2miss_rate=0.00%  iters=2837856
[victim] interim: IPC=0.997  L2miss_rate=0.00%  iters=3192727
[victim] interim: IPC=0.997  L2miss_rate=0.00%  iters=3547667
[victim] interim: IPC=0.997  L2miss_rate=0.00%  iters=3902463
[victim] interim: IPC=0.997  L2miss_rate=0.00%  iters=4257375
[victim] interim: IPC=0.997  L2miss_rate=0.00%  iters=4611447
[victim] interim: IPC=0.997  L2miss_rate=0.00%  iters=4966218
[victim] DONE: IPC=0.9965  L2_miss=0.00%
VICTIM core=0 ipc=0.9965 l2_miss_rate=0.00 cycles=33419618403 insns=33304126145 l2_hit=16535670260 l2_miss=589688 iters=5320982 sec=15.00
thread  0  core 136  3.09 GB/s  (15.047 s)
thread  1  core 137  3.09 GB/s  (15.008 s)
thread  2  core 138  3.16 GB/s  (15.048 s)
thread  3  core 139  3.16 GB/s  (15.045 s)
thread  4  core 140  3.07 GB/s  (15.018 s)
thread  5  core 141  3.07 GB/s  (15.025 s)
thread  6  core 142  3.08 GB/s  (15.014 s)
thread  7  core 143  3.07 GB/s  (15.035 s)
---
aggregate: 24.76 GB/s  (8 threads, mode=wb_load)
RESULT mode=wb_load threads=8 bw_gbps=24.760 throttle=0
=== CORUN_RC profile=l2hot placement=C_diff_socket run=2 mode=wb_load victim_rc=0 aggressor_rc=0 ===
=== CORUN profile=l2hot placement=C_diff_socket run=2 mode=wc_ntdqa threads=11 vcore=0 vnode=0 cores=136,137,138,139,140,141,142,143,224,225,226 START ===
[victim] core=0 node=0 ws=64 KB duration=15 warmup=5 chase=0
[victim] warming up for 5 s …
[aggressor] mode=wc_ntdqa threads=11 bufsz=256MB/thread throttle=0 MBps
[aggressor] mapped 2816 MB CXL memory at 0x7222bbe00000
[victim] measuring for 15 s …
[aggressor] GO
[victim] interim: IPC=0.997  L2miss_rate=0.00%  iters=354547
[victim] interim: IPC=0.997  L2miss_rate=0.00%  iters=709356
[victim] interim: IPC=0.997  L2miss_rate=0.00%  iters=1064048
[victim] interim: IPC=0.997  L2miss_rate=0.00%  iters=1418878
[victim] interim: IPC=0.997  L2miss_rate=0.00%  iters=1773658
[victim] interim: IPC=0.997  L2miss_rate=0.00%  iters=2128283
[victim] interim: IPC=0.997  L2miss_rate=0.00%  iters=2482946
[victim] interim: IPC=0.997  L2miss_rate=0.00%  iters=2837774
[victim] interim: IPC=0.997  L2miss_rate=0.00%  iters=3192507
[victim] interim: IPC=0.997  L2miss_rate=0.00%  iters=3546632
[victim] interim: IPC=0.997  L2miss_rate=0.00%  iters=3901258
[victim] interim: IPC=0.997  L2miss_rate=0.00%  iters=4255939
[victim] interim: IPC=0.997  L2miss_rate=0.00%  iters=4610677
[victim] interim: IPC=0.997  L2miss_rate=0.00%  iters=4965556
[victim] DONE: IPC=0.9966  L2_miss=0.00%
VICTIM core=0 ipc=0.9966 l2_miss_rate=0.00 cycles=33414969142 insns=33299739108 l2_hit=16530217537 l2_miss=596344 iters=5320281 sec=15.00
thread  0  core 136  1.89 GB/s  (15.083 s)
thread  1  core 137  1.89 GB/s  (15.077 s)
thread  2  core 138  1.88 GB/s  (15.009 s)
thread  3  core 139  1.88 GB/s  (15.019 s)
thread  4  core 140  1.87 GB/s  (15.033 s)
thread  5  core 141  1.88 GB/s  (15.031 s)
thread  6  core 142  1.87 GB/s  (15.034 s)
thread  7  core 143  1.87 GB/s  (15.042 s)
thread  8  core 224  3.28 GB/s  (15.049 s)
thread  9  core 225  3.28 GB/s  (15.046 s)
thread 10  core 226  3.28 GB/s  (15.073 s)
---
aggregate: 24.81 GB/s  (11 threads, mode=wc_ntdqa)
RESULT mode=wc_ntdqa threads=11 bw_gbps=24.809 throttle=0
=== CORUN_RC profile=l2hot placement=C_diff_socket run=2 mode=wc_ntdqa victim_rc=0 aggressor_rc=0 ===
=== BLOCK_END profile=l2hot placement=C_diff_socket run=2 ===
=== BLOCK_START profile=l2hot placement=C_diff_socket run=3 note=iso-BW ===
=== BASELINE profile=l2hot placement=C_diff_socket run=3 vcore=0 vnode=0 START ===
[victim] core=0 node=0 ws=64 KB duration=15 warmup=5 chase=0
[victim] warming up for 5 s …
[victim] measuring for 15 s …
[victim] interim: IPC=0.997  L2miss_rate=0.00%  iters=355142
[victim] interim: IPC=0.997  L2miss_rate=0.00%  iters=710422
[victim] interim: IPC=0.997  L2miss_rate=0.00%  iters=1065569
[victim] interim: IPC=0.997  L2miss_rate=0.00%  iters=1420756
[victim] interim: IPC=0.997  L2miss_rate=0.00%  iters=1775996
[victim] interim: IPC=0.997  L2miss_rate=0.00%  iters=2131384
[victim] interim: IPC=0.997  L2miss_rate=0.00%  iters=2486669
[victim] interim: IPC=0.997  L2miss_rate=0.00%  iters=2841073
[victim] interim: IPC=0.997  L2miss_rate=0.00%  iters=3196304
[victim] interim: IPC=0.997  L2miss_rate=0.00%  iters=3551720
[victim] interim: IPC=0.997  L2miss_rate=0.00%  iters=3906968
[victim] interim: IPC=0.997  L2miss_rate=0.00%  iters=4262156
[victim] interim: IPC=0.997  L2miss_rate=0.00%  iters=4617446
[victim] interim: IPC=0.997  L2miss_rate=0.00%  iters=4972680
[victim] DONE: IPC=0.9965  L2_miss=0.00%
VICTIM core=0 ipc=0.9965 l2_miss_rate=0.00 cycles=33462788168 insns=33345661440 l2_hit=16555961365 l2_miss=604525 iters=5327618 sec=15.00
=== BASELINE_RC profile=l2hot placement=C_diff_socket run=3 rc=0 ===
--- wb_t=8 wc_t=11 mode_order=wb_load wc_ntdqa ---
=== CORUN profile=l2hot placement=C_diff_socket run=3 mode=wb_load threads=8 vcore=0 vnode=0 cores=136,137,138,139,140,141,142,143 START ===
[victim] core=0 node=0 ws=64 KB duration=15 warmup=5 chase=0
[victim] warming up for 5 s …
[aggressor] mode=wb_load threads=8 bufsz=256MB/thread throttle=0 MBps
[victim] measuring for 15 s …
[aggressor] mapped 2048 MB CXL memory at 0x7ef8ea000000
[aggressor] GO
[victim] interim: IPC=0.997  L2miss_rate=0.00%  iters=354886
[victim] interim: IPC=0.997  L2miss_rate=0.00%  iters=709727
[victim] interim: IPC=0.997  L2miss_rate=0.00%  iters=1064478
[victim] interim: IPC=0.997  L2miss_rate=0.00%  iters=1419333
[victim] interim: IPC=0.997  L2miss_rate=0.00%  iters=1774212
[victim] interim: IPC=0.997  L2miss_rate=0.00%  iters=2128915
[victim] interim: IPC=0.997  L2miss_rate=0.00%  iters=2482949
[victim] interim: IPC=0.997  L2miss_rate=0.00%  iters=2837737
[victim] interim: IPC=0.997  L2miss_rate=0.00%  iters=3192620
[victim] interim: IPC=0.997  L2miss_rate=0.00%  iters=3547341
[victim] interim: IPC=0.997  L2miss_rate=0.00%  iters=3902146
[victim] interim: IPC=0.997  L2miss_rate=0.00%  iters=4256992
[victim] interim: IPC=0.997  L2miss_rate=0.00%  iters=4611803
[victim] interim: IPC=0.997  L2miss_rate=0.00%  iters=4966541
[victim] DONE: IPC=0.9966  L2_miss=0.00%
VICTIM core=0 ipc=0.9966 l2_miss_rate=0.00 cycles=33422830278 insns=33307619454 l2_hit=16537317446 l2_miss=598946 iters=5321540 sec=15.00
thread  0  core 136  3.09 GB/s  (15.040 s)
thread  1  core 137  3.10 GB/s  (15.045 s)
thread  2  core 138  3.16 GB/s  (15.039 s)
thread  3  core 139  3.16 GB/s  (15.034 s)
thread  4  core 140  3.09 GB/s  (15.048 s)
thread  5  core 141  3.08 GB/s  (15.002 s)
thread  6  core 142  3.09 GB/s  (15.047 s)
thread  7  core 143  3.07 GB/s  (15.016 s)
---
aggregate: 24.81 GB/s  (8 threads, mode=wb_load)
RESULT mode=wb_load threads=8 bw_gbps=24.813 throttle=0
=== CORUN_RC profile=l2hot placement=C_diff_socket run=3 mode=wb_load victim_rc=0 aggressor_rc=0 ===
=== CORUN profile=l2hot placement=C_diff_socket run=3 mode=wc_ntdqa threads=11 vcore=0 vnode=0 cores=136,137,138,139,140,141,142,143,224,225,226 START ===
[victim] core=0 node=0 ws=64 KB duration=15 warmup=5 chase=0
[victim] warming up for 5 s …
[aggressor] mode=wc_ntdqa threads=11 bufsz=256MB/thread throttle=0 MBps
[aggressor] mapped 2816 MB CXL memory at 0x7bb49ae00000
[victim] measuring for 15 s …
[aggressor] GO
[victim] interim: IPC=0.996  L2miss_rate=0.00%  iters=354725
[victim] interim: IPC=0.996  L2miss_rate=0.00%  iters=709476
[victim] interim: IPC=0.996  L2miss_rate=0.00%  iters=1064180
[victim] interim: IPC=0.996  L2miss_rate=0.00%  iters=1418701
[victim] interim: IPC=0.996  L2miss_rate=0.00%  iters=1773525
[victim] interim: IPC=0.996  L2miss_rate=0.00%  iters=2128229
[victim] interim: IPC=0.996  L2miss_rate=0.00%  iters=2482900
[victim] interim: IPC=0.996  L2miss_rate=0.00%  iters=2837589
[victim] interim: IPC=0.996  L2miss_rate=0.00%  iters=3192353
[victim] interim: IPC=0.996  L2miss_rate=0.00%  iters=3547099
[victim] interim: IPC=0.996  L2miss_rate=0.00%  iters=3901869
[victim] interim: IPC=0.996  L2miss_rate=0.00%  iters=4256490
[victim] interim: IPC=0.996  L2miss_rate=0.00%  iters=4611374
[victim] interim: IPC=0.996  L2miss_rate=0.00%  iters=4966035
[victim] DONE: IPC=0.9963  L2_miss=0.00%
VICTIM core=0 ipc=0.9963 l2_miss_rate=0.00 cycles=33424846796 insns=33302561769 l2_hit=16534801325 l2_miss=608480 iters=5320732 sec=15.00
thread  0  core 136  1.88 GB/s  (15.009 s)
thread  1  core 137  1.89 GB/s  (15.076 s)
thread  2  core 138  1.88 GB/s  (15.014 s)
thread  3  core 139  1.88 GB/s  (15.022 s)
thread  4  core 140  1.88 GB/s  (15.030 s)
thread  5  core 141  1.88 GB/s  (15.032 s)
thread  6  core 142  1.87 GB/s  (15.034 s)
thread  7  core 143  1.87 GB/s  (15.041 s)
thread  8  core 224  3.28 GB/s  (15.061 s)
thread  9  core 225  3.28 GB/s  (15.053 s)
thread 10  core 226  3.27 GB/s  (15.008 s)
---
aggregate: 24.79 GB/s  (11 threads, mode=wc_ntdqa)
RESULT mode=wc_ntdqa threads=11 bw_gbps=24.786 throttle=0
=== CORUN_RC profile=l2hot placement=C_diff_socket run=3 mode=wc_ntdqa victim_rc=0 aggressor_rc=0 ===
=== BLOCK_END profile=l2hot placement=C_diff_socket run=3 ===
=== BLOCK_START profile=l2hot placement=C_diff_socket run=4 note=iso-BW ===
=== BASELINE profile=l2hot placement=C_diff_socket run=4 vcore=0 vnode=0 START ===
[victim] core=0 node=0 ws=64 KB duration=15 warmup=5 chase=0
[victim] warming up for 5 s …
[victim] measuring for 15 s …
[victim] interim: IPC=0.996  L2miss_rate=0.00%  iters=355045
[victim] interim: IPC=0.996  L2miss_rate=0.00%  iters=710086
[victim] interim: IPC=0.996  L2miss_rate=0.00%  iters=1064414
[victim] interim: IPC=0.996  L2miss_rate=0.00%  iters=1419245
[victim] interim: IPC=0.996  L2miss_rate=0.00%  iters=1774202
[victim] interim: IPC=0.996  L2miss_rate=0.00%  iters=2129177
[victim] interim: IPC=0.996  L2miss_rate=0.00%  iters=2483989
[victim] interim: IPC=0.996  L2miss_rate=0.00%  iters=2838937
[victim] interim: IPC=0.996  L2miss_rate=0.00%  iters=3193690
[victim] interim: IPC=0.996  L2miss_rate=0.00%  iters=3548584
[victim] interim: IPC=0.996  L2miss_rate=0.00%  iters=3903542
[victim] interim: IPC=0.996  L2miss_rate=0.00%  iters=4258471
[victim] interim: IPC=0.996  L2miss_rate=0.00%  iters=4612506
[victim] interim: IPC=0.996  L2miss_rate=0.00%  iters=4967433
[victim] DONE: IPC=0.9956  L2_miss=0.00%
VICTIM core=0 ipc=0.9956 l2_miss_rate=0.00 cycles=33457416311 insns=33311862540 l2_hit=16541246596 l2_miss=605364 iters=5322218 sec=15.00
=== BASELINE_RC profile=l2hot placement=C_diff_socket run=4 rc=0 ===
--- wb_t=8 wc_t=11 mode_order=wc_ntdqa wb_load ---
=== CORUN profile=l2hot placement=C_diff_socket run=4 mode=wc_ntdqa threads=11 vcore=0 vnode=0 cores=136,137,138,139,140,141,142,143,224,225,226 START ===
[victim] core=0 node=0 ws=64 KB duration=15 warmup=5 chase=0
[victim] warming up for 5 s …
[aggressor] mode=wc_ntdqa threads=11 bufsz=256MB/thread throttle=0 MBps
[aggressor] mapped 2816 MB CXL memory at 0x71cdd1c00000
[victim] measuring for 15 s …
[aggressor] GO
[victim] interim: IPC=0.995  L2miss_rate=0.00%  iters=353340
[victim] interim: IPC=0.995  L2miss_rate=0.00%  iters=707491
[victim] interim: IPC=0.995  L2miss_rate=0.00%  iters=1061863
[victim] interim: IPC=0.995  L2miss_rate=0.00%  iters=1416068
[victim] interim: IPC=0.995  L2miss_rate=0.00%  iters=1770437
[victim] interim: IPC=0.995  L2miss_rate=0.00%  iters=2124675
[victim] interim: IPC=0.995  L2miss_rate=0.00%  iters=2479055
[victim] interim: IPC=0.995  L2miss_rate=0.00%  iters=2833235
[victim] interim: IPC=0.995  L2miss_rate=0.00%  iters=3187579
[victim] interim: IPC=0.995  L2miss_rate=0.00%  iters=3541771
[victim] interim: IPC=0.995  L2miss_rate=0.00%  iters=3895278
[victim] interim: IPC=0.995  L2miss_rate=0.00%  iters=4249352
[victim] interim: IPC=0.995  L2miss_rate=0.00%  iters=4603596
[victim] interim: IPC=0.995  L2miss_rate=0.00%  iters=4957856
[victim] DONE: IPC=0.9953  L2_miss=0.00%
VICTIM core=0 ipc=0.9953 l2_miss_rate=0.00 cycles=33406808456 insns=33249390342 l2_hit=16508161590 l2_miss=619011 iters=5312237 sec=15.00
thread  0  core 136  1.88 GB/s  (15.008 s)
thread  1  core 137  1.88 GB/s  (15.003 s)
thread  2  core 138  1.88 GB/s  (15.015 s)
thread  3  core 139  1.88 GB/s  (15.023 s)
thread  4  core 140  1.88 GB/s  (15.031 s)
thread  5  core 141  1.87 GB/s  (15.033 s)
thread  6  core 142  1.88 GB/s  (15.027 s)
thread  7  core 143  1.87 GB/s  (15.040 s)
thread  8  core 224  3.28 GB/s  (15.048 s)
thread  9  core 225  3.28 GB/s  (15.061 s)
thread 10  core 226  3.28 GB/s  (15.068 s)
---
aggregate: 24.80 GB/s  (11 threads, mode=wc_ntdqa)
RESULT mode=wc_ntdqa threads=11 bw_gbps=24.798 throttle=0
=== CORUN_RC profile=l2hot placement=C_diff_socket run=4 mode=wc_ntdqa victim_rc=0 aggressor_rc=0 ===
=== CORUN profile=l2hot placement=C_diff_socket run=4 mode=wb_load threads=8 vcore=0 vnode=0 cores=136,137,138,139,140,141,142,143 START ===
[victim] core=0 node=0 ws=64 KB duration=15 warmup=5 chase=0
[victim] warming up for 5 s …
[aggressor] mode=wb_load threads=8 bufsz=256MB/thread throttle=0 MBps
[victim] measuring for 15 s …
[aggressor] mapped 2048 MB CXL memory at 0x73c56be00000
[aggressor] GO
[victim] interim: IPC=0.996  L2miss_rate=0.00%  iters=354703
[victim] interim: IPC=0.997  L2miss_rate=0.00%  iters=709502
[victim] interim: IPC=0.997  L2miss_rate=0.00%  iters=1064377
[victim] interim: IPC=0.997  L2miss_rate=0.00%  iters=1419251
[victim] interim: IPC=0.997  L2miss_rate=0.00%  iters=1773928
[victim] interim: IPC=0.997  L2miss_rate=0.00%  iters=2128579
[victim] interim: IPC=0.997  L2miss_rate=0.00%  iters=2483358
[victim] interim: IPC=0.997  L2miss_rate=0.00%  iters=2838184
[victim] interim: IPC=0.997  L2miss_rate=0.00%  iters=3192300
[victim] interim: IPC=0.997  L2miss_rate=0.00%  iters=3547209
[victim] interim: IPC=0.997  L2miss_rate=0.00%  iters=3902157
[victim] interim: IPC=0.997  L2miss_rate=0.00%  iters=4256997
[victim] interim: IPC=0.997  L2miss_rate=0.00%  iters=4611904
[victim] interim: IPC=0.997  L2miss_rate=0.00%  iters=4966844
[victim] DONE: IPC=0.9965  L2_miss=0.00%
VICTIM core=0 ipc=0.9965 l2_miss_rate=0.00 cycles=33424424960 insns=33307544232 l2_hit=16537607739 l2_miss=603864 iters=5321528 sec=15.00
thread  0  core 136  3.09 GB/s  (15.043 s)
thread  1  core 137  3.10 GB/s  (15.046 s)
thread  2  core 138  3.16 GB/s  (15.040 s)
thread  3  core 139  3.16 GB/s  (15.042 s)
thread  4  core 140  3.09 GB/s  (15.051 s)
thread  5  core 141  3.08 GB/s  (15.056 s)
thread  6  core 142  3.09 GB/s  (15.051 s)
thread  7  core 143  3.08 GB/s  (15.014 s)
---
aggregate: 24.82 GB/s  (8 threads, mode=wb_load)
RESULT mode=wb_load threads=8 bw_gbps=24.819 throttle=0
=== CORUN_RC profile=l2hot placement=C_diff_socket run=4 mode=wb_load victim_rc=0 aggressor_rc=0 ===
=== BLOCK_END profile=l2hot placement=C_diff_socket run=4 ===
=== BLOCK_START profile=l2hot placement=C_diff_socket run=5 note=iso-BW ===
=== BASELINE profile=l2hot placement=C_diff_socket run=5 vcore=0 vnode=0 START ===
[victim] core=0 node=0 ws=64 KB duration=15 warmup=5 chase=0
[victim] warming up for 5 s …
[victim] measuring for 15 s …
[victim] interim: IPC=0.997  L2miss_rate=0.00%  iters=355286
[victim] interim: IPC=0.997  L2miss_rate=0.00%  iters=710510
[victim] interim: IPC=0.997  L2miss_rate=0.00%  iters=1065954
[victim] interim: IPC=0.997  L2miss_rate=0.00%  iters=1421189
[victim] interim: IPC=0.997  L2miss_rate=0.00%  iters=1776558
[victim] interim: IPC=0.997  L2miss_rate=0.00%  iters=2131823
[victim] interim: IPC=0.997  L2miss_rate=0.00%  iters=2486418
[victim] interim: IPC=0.997  L2miss_rate=0.00%  iters=2841696
[victim] interim: IPC=0.997  L2miss_rate=0.00%  iters=3197022
[victim] interim: IPC=0.997  L2miss_rate=0.00%  iters=3552069
[victim] interim: IPC=0.997  L2miss_rate=0.00%  iters=3907396
[victim] interim: IPC=0.997  L2miss_rate=0.00%  iters=4262678
[victim] interim: IPC=0.997  L2miss_rate=0.00%  iters=4617924
[victim] interim: IPC=0.997  L2miss_rate=0.00%  iters=4973113
[victim] DONE: IPC=0.9965  L2_miss=0.00%
VICTIM core=0 ipc=0.9965 l2_miss_rate=0.00 cycles=33467093649 insns=33351150362 l2_hit=16558823573 l2_miss=605595 iters=5328495 sec=15.00
=== BASELINE_RC profile=l2hot placement=C_diff_socket run=5 rc=0 ===
--- wb_t=8 wc_t=11 mode_order=wc_ntdqa wb_load ---
=== CORUN profile=l2hot placement=C_diff_socket run=5 mode=wc_ntdqa threads=11 vcore=0 vnode=0 cores=136,137,138,139,140,141,142,143,224,225,226 START ===
[victim] core=0 node=0 ws=64 KB duration=15 warmup=5 chase=0
[victim] warming up for 5 s …
[aggressor] mode=wc_ntdqa threads=11 bufsz=256MB/thread throttle=0 MBps
[aggressor] mapped 2816 MB CXL memory at 0x7d3e39600000
[victim] measuring for 15 s …
[aggressor] GO
[victim] interim: IPC=0.997  L2miss_rate=0.00%  iters=354837
[victim] interim: IPC=0.997  L2miss_rate=0.00%  iters=709857
[victim] interim: IPC=0.997  L2miss_rate=0.00%  iters=1064881
[victim] interim: IPC=0.997  L2miss_rate=0.00%  iters=1419793
[victim] interim: IPC=0.997  L2miss_rate=0.00%  iters=1774160
[victim] interim: IPC=0.997  L2miss_rate=0.00%  iters=2129110
[victim] interim: IPC=0.997  L2miss_rate=0.00%  iters=2484191
[victim] interim: IPC=0.997  L2miss_rate=0.00%  iters=2839338
[victim] interim: IPC=0.997  L2miss_rate=0.00%  iters=3194339
[victim] interim: IPC=0.997  L2miss_rate=0.00%  iters=3549387
[victim] interim: IPC=0.997  L2miss_rate=0.00%  iters=3904420
[victim] interim: IPC=0.997  L2miss_rate=0.00%  iters=4259442
[victim] interim: IPC=0.997  L2miss_rate=0.00%  iters=4614560
[victim] interim: IPC=0.997  L2miss_rate=0.00%  iters=4969597
[victim] DONE: IPC=0.9973  L2_miss=0.00%
VICTIM core=0 ipc=0.9973 l2_miss_rate=0.00 cycles=33419033363 insns=33327184925 l2_hit=16544143659 l2_miss=577561 iters=5324666 sec=15.00
thread  0  core 136  1.88 GB/s  (15.007 s)
thread  1  core 137  1.89 GB/s  (15.077 s)
thread  2  core 138  1.88 GB/s  (15.014 s)
thread  3  core 139  1.88 GB/s  (15.017 s)
thread  4  core 140  1.88 GB/s  (15.028 s)
thread  5  core 141  1.88 GB/s  (15.030 s)
thread  6  core 142  1.88 GB/s  (15.032 s)
thread  7  core 143  1.87 GB/s  (15.036 s)
thread  8  core 224  3.28 GB/s  (15.036 s)
thread  9  core 225  3.28 GB/s  (15.040 s)
thread 10  core 226  3.28 GB/s  (15.055 s)
---
aggregate: 24.80 GB/s  (11 threads, mode=wc_ntdqa)
RESULT mode=wc_ntdqa threads=11 bw_gbps=24.802 throttle=0
=== CORUN_RC profile=l2hot placement=C_diff_socket run=5 mode=wc_ntdqa victim_rc=0 aggressor_rc=0 ===
=== CORUN profile=l2hot placement=C_diff_socket run=5 mode=wb_load threads=8 vcore=0 vnode=0 cores=136,137,138,139,140,141,142,143 START ===
[victim] core=0 node=0 ws=64 KB duration=15 warmup=5 chase=0
[victim] warming up for 5 s …
[aggressor] mode=wb_load threads=8 bufsz=256MB/thread throttle=0 MBps
[victim] measuring for 15 s …
[aggressor] mapped 2048 MB CXL memory at 0x721a7b400000
[aggressor] GO
[victim] interim: IPC=0.997  L2miss_rate=0.00%  iters=355019
[victim] interim: IPC=0.997  L2miss_rate=0.00%  iters=710043
[victim] interim: IPC=0.997  L2miss_rate=0.00%  iters=1064183
[victim] interim: IPC=0.997  L2miss_rate=0.00%  iters=1418948
[victim] interim: IPC=0.997  L2miss_rate=0.00%  iters=1773652
[victim] interim: IPC=0.997  L2miss_rate=0.00%  iters=2128483
[victim] interim: IPC=0.997  L2miss_rate=0.00%  iters=2483230
[victim] interim: IPC=0.997  L2miss_rate=0.00%  iters=2838135
[victim] interim: IPC=0.997  L2miss_rate=0.00%  iters=3192886
[victim] interim: IPC=0.997  L2miss_rate=0.00%  iters=3547821
[victim] interim: IPC=0.997  L2miss_rate=0.00%  iters=3902742
[victim] interim: IPC=0.997  L2miss_rate=0.00%  iters=4257602
[victim] interim: IPC=0.997  L2miss_rate=0.00%  iters=4612395
[victim] interim: IPC=0.997  L2miss_rate=0.00%  iters=4966630
[victim] DONE: IPC=0.9966  L2_miss=0.00%
VICTIM core=0 ipc=0.9966 l2_miss_rate=0.00 cycles=33422182900 insns=33306956477 l2_hit=16536807702 l2_miss=597718 iters=5321434 sec=15.00
thread  0  core 136  3.09 GB/s  (15.005 s)
thread  1  core 137  3.10 GB/s  (15.043 s)
thread  2  core 138  3.16 GB/s  (15.034 s)
thread  3  core 139  3.17 GB/s  (15.005 s)
thread  4  core 140  3.09 GB/s  (15.039 s)
thread  5  core 141  3.09 GB/s  (15.043 s)
thread  6  core 142  3.09 GB/s  (15.037 s)
thread  7  core 143  3.08 GB/s  (15.010 s)
---
aggregate: 24.84 GB/s  (8 threads, mode=wb_load)
RESULT mode=wb_load threads=8 bw_gbps=24.839 throttle=0
=== CORUN_RC profile=l2hot placement=C_diff_socket run=5 mode=wb_load victim_rc=0 aggressor_rc=0 ===
=== BLOCK_END profile=l2hot placement=C_diff_socket run=5 ===
=== BLOCK_START profile=l2hot placement=D_both_sockets run=1 note=near-iso-BW ===
=== BASELINE profile=l2hot placement=D_both_sockets run=1 vcore=0 vnode=0 START ===
[victim] core=0 node=0 ws=64 KB duration=15 warmup=5 chase=0
[victim] warming up for 5 s …
[victim] measuring for 15 s …
[victim] interim: IPC=0.997  L2miss_rate=0.00%  iters=354548
[victim] interim: IPC=0.997  L2miss_rate=0.00%  iters=709823
[victim] interim: IPC=0.997  L2miss_rate=0.00%  iters=1065256
[victim] interim: IPC=0.997  L2miss_rate=0.00%  iters=1420665
[victim] interim: IPC=0.997  L2miss_rate=0.00%  iters=1776067
[victim] interim: IPC=0.997  L2miss_rate=0.00%  iters=2131328
[victim] interim: IPC=0.997  L2miss_rate=0.00%  iters=2486721
[victim] interim: IPC=0.997  L2miss_rate=0.00%  iters=2842044
[victim] interim: IPC=0.997  L2miss_rate=0.00%  iters=3197390
[victim] interim: IPC=0.997  L2miss_rate=0.00%  iters=3552689
[victim] interim: IPC=0.997  L2miss_rate=0.00%  iters=3907172
[victim] interim: IPC=0.997  L2miss_rate=0.00%  iters=4262570
[victim] interim: IPC=0.997  L2miss_rate=0.00%  iters=4617810
[victim] interim: IPC=0.997  L2miss_rate=0.00%  iters=4973095
[victim] DONE: IPC=0.9966  L2_miss=0.00%
VICTIM core=0 ipc=0.9966 l2_miss_rate=0.00 cycles=33466390808 insns=33351833036 l2_hit=16556290966 l2_miss=594204 iters=5328604 sec=15.00
=== BASELINE_RC profile=l2hot placement=D_both_sockets run=1 rc=0 ===
--- wb_t=8 wc_t=12 mode_order=wb_load wc_ntdqa ---
=== CORUN profile=l2hot placement=D_both_sockets run=1 mode=wb_load threads=8 vcore=0 vnode=0 cores=16,17,18,19,136,137,138,139 START ===
[victim] core=0 node=0 ws=64 KB duration=15 warmup=5 chase=0
[victim] warming up for 5 s …
[aggressor] mode=wb_load threads=8 bufsz=256MB/thread throttle=0 MBps
[victim] measuring for 15 s …
[aggressor] mapped 2048 MB CXL memory at 0x7b06ff400000
[aggressor] GO
[victim] interim: IPC=0.996  L2miss_rate=0.00%  iters=354817
[victim] interim: IPC=0.996  L2miss_rate=0.00%  iters=709435
[victim] interim: IPC=0.996  L2miss_rate=0.00%  iters=1064150
[victim] interim: IPC=0.996  L2miss_rate=0.00%  iters=1418822
[victim] interim: IPC=0.996  L2miss_rate=0.00%  iters=1773542
[victim] interim: IPC=0.996  L2miss_rate=0.00%  iters=2128218
[victim] interim: IPC=0.996  L2miss_rate=0.00%  iters=2482785
[victim] interim: IPC=0.996  L2miss_rate=0.00%  iters=2837382
[victim] interim: IPC=0.996  L2miss_rate=0.00%  iters=3191326
[victim] interim: IPC=0.996  L2miss_rate=0.00%  iters=3546027
[victim] interim: IPC=0.996  L2miss_rate=0.00%  iters=3900711
[victim] interim: IPC=0.996  L2miss_rate=0.00%  iters=4255370
[victim] interim: IPC=0.996  L2miss_rate=0.00%  iters=4609771
[victim] interim: IPC=0.996  L2miss_rate=0.00%  iters=4964447
[victim] DONE: IPC=0.9957  L2_miss=0.00%
VICTIM core=0 ipc=0.9957 l2_miss_rate=0.00 cycles=33435337368 insns=33291953311 l2_hit=16535260194 l2_miss=585138 iters=5319037 sec=15.00
thread  0  core 16  2.88 GB/s  (15.032 s)
thread  1  core 17  2.93 GB/s  (15.036 s)
thread  2  core 18  3.16 GB/s  (15.036 s)
thread  3  core 19  3.11 GB/s  (15.035 s)
thread  4  core 136  3.13 GB/s  (15.022 s)
thread  5  core 137  3.14 GB/s  (15.035 s)
thread  6  core 138  3.43 GB/s  (15.022 s)
thread  7  core 139  3.38 GB/s  (15.022 s)
---
aggregate: 25.14 GB/s  (8 threads, mode=wb_load)
RESULT mode=wb_load threads=8 bw_gbps=25.137 throttle=0
=== CORUN_RC profile=l2hot placement=D_both_sockets run=1 mode=wb_load victim_rc=0 aggressor_rc=0 ===
=== CORUN profile=l2hot placement=D_both_sockets run=1 mode=wc_ntdqa threads=12 vcore=0 vnode=0 cores=16,17,18,19,136,137,138,139,272,273,274,275 START ===
[victim] core=0 node=0 ws=64 KB duration=15 warmup=5 chase=0
[victim] warming up for 5 s …
[aggressor] mode=wc_ntdqa threads=12 bufsz=256MB/thread throttle=0 MBps
[aggressor] mapped 3072 MB CXL memory at 0x73b0ae200000
[victim] measuring for 15 s …
[aggressor] GO
[victim] interim: IPC=0.995  L2miss_rate=0.00%  iters=354394
[victim] interim: IPC=0.995  L2miss_rate=0.00%  iters=708901
[victim] interim: IPC=0.995  L2miss_rate=0.00%  iters=1063400
[victim] interim: IPC=0.995  L2miss_rate=0.00%  iters=1417836
[victim] interim: IPC=0.995  L2miss_rate=0.00%  iters=1772389
[victim] interim: IPC=0.995  L2miss_rate=0.00%  iters=2126817
[victim] interim: IPC=0.995  L2miss_rate=0.00%  iters=2480567
[victim] interim: IPC=0.995  L2miss_rate=0.00%  iters=2835091
[victim] interim: IPC=0.995  L2miss_rate=0.00%  iters=3189513
[victim] interim: IPC=0.995  L2miss_rate=0.00%  iters=3544049
[victim] interim: IPC=0.995  L2miss_rate=0.00%  iters=3898532
[victim] interim: IPC=0.995  L2miss_rate=0.00%  iters=4252959
[victim] interim: IPC=0.995  L2miss_rate=0.00%  iters=4607520
[victim] interim: IPC=0.995  L2miss_rate=0.00%  iters=4962024
[victim] DONE: IPC=0.9954  L2_miss=0.00%
VICTIM core=0 ipc=0.9954 l2_miss_rate=0.00 cycles=33431561290 insns=33276906491 l2_hit=16521305729 l2_miss=596385 iters=5316633 sec=15.00
thread  0  core 16  1.31 GB/s  (15.122 s)
thread  1  core 17  1.31 GB/s  (15.121 s)
thread  2  core 18  1.31 GB/s  (15.140 s)
thread  3  core 19  1.31 GB/s  (15.141 s)
thread  4  core 136  3.45 GB/s  (15.020 s)
thread  5  core 137  3.45 GB/s  (15.017 s)
thread  6  core 138  3.44 GB/s  (15.046 s)
thread  7  core 139  3.44 GB/s  (15.052 s)
thread  8  core 272  1.44 GB/s  (15.125 s)
thread  9  core 273  1.44 GB/s  (15.125 s)
thread 10  core 274  1.44 GB/s  (15.142 s)
thread 11  core 275  1.44 GB/s  (15.145 s)
---
aggregate: 24.67 GB/s  (12 threads, mode=wc_ntdqa)
RESULT mode=wc_ntdqa threads=12 bw_gbps=24.673 throttle=0
=== CORUN_RC profile=l2hot placement=D_both_sockets run=1 mode=wc_ntdqa victim_rc=0 aggressor_rc=0 ===
=== BLOCK_END profile=l2hot placement=D_both_sockets run=1 ===
=== BLOCK_START profile=l2hot placement=D_both_sockets run=2 note=near-iso-BW ===
=== BASELINE profile=l2hot placement=D_both_sockets run=2 vcore=0 vnode=0 START ===
[victim] core=0 node=0 ws=64 KB duration=15 warmup=5 chase=0
[victim] warming up for 5 s …
[victim] measuring for 15 s …
[victim] interim: IPC=0.997  L2miss_rate=0.00%  iters=355259
[victim] interim: IPC=0.997  L2miss_rate=0.00%  iters=710659
[victim] interim: IPC=0.997  L2miss_rate=0.00%  iters=1065915
[victim] interim: IPC=0.997  L2miss_rate=0.00%  iters=1421316
[victim] interim: IPC=0.997  L2miss_rate=0.00%  iters=1775807
[victim] interim: IPC=0.997  L2miss_rate=0.00%  iters=2131213
[victim] interim: IPC=0.997  L2miss_rate=0.00%  iters=2486526
[victim] interim: IPC=0.997  L2miss_rate=0.00%  iters=2841952
[victim] interim: IPC=0.997  L2miss_rate=0.00%  iters=3197251
[victim] interim: IPC=0.997  L2miss_rate=0.00%  iters=3552581
[victim] interim: IPC=0.997  L2miss_rate=0.00%  iters=3907719
[victim] interim: IPC=0.997  L2miss_rate=0.00%  iters=4263157
[victim] interim: IPC=0.997  L2miss_rate=0.00%  iters=4618092
[victim] interim: IPC=0.997  L2miss_rate=0.00%  iters=4973405
[victim] DONE: IPC=0.9966  L2_miss=0.00%
VICTIM core=0 ipc=0.9966 l2_miss_rate=0.00 cycles=33460463951 insns=33345060916 l2_hit=16553283897 l2_miss=603140 iters=5327522 sec=15.00
=== BASELINE_RC profile=l2hot placement=D_both_sockets run=2 rc=0 ===
--- wb_t=8 wc_t=12 mode_order=wc_ntdqa wb_load ---
=== CORUN profile=l2hot placement=D_both_sockets run=2 mode=wc_ntdqa threads=12 vcore=0 vnode=0 cores=16,17,18,19,136,137,138,139,272,273,274,275 START ===
[victim] core=0 node=0 ws=64 KB duration=15 warmup=5 chase=0
[victim] warming up for 5 s …
[aggressor] mode=wc_ntdqa threads=12 bufsz=256MB/thread throttle=0 MBps
[aggressor] mapped 3072 MB CXL memory at 0x7d1e10600000
[victim] measuring for 15 s …
[aggressor] GO
[victim] interim: IPC=0.996  L2miss_rate=0.00%  iters=354595
[victim] interim: IPC=0.996  L2miss_rate=0.00%  iters=709205
[victim] interim: IPC=0.996  L2miss_rate=0.00%  iters=1062992
[victim] interim: IPC=0.996  L2miss_rate=0.00%  iters=1417635
[victim] interim: IPC=0.996  L2miss_rate=0.00%  iters=1772154
[victim] interim: IPC=0.996  L2miss_rate=0.00%  iters=2126799
[victim] interim: IPC=0.996  L2miss_rate=0.00%  iters=2481389
[victim] interim: IPC=0.996  L2miss_rate=0.00%  iters=2835979
[victim] interim: IPC=0.996  L2miss_rate=0.00%  iters=3190603
[victim] interim: IPC=0.996  L2miss_rate=0.00%  iters=3545276
[victim] interim: IPC=0.996  L2miss_rate=0.00%  iters=3899688
[victim] interim: IPC=0.996  L2miss_rate=0.00%  iters=4254235
[victim] interim: IPC=0.996  L2miss_rate=0.00%  iters=4607990
[victim] interim: IPC=0.996  L2miss_rate=0.00%  iters=4962679
[victim] DONE: IPC=0.9957  L2_miss=0.00%
VICTIM core=0 ipc=0.9957 l2_miss_rate=0.00 cycles=33424136291 insns=33280999873 l2_hit=16529577453 l2_miss=594210 iters=5317287 sec=15.00
thread  0  core 16  1.31 GB/s  (15.108 s)
thread  1  core 17  1.31 GB/s  (15.116 s)
thread  2  core 18  1.31 GB/s  (15.132 s)
thread  3  core 19  1.31 GB/s  (15.135 s)
thread  4  core 136  3.45 GB/s  (15.019 s)
thread  5  core 137  3.45 GB/s  (15.007 s)
thread  6  core 138  3.45 GB/s  (15.034 s)
thread  7  core 139  3.44 GB/s  (15.043 s)
thread  8  core 272  1.44 GB/s  (15.117 s)
thread  9  core 273  1.44 GB/s  (15.112 s)
thread 10  core 274  1.44 GB/s  (15.119 s)
thread 11  core 275  1.44 GB/s  (15.127 s)
---
aggregate: 24.69 GB/s  (12 threads, mode=wc_ntdqa)
RESULT mode=wc_ntdqa threads=12 bw_gbps=24.689 throttle=0
=== CORUN_RC profile=l2hot placement=D_both_sockets run=2 mode=wc_ntdqa victim_rc=0 aggressor_rc=0 ===
=== CORUN profile=l2hot placement=D_both_sockets run=2 mode=wb_load threads=8 vcore=0 vnode=0 cores=16,17,18,19,136,137,138,139 START ===
[victim] core=0 node=0 ws=64 KB duration=15 warmup=5 chase=0
[victim] warming up for 5 s …
[aggressor] mode=wb_load threads=8 bufsz=256MB/thread throttle=0 MBps
[victim] measuring for 15 s …
[aggressor] mapped 2048 MB CXL memory at 0x7e9f6dc00000
[aggressor] GO
[victim] interim: IPC=0.997  L2miss_rate=0.00%  iters=354312
[victim] interim: IPC=0.997  L2miss_rate=0.00%  iters=709064
[victim] interim: IPC=0.997  L2miss_rate=0.00%  iters=1063871
[victim] interim: IPC=0.997  L2miss_rate=0.00%  iters=1418799
[victim] interim: IPC=0.997  L2miss_rate=0.00%  iters=1773612
[victim] interim: IPC=0.997  L2miss_rate=0.00%  iters=2128566
[victim] interim: IPC=0.997  L2miss_rate=0.00%  iters=2483413
[victim] interim: IPC=0.997  L2miss_rate=0.00%  iters=2838338
[victim] interim: IPC=0.997  L2miss_rate=0.00%  iters=3193220
[victim] interim: IPC=0.997  L2miss_rate=0.00%  iters=3548225
[victim] interim: IPC=0.997  L2miss_rate=0.00%  iters=3902410
[victim] interim: IPC=0.997  L2miss_rate=0.00%  iters=4257336
[victim] interim: IPC=0.997  L2miss_rate=0.00%  iters=4612374
[victim] interim: IPC=0.997  L2miss_rate=0.00%  iters=4967387
[victim] DONE: IPC=0.9965  L2_miss=0.00%
VICTIM core=0 ipc=0.9965 l2_miss_rate=0.00 cycles=33429117876 insns=33312921077 l2_hit=16539113434 l2_miss=608131 iters=5322387 sec=15.00
thread  0  core 16  2.87 GB/s  (15.033 s)
thread  1  core 17  2.93 GB/s  (15.040 s)
thread  2  core 18  3.16 GB/s  (15.040 s)
thread  3  core 19  3.11 GB/s  (15.034 s)
thread  4  core 136  3.13 GB/s  (15.012 s)
thread  5  core 137  3.13 GB/s  (15.024 s)
thread  6  core 138  3.43 GB/s  (15.013 s)
thread  7  core 139  3.38 GB/s  (15.008 s)
---
aggregate: 25.11 GB/s  (8 threads, mode=wb_load)
RESULT mode=wb_load threads=8 bw_gbps=25.112 throttle=0
=== CORUN_RC profile=l2hot placement=D_both_sockets run=2 mode=wb_load victim_rc=0 aggressor_rc=0 ===
=== BLOCK_END profile=l2hot placement=D_both_sockets run=2 ===
=== BLOCK_START profile=l2hot placement=D_both_sockets run=3 note=near-iso-BW ===
=== BASELINE profile=l2hot placement=D_both_sockets run=3 vcore=0 vnode=0 START ===
[victim] core=0 node=0 ws=64 KB duration=15 warmup=5 chase=0
[victim] warming up for 5 s …
[victim] measuring for 15 s …
[victim] interim: IPC=0.996  L2miss_rate=0.00%  iters=355061
[victim] interim: IPC=0.996  L2miss_rate=0.00%  iters=710055
[victim] interim: IPC=0.996  L2miss_rate=0.00%  iters=1065137
[victim] interim: IPC=0.996  L2miss_rate=0.00%  iters=1420119
[victim] interim: IPC=0.996  L2miss_rate=0.00%  iters=1775214
[victim] interim: IPC=0.996  L2miss_rate=0.00%  iters=2130101
[victim] interim: IPC=0.996  L2miss_rate=0.00%  iters=2485055
[victim] interim: IPC=0.996  L2miss_rate=0.00%  iters=2840093
[victim] interim: IPC=0.996  L2miss_rate=0.00%  iters=3194190
[victim] interim: IPC=0.996  L2miss_rate=0.00%  iters=3548987
[victim] interim: IPC=0.996  L2miss_rate=0.00%  iters=3904042
[victim] interim: IPC=0.996  L2miss_rate=0.00%  iters=4259007
[victim] interim: IPC=0.996  L2miss_rate=0.00%  iters=4614027
[victim] interim: IPC=0.996  L2miss_rate=0.00%  iters=4969002
[victim] DONE: IPC=0.9956  L2_miss=0.00%
VICTIM core=0 ipc=0.9956 l2_miss_rate=0.00 cycles=33469399597 insns=33322929130 l2_hit=16554396714 l2_miss=617136 iters=5323986 sec=15.00
=== BASELINE_RC profile=l2hot placement=D_both_sockets run=3 rc=0 ===
--- wb_t=8 wc_t=12 mode_order=wb_load wc_ntdqa ---
=== CORUN profile=l2hot placement=D_both_sockets run=3 mode=wb_load threads=8 vcore=0 vnode=0 cores=16,17,18,19,136,137,138,139 START ===
[victim] core=0 node=0 ws=64 KB duration=15 warmup=5 chase=0
[victim] warming up for 5 s …
[aggressor] mode=wb_load threads=8 bufsz=256MB/thread throttle=0 MBps
[victim] measuring for 15 s …
[aggressor] mapped 2048 MB CXL memory at 0x745f7e000000
[aggressor] GO
[victim] interim: IPC=0.996  L2miss_rate=0.00%  iters=354931
[victim] interim: IPC=0.996  L2miss_rate=0.00%  iters=709833
[victim] interim: IPC=0.996  L2miss_rate=0.00%  iters=1064630
[victim] interim: IPC=0.996  L2miss_rate=0.00%  iters=1419460
[victim] interim: IPC=0.996  L2miss_rate=0.00%  iters=1774373
[victim] interim: IPC=0.996  L2miss_rate=0.00%  iters=2129086
[victim] interim: IPC=0.996  L2miss_rate=0.00%  iters=2483260
[victim] interim: IPC=0.996  L2miss_rate=0.00%  iters=2837982
[victim] interim: IPC=0.996  L2miss_rate=0.00%  iters=3192780
[victim] interim: IPC=0.996  L2miss_rate=0.00%  iters=3547735
[victim] interim: IPC=0.996  L2miss_rate=0.00%  iters=3902572
[victim] interim: IPC=0.996  L2miss_rate=0.00%  iters=4257470
[victim] interim: IPC=0.996  L2miss_rate=0.00%  iters=4612445
[victim] interim: IPC=0.996  L2miss_rate=0.00%  iters=4967388
[victim] DONE: IPC=0.9964  L2_miss=0.00%
VICTIM core=0 ipc=0.9964 l2_miss_rate=0.00 cycles=33433739385 insns=33312864229 l2_hit=16537333520 l2_miss=647344 iters=5322378 sec=15.00
thread  0  core 16  2.87 GB/s  (15.040 s)
thread  1  core 17  2.93 GB/s  (15.044 s)
thread  2  core 18  3.16 GB/s  (15.047 s)
thread  3  core 19  3.10 GB/s  (15.045 s)
thread  4  core 136  3.13 GB/s  (15.026 s)
thread  5  core 137  3.14 GB/s  (15.033 s)
thread  6  core 138  3.43 GB/s  (15.020 s)
thread  7  core 139  3.38 GB/s  (15.032 s)
---
aggregate: 25.12 GB/s  (8 threads, mode=wb_load)
RESULT mode=wb_load threads=8 bw_gbps=25.118 throttle=0
=== CORUN_RC profile=l2hot placement=D_both_sockets run=3 mode=wb_load victim_rc=0 aggressor_rc=0 ===
=== CORUN profile=l2hot placement=D_both_sockets run=3 mode=wc_ntdqa threads=12 vcore=0 vnode=0 cores=16,17,18,19,136,137,138,139,272,273,274,275 START ===
[victim] core=0 node=0 ws=64 KB duration=15 warmup=5 chase=0
[victim] warming up for 5 s …
[aggressor] mode=wc_ntdqa threads=12 bufsz=256MB/thread throttle=0 MBps
[aggressor] mapped 3072 MB CXL memory at 0x7e5a9a400000
[victim] measuring for 15 s …
[aggressor] GO
[victim] interim: IPC=0.995  L2miss_rate=0.00%  iters=354085
[victim] interim: IPC=0.995  L2miss_rate=0.00%  iters=708218
[victim] interim: IPC=0.995  L2miss_rate=0.00%  iters=1062433
[victim] interim: IPC=0.995  L2miss_rate=0.00%  iters=1416559
[victim] interim: IPC=0.995  L2miss_rate=0.00%  iters=1769949
[victim] interim: IPC=0.995  L2miss_rate=0.00%  iters=2124079
[victim] interim: IPC=0.995  L2miss_rate=0.00%  iters=2478285
[victim] interim: IPC=0.995  L2miss_rate=0.00%  iters=2832440
[victim] interim: IPC=0.995  L2miss_rate=0.00%  iters=3186597
[victim] interim: IPC=0.995  L2miss_rate=0.00%  iters=3540700
[victim] interim: IPC=0.995  L2miss_rate=0.00%  iters=3894911
[victim] interim: IPC=0.995  L2miss_rate=0.00%  iters=4249085
[victim] interim: IPC=0.995  L2miss_rate=0.00%  iters=4603233
[victim] interim: IPC=0.995  L2miss_rate=0.00%  iters=4957475
[victim] DONE: IPC=0.9945  L2_miss=0.00%
VICTIM core=0 ipc=0.9945 l2_miss_rate=0.00 cycles=33424611249 insns=33241230139 l2_hit=16505784239 l2_miss=585208 iters=5310933 sec=15.00
thread  0  core 16  1.31 GB/s  (15.131 s)
thread  1  core 17  1.31 GB/s  (15.138 s)
thread  2  core 18  1.31 GB/s  (15.157 s)
thread  3  core 19  1.31 GB/s  (15.157 s)
thread  4  core 136  3.44 GB/s  (15.065 s)
thread  5  core 137  3.44 GB/s  (15.051 s)
thread  6  core 138  3.43 GB/s  (15.010 s)
thread  7  core 139  3.43 GB/s  (15.025 s)
thread  8  core 272  1.44 GB/s  (15.139 s)
thread  9  core 273  1.44 GB/s  (15.126 s)
thread 10  core 274  1.43 GB/s  (15.154 s)
thread 11  core 275  1.43 GB/s  (15.155 s)
---
aggregate: 24.62 GB/s  (12 threads, mode=wc_ntdqa)
RESULT mode=wc_ntdqa threads=12 bw_gbps=24.617 throttle=0
=== CORUN_RC profile=l2hot placement=D_both_sockets run=3 mode=wc_ntdqa victim_rc=0 aggressor_rc=0 ===
=== BLOCK_END profile=l2hot placement=D_both_sockets run=3 ===
=== BLOCK_START profile=l2hot placement=D_both_sockets run=4 note=near-iso-BW ===
=== BASELINE profile=l2hot placement=D_both_sockets run=4 vcore=0 vnode=0 START ===
[victim] core=0 node=0 ws=64 KB duration=15 warmup=5 chase=0
[victim] warming up for 5 s …
[victim] measuring for 15 s …
[victim] interim: IPC=0.995  L2miss_rate=0.00%  iters=353692
[victim] interim: IPC=0.995  L2miss_rate=0.00%  iters=708212
[victim] interim: IPC=0.995  L2miss_rate=0.00%  iters=1061699
[victim] interim: IPC=0.995  L2miss_rate=0.00%  iters=1416127
[victim] interim: IPC=0.994  L2miss_rate=0.00%  iters=1770728
[victim] interim: IPC=0.994  L2miss_rate=0.00%  iters=2125227
[victim] interim: IPC=0.994  L2miss_rate=0.00%  iters=2479608
[victim] interim: IPC=0.994  L2miss_rate=0.00%  iters=2834046
[victim] interim: IPC=0.994  L2miss_rate=0.00%  iters=3188649
[victim] interim: IPC=0.994  L2miss_rate=0.00%  iters=3543225
[victim] interim: IPC=0.994  L2miss_rate=0.00%  iters=3897840
[victim] interim: IPC=0.994  L2miss_rate=0.00%  iters=4252447
[victim] interim: IPC=0.994  L2miss_rate=0.00%  iters=4606302
[victim] interim: IPC=0.994  L2miss_rate=0.00%  iters=4960828
[victim] DONE: IPC=0.9945  L2_miss=0.00%
VICTIM core=0 ipc=0.9945 l2_miss_rate=0.00 cycles=33452632007 insns=33268105967 l2_hit=16522755227 l2_miss=624871 iters=5315227 sec=15.00
=== BASELINE_RC profile=l2hot placement=D_both_sockets run=4 rc=0 ===
--- wb_t=8 wc_t=12 mode_order=wb_load wc_ntdqa ---
=== CORUN profile=l2hot placement=D_both_sockets run=4 mode=wb_load threads=8 vcore=0 vnode=0 cores=16,17,18,19,136,137,138,139 START ===
[victim] core=0 node=0 ws=64 KB duration=15 warmup=5 chase=0
[victim] warming up for 5 s …
[aggressor] mode=wb_load threads=8 bufsz=256MB/thread throttle=0 MBps
[victim] measuring for 15 s …
[aggressor] mapped 2048 MB CXL memory at 0x7a32a8000000
[aggressor] GO
[victim] interim: IPC=0.997  L2miss_rate=0.00%  iters=354163
[victim] interim: IPC=0.997  L2miss_rate=0.00%  iters=709043
[victim] interim: IPC=0.997  L2miss_rate=0.00%  iters=1063924
[victim] interim: IPC=0.997  L2miss_rate=0.00%  iters=1418925
[victim] interim: IPC=0.997  L2miss_rate=0.00%  iters=1773496
[victim] interim: IPC=0.997  L2miss_rate=0.00%  iters=2128551
[victim] interim: IPC=0.997  L2miss_rate=0.00%  iters=2483399
[victim] interim: IPC=0.997  L2miss_rate=0.00%  iters=2838304
[victim] interim: IPC=0.997  L2miss_rate=0.00%  iters=3193208
[victim] interim: IPC=0.997  L2miss_rate=0.00%  iters=3548011
[victim] interim: IPC=0.997  L2miss_rate=0.00%  iters=3902056
[victim] interim: IPC=0.997  L2miss_rate=0.00%  iters=4256951
[victim] interim: IPC=0.997  L2miss_rate=0.00%  iters=4611712
[victim] interim: IPC=0.997  L2miss_rate=0.00%  iters=4966804
[victim] DONE: IPC=0.9965  L2_miss=0.00%
VICTIM core=0 ipc=0.9965 l2_miss_rate=0.00 cycles=33424911723 insns=33309021249 l2_hit=16535243306 l2_miss=604910 iters=5321764 sec=15.00
thread  0  core 16  2.87 GB/s  (15.035 s)
thread  1  core 17  2.93 GB/s  (15.038 s)
thread  2  core 18  3.16 GB/s  (15.038 s)
thread  3  core 19  3.11 GB/s  (15.037 s)
thread  4  core 136  3.13 GB/s  (15.025 s)
thread  5  core 137  3.14 GB/s  (15.028 s)
thread  6  core 138  3.43 GB/s  (15.017 s)
thread  7  core 139  3.38 GB/s  (15.004 s)
---
aggregate: 25.13 GB/s  (8 threads, mode=wb_load)
RESULT mode=wb_load threads=8 bw_gbps=25.133 throttle=0
=== CORUN_RC profile=l2hot placement=D_both_sockets run=4 mode=wb_load victim_rc=0 aggressor_rc=0 ===
=== CORUN profile=l2hot placement=D_both_sockets run=4 mode=wc_ntdqa threads=12 vcore=0 vnode=0 cores=16,17,18,19,136,137,138,139,272,273,274,275 START ===
[victim] core=0 node=0 ws=64 KB duration=15 warmup=5 chase=0
[victim] warming up for 5 s …
[aggressor] mode=wc_ntdqa threads=12 bufsz=256MB/thread throttle=0 MBps
[aggressor] mapped 3072 MB CXL memory at 0x740b62200000
[victim] measuring for 15 s …
[aggressor] GO
[victim] interim: IPC=0.997  L2miss_rate=0.00%  iters=354845
[victim] interim: IPC=0.997  L2miss_rate=0.00%  iters=709704
[victim] interim: IPC=0.997  L2miss_rate=0.00%  iters=1064605
[victim] interim: IPC=0.997  L2miss_rate=0.00%  iters=1419485
[victim] interim: IPC=0.997  L2miss_rate=0.00%  iters=1774400
[victim] interim: IPC=0.997  L2miss_rate=0.00%  iters=2129239
[victim] interim: IPC=0.997  L2miss_rate=0.00%  iters=2484191
[victim] interim: IPC=0.997  L2miss_rate=0.00%  iters=2839108
[victim] interim: IPC=0.997  L2miss_rate=0.00%  iters=3193233
[victim] interim: IPC=0.997  L2miss_rate=0.00%  iters=3548082
[victim] interim: IPC=0.997  L2miss_rate=0.00%  iters=3903027
[victim] interim: IPC=0.997  L2miss_rate=0.00%  iters=4258029
[victim] interim: IPC=0.997  L2miss_rate=0.00%  iters=4612900
[victim] interim: IPC=0.997  L2miss_rate=0.00%  iters=4967688
[victim] DONE: IPC=0.9966  L2_miss=0.00%
VICTIM core=0 ipc=0.9966 l2_miss_rate=0.00 cycles=33429651522 insns=33314804389 l2_hit=16540635628 l2_miss=602901 iters=5322688 sec=15.00
thread  0  core 16  1.31 GB/s  (15.144 s)
thread  1  core 17  1.31 GB/s  (15.146 s)
thread  2  core 18  1.31 GB/s  (15.163 s)
thread  3  core 19  1.31 GB/s  (15.165 s)
thread  4  core 136  3.43 GB/s  (15.018 s)
thread  5  core 137  3.43 GB/s  (15.014 s)
thread  6  core 138  3.43 GB/s  (15.038 s)
thread  7  core 139  3.42 GB/s  (15.049 s)
thread  8  core 272  1.44 GB/s  (15.128 s)
thread  9  core 273  1.44 GB/s  (15.131 s)
thread 10  core 274  1.43 GB/s  (15.155 s)
thread 11  core 275  1.44 GB/s  (15.152 s)
---
aggregate: 24.57 GB/s  (12 threads, mode=wc_ntdqa)
RESULT mode=wc_ntdqa threads=12 bw_gbps=24.568 throttle=0
=== CORUN_RC profile=l2hot placement=D_both_sockets run=4 mode=wc_ntdqa victim_rc=0 aggressor_rc=0 ===
=== BLOCK_END profile=l2hot placement=D_both_sockets run=4 ===
=== BLOCK_START profile=l2hot placement=D_both_sockets run=5 note=near-iso-BW ===
=== BASELINE profile=l2hot placement=D_both_sockets run=5 vcore=0 vnode=0 START ===
[victim] core=0 node=0 ws=64 KB duration=15 warmup=5 chase=0
[victim] warming up for 5 s …
[victim] measuring for 15 s …
[victim] interim: IPC=0.995  L2miss_rate=0.00%  iters=354643
[victim] interim: IPC=0.994  L2miss_rate=0.00%  iters=709088
[victim] interim: IPC=0.994  L2miss_rate=0.00%  iters=1063538
[victim] interim: IPC=0.994  L2miss_rate=0.00%  iters=1417610
[victim] interim: IPC=0.994  L2miss_rate=0.00%  iters=1771649
[victim] interim: IPC=0.994  L2miss_rate=0.00%  iters=2125815
[victim] interim: IPC=0.994  L2miss_rate=0.00%  iters=2479516
[victim] interim: IPC=0.994  L2miss_rate=0.00%  iters=2833796
[victim] interim: IPC=0.994  L2miss_rate=0.00%  iters=3188408
[victim] interim: IPC=0.994  L2miss_rate=0.00%  iters=3542638
[victim] interim: IPC=0.994  L2miss_rate=0.00%  iters=3897083
[victim] interim: IPC=0.994  L2miss_rate=0.00%  iters=4250866
[victim] interim: IPC=0.994  L2miss_rate=0.00%  iters=4605225
[victim] interim: IPC=0.994  L2miss_rate=0.00%  iters=4959463
[victim] DONE: IPC=0.9944  L2_miss=0.00%
VICTIM core=0 ipc=0.9944 l2_miss_rate=0.00 cycles=33448270116 insns=33260814446 l2_hit=16520657407 l2_miss=623106 iters=5314062 sec=15.00
=== BASELINE_RC profile=l2hot placement=D_both_sockets run=5 rc=0 ===
--- wb_t=8 wc_t=12 mode_order=wb_load wc_ntdqa ---
=== CORUN profile=l2hot placement=D_both_sockets run=5 mode=wb_load threads=8 vcore=0 vnode=0 cores=16,17,18,19,136,137,138,139 START ===
[victim] core=0 node=0 ws=64 KB duration=15 warmup=5 chase=0
[victim] warming up for 5 s …
[aggressor] mode=wb_load threads=8 bufsz=256MB/thread throttle=0 MBps
[victim] measuring for 15 s …
[aggressor] mapped 2048 MB CXL memory at 0x7167f8800000
[aggressor] GO
[victim] interim: IPC=0.996  L2miss_rate=0.00%  iters=354647
[victim] interim: IPC=0.996  L2miss_rate=0.00%  iters=708980
[victim] interim: IPC=0.996  L2miss_rate=0.00%  iters=1063595
[victim] interim: IPC=0.996  L2miss_rate=0.00%  iters=1418037
[victim] interim: IPC=0.996  L2miss_rate=0.00%  iters=1771801
[victim] interim: IPC=0.996  L2miss_rate=0.00%  iters=2126361
[victim] interim: IPC=0.996  L2miss_rate=0.00%  iters=2481033
[victim] interim: IPC=0.996  L2miss_rate=0.00%  iters=2835664
[victim] interim: IPC=0.996  L2miss_rate=0.00%  iters=3190329
[victim] interim: IPC=0.996  L2miss_rate=0.00%  iters=3544876
[victim] interim: IPC=0.996  L2miss_rate=0.00%  iters=3899382
[victim] interim: IPC=0.996  L2miss_rate=0.00%  iters=4253929
[victim] interim: IPC=0.996  L2miss_rate=0.00%  iters=4608535
[victim] interim: IPC=0.996  L2miss_rate=0.00%  iters=4963014
[victim] DONE: IPC=0.9957  L2_miss=0.00%
VICTIM core=0 ipc=0.9957 l2_miss_rate=0.00 cycles=33422522307 insns=33278162434 l2_hit=16527904728 l2_miss=721246 iters=5316834 sec=15.00
thread  0  core 16  2.87 GB/s  (15.033 s)
thread  1  core 17  2.93 GB/s  (15.045 s)
thread  2  core 18  3.16 GB/s  (15.046 s)
thread  3  core 19  3.11 GB/s  (15.034 s)
thread  4  core 136  3.13 GB/s  (15.007 s)
thread  5  core 137  3.13 GB/s  (15.016 s)
thread  6  core 138  3.44 GB/s  (15.044 s)
thread  7  core 139  3.39 GB/s  (15.040 s)
---
aggregate: 25.14 GB/s  (8 threads, mode=wb_load)
RESULT mode=wb_load threads=8 bw_gbps=25.139 throttle=0
=== CORUN_RC profile=l2hot placement=D_both_sockets run=5 mode=wb_load victim_rc=0 aggressor_rc=0 ===
=== CORUN profile=l2hot placement=D_both_sockets run=5 mode=wc_ntdqa threads=12 vcore=0 vnode=0 cores=16,17,18,19,136,137,138,139,272,273,274,275 START ===
[victim] core=0 node=0 ws=64 KB duration=15 warmup=5 chase=0
[victim] warming up for 5 s …
[aggressor] mode=wc_ntdqa threads=12 bufsz=256MB/thread throttle=0 MBps
[aggressor] mapped 3072 MB CXL memory at 0x7aa744800000
[victim] measuring for 15 s …
[aggressor] GO
[victim] interim: IPC=0.996  L2miss_rate=0.00%  iters=354627
[victim] interim: IPC=0.996  L2miss_rate=0.00%  iters=708366
[victim] interim: IPC=0.996  L2miss_rate=0.00%  iters=1062880
[victim] interim: IPC=0.996  L2miss_rate=0.00%  iters=1417551
[victim] interim: IPC=0.996  L2miss_rate=0.00%  iters=1772064
[victim] interim: IPC=0.996  L2miss_rate=0.00%  iters=2126611
[victim] interim: IPC=0.996  L2miss_rate=0.00%  iters=2481142
[victim] interim: IPC=0.996  L2miss_rate=0.00%  iters=2835669
[victim] interim: IPC=0.996  L2miss_rate=0.00%  iters=3190257
[victim] interim: IPC=0.996  L2miss_rate=0.00%  iters=3544719
[victim] interim: IPC=0.996  L2miss_rate=0.00%  iters=3899130
[victim] interim: IPC=0.996  L2miss_rate=0.00%  iters=4253685
[victim] interim: IPC=0.996  L2miss_rate=0.00%  iters=4607252
[victim] interim: IPC=0.996  L2miss_rate=0.00%  iters=4961761
[victim] DONE: IPC=0.9957  L2_miss=0.00%
VICTIM core=0 ipc=0.9957 l2_miss_rate=0.00 cycles=33419923847 insns=33274985020 l2_hit=16523199817 l2_miss=647141 iters=5316326 sec=15.00
thread  0  core 16  1.31 GB/s  (15.154 s)
thread  1  core 17  1.31 GB/s  (15.154 s)
thread  2  core 18  1.31 GB/s  (15.172 s)
thread  3  core 19  1.31 GB/s  (15.172 s)
thread  4  core 136  3.43 GB/s  (15.030 s)
thread  5  core 137  3.43 GB/s  (15.027 s)
thread  6  core 138  3.43 GB/s  (15.047 s)
thread  7  core 139  3.42 GB/s  (15.060 s)
thread  8  core 272  1.44 GB/s  (15.150 s)
thread  9  core 273  1.44 GB/s  (15.142 s)
thread 10  core 274  1.43 GB/s  (15.162 s)
thread 11  core 275  1.43 GB/s  (15.160 s)
---
aggregate: 24.56 GB/s  (12 threads, mode=wc_ntdqa)
RESULT mode=wc_ntdqa threads=12 bw_gbps=24.557 throttle=0
=== CORUN_RC profile=l2hot placement=D_both_sockets run=5 mode=wc_ntdqa victim_rc=0 aggressor_rc=0 ===
=== BLOCK_END profile=l2hot placement=D_both_sockets run=5 ===
=== BLOCK_START profile=chase placement=A_same_ccd run=1 note=best-feasible: not fully iso-BW on this host ===
=== BASELINE profile=chase placement=A_same_ccd run=1 vcore=136 vnode=1 START ===
[victim] core=136 node=1 ws=4096 KB duration=15 warmup=5 chase=1
[victim] warming up for 5 s …
[victim] measuring for 15 s …
[victim] interim: IPC=0.045  L2miss_rate=85.67%  iters=607
[victim] interim: IPC=0.045  L2miss_rate=85.67%  iters=1213
[victim] interim: IPC=0.045  L2miss_rate=85.67%  iters=1819
[victim] interim: IPC=0.045  L2miss_rate=85.67%  iters=2425
[victim] interim: IPC=0.045  L2miss_rate=85.67%  iters=3031
[victim] interim: IPC=0.045  L2miss_rate=85.67%  iters=3637
[victim] interim: IPC=0.045  L2miss_rate=85.67%  iters=4243
[victim] interim: IPC=0.045  L2miss_rate=85.67%  iters=4849
[victim] interim: IPC=0.045  L2miss_rate=85.67%  iters=5455
[victim] interim: IPC=0.045  L2miss_rate=85.67%  iters=6060
[victim] interim: IPC=0.045  L2miss_rate=85.67%  iters=6666
[victim] interim: IPC=0.045  L2miss_rate=85.67%  iters=7272
[victim] interim: IPC=0.045  L2miss_rate=85.67%  iters=7878
[victim] interim: IPC=0.045  L2miss_rate=85.67%  iters=8484
[victim] DONE: IPC=0.0446  L2_miss=85.67%
VICTIM core=136 ipc=0.0446 l2_miss_rate=85.67 cycles=33389340885 insns=1489557233 l2_hit=85323836 l2_miss=510220862 iters=9085 sec=15.00
=== BASELINE_RC profile=chase placement=A_same_ccd run=1 rc=0 ===
--- wb_t=1 wc_t=12 mode_order=wb_load wc_ntdqa ---
=== CORUN profile=chase placement=A_same_ccd run=1 mode=wb_load threads=1 vcore=136 vnode=1 cores=137 START ===
[victim] core=136 node=1 ws=4096 KB duration=15 warmup=5 chase=1
[victim] warming up for 5 s …
[aggressor] mode=wb_load threads=1 bufsz=256MB/thread throttle=0 MBps
[victim] measuring for 15 s …
[aggressor] mapped 256 MB CXL memory at 0x7cc77cc00000
[aggressor] GO
[victim] interim: IPC=0.015  L2miss_rate=86.93%  iters=201
[victim] interim: IPC=0.013  L2miss_rate=87.03%  iters=358
[victim] interim: IPC=0.013  L2miss_rate=87.07%  iters=515
[victim] interim: IPC=0.012  L2miss_rate=87.09%  iters=672
[victim] interim: IPC=0.012  L2miss_rate=87.10%  iters=829
[victim] interim: IPC=0.012  L2miss_rate=87.11%  iters=986
[victim] interim: IPC=0.012  L2miss_rate=87.12%  iters=1143
[victim] interim: IPC=0.012  L2miss_rate=87.12%  iters=1300
[victim] interim: IPC=0.012  L2miss_rate=87.13%  iters=1457
[victim] interim: IPC=0.012  L2miss_rate=87.13%  iters=1614
[victim] interim: IPC=0.012  L2miss_rate=87.13%  iters=1771
[victim] interim: IPC=0.012  L2miss_rate=87.13%  iters=1928
[victim] interim: IPC=0.012  L2miss_rate=87.13%  iters=2085
[victim] interim: IPC=0.012  L2miss_rate=87.13%  iters=2242
[victim] DONE: IPC=0.0118  L2_miss=87.14%
VICTIM core=136 ipc=0.0118 l2_miss_rate=87.14 cycles=33371659674 insns=392403691 l2_hit=20180442 l2_miss=136701651 iters=2393 sec=15.01
thread  0  core 137  15.82 GB/s  (15.004 s)
---
aggregate: 15.82 GB/s  (1 threads, mode=wb_load)
RESULT mode=wb_load threads=1 bw_gbps=15.816 throttle=0
=== CORUN_RC profile=chase placement=A_same_ccd run=1 mode=wb_load victim_rc=0 aggressor_rc=0 ===
=== CORUN profile=chase placement=A_same_ccd run=1 mode=wc_ntdqa threads=12 vcore=136 vnode=1 cores=137,138,139,140,141,142,143,393,394,395,396,397 START ===
[victim] core=136 node=1 ws=4096 KB duration=15 warmup=5 chase=1
[victim] warming up for 5 s …
[aggressor] mode=wc_ntdqa threads=12 bufsz=256MB/thread throttle=0 MBps
[aggressor] mapped 3072 MB CXL memory at 0x7891cce00000
[victim] measuring for 15 s …
[aggressor] GO
[victim] interim: IPC=0.045  L2miss_rate=86.30%  iters=618
[victim] interim: IPC=0.045  L2miss_rate=86.30%  iters=1235
[victim] interim: IPC=0.045  L2miss_rate=86.30%  iters=1852
[victim] interim: IPC=0.045  L2miss_rate=86.30%  iters=2468
[victim] interim: IPC=0.045  L2miss_rate=86.30%  iters=3085
[victim] interim: IPC=0.045  L2miss_rate=86.30%  iters=3702
[victim] interim: IPC=0.045  L2miss_rate=86.30%  iters=4317
[victim] interim: IPC=0.045  L2miss_rate=86.30%  iters=4934
[victim] interim: IPC=0.045  L2miss_rate=86.30%  iters=5551
[victim] interim: IPC=0.045  L2miss_rate=86.30%  iters=6168
[victim] interim: IPC=0.045  L2miss_rate=86.30%  iters=6785
[victim] interim: IPC=0.045  L2miss_rate=86.30%  iters=7401
[victim] interim: IPC=0.045  L2miss_rate=86.30%  iters=8018
[victim] interim: IPC=0.045  L2miss_rate=86.30%  iters=8635
[victim] DONE: IPC=0.0454  L2_miss=86.30%
VICTIM core=136 ipc=0.0454 l2_miss_rate=86.30 cycles=33386148820 insns=1515460883 l2_hit=82981652 l2_miss=522919365 iters=9243 sec=15.00
thread  0  core 137  1.22 GB/s  (15.137 s)
thread  1  core 138  1.22 GB/s  (15.145 s)
thread  2  core 139  1.22 GB/s  (15.015 s)
thread  3  core 140  1.21 GB/s  (15.047 s)
thread  4  core 141  1.21 GB/s  (15.029 s)
thread  5  core 142  2.55 GB/s  (15.056 s)
thread  6  core 143  2.55 GB/s  (15.058 s)
thread  7  core 393  1.35 GB/s  (15.127 s)
thread  8  core 394  1.35 GB/s  (15.139 s)
thread  9  core 395  1.35 GB/s  (15.088 s)
thread 10  core 396  1.35 GB/s  (15.094 s)
thread 11  core 397  1.34 GB/s  (15.022 s)
---
aggregate: 17.85 GB/s  (12 threads, mode=wc_ntdqa)
RESULT mode=wc_ntdqa threads=12 bw_gbps=17.849 throttle=0
=== CORUN_RC profile=chase placement=A_same_ccd run=1 mode=wc_ntdqa victim_rc=0 aggressor_rc=0 ===
=== BLOCK_END profile=chase placement=A_same_ccd run=1 ===
=== BLOCK_START profile=chase placement=A_same_ccd run=2 note=best-feasible: not fully iso-BW on this host ===
=== BASELINE profile=chase placement=A_same_ccd run=2 vcore=136 vnode=1 START ===
[victim] core=136 node=1 ws=4096 KB duration=15 warmup=5 chase=1
[victim] warming up for 5 s …
[victim] measuring for 15 s …
[victim] interim: IPC=0.045  L2miss_rate=88.38%  iters=612
[victim] interim: IPC=0.045  L2miss_rate=88.38%  iters=1223
[victim] interim: IPC=0.045  L2miss_rate=88.39%  iters=1834
[victim] interim: IPC=0.045  L2miss_rate=88.39%  iters=2444
[victim] interim: IPC=0.045  L2miss_rate=88.39%  iters=3053
[victim] interim: IPC=0.045  L2miss_rate=88.39%  iters=3663
[victim] interim: IPC=0.045  L2miss_rate=88.39%  iters=4274
[victim] interim: IPC=0.045  L2miss_rate=88.39%  iters=4885
[victim] interim: IPC=0.045  L2miss_rate=88.39%  iters=5496
[victim] interim: IPC=0.045  L2miss_rate=88.39%  iters=6106
[victim] interim: IPC=0.045  L2miss_rate=88.38%  iters=6717
[victim] interim: IPC=0.045  L2miss_rate=88.37%  iters=7328
[victim] interim: IPC=0.045  L2miss_rate=88.37%  iters=7939
[victim] interim: IPC=0.045  L2miss_rate=88.37%  iters=8550
[victim] DONE: IPC=0.0449  L2_miss=88.37%
VICTIM core=136 ipc=0.0449 l2_miss_rate=88.37 cycles=33385063972 insns=1500214213 l2_hit=69731566 l2_miss=530070627 iters=9150 sec=15.00
=== BASELINE_RC profile=chase placement=A_same_ccd run=2 rc=0 ===
--- wb_t=1 wc_t=12 mode_order=wc_ntdqa wb_load ---
=== CORUN profile=chase placement=A_same_ccd run=2 mode=wc_ntdqa threads=12 vcore=136 vnode=1 cores=137,138,139,140,141,142,143,393,394,395,396,397 START ===
[victim] core=136 node=1 ws=4096 KB duration=15 warmup=5 chase=1
[victim] warming up for 5 s …
[aggressor] mode=wc_ntdqa threads=12 bufsz=256MB/thread throttle=0 MBps
[aggressor] mapped 3072 MB CXL memory at 0x77733e400000
[victim] measuring for 15 s …
[aggressor] GO
[victim] interim: IPC=0.046  L2miss_rate=85.83%  iters=620
[victim] interim: IPC=0.046  L2miss_rate=85.83%  iters=1239
[victim] interim: IPC=0.046  L2miss_rate=85.83%  iters=1858
[victim] interim: IPC=0.046  L2miss_rate=85.83%  iters=2475
[victim] interim: IPC=0.046  L2miss_rate=85.83%  iters=3094
[victim] interim: IPC=0.046  L2miss_rate=85.83%  iters=3713
[victim] interim: IPC=0.046  L2miss_rate=85.83%  iters=4332
[victim] interim: IPC=0.046  L2miss_rate=85.83%  iters=4951
[victim] interim: IPC=0.046  L2miss_rate=85.83%  iters=5570
[victim] interim: IPC=0.046  L2miss_rate=85.83%  iters=6189
[victim] interim: IPC=0.046  L2miss_rate=85.83%  iters=6808
[victim] interim: IPC=0.046  L2miss_rate=85.83%  iters=7427
[victim] interim: IPC=0.046  L2miss_rate=85.83%  iters=8046
[victim] interim: IPC=0.046  L2miss_rate=85.83%  iters=8663
[victim] DONE: IPC=0.0455  L2_miss=85.83%
VICTIM core=136 ipc=0.0455 l2_miss_rate=85.83 cycles=33378062752 insns=1520216165 l2_hit=86122599 l2_miss=521677330 iters=9272 sec=15.00
thread  0  core 137  1.22 GB/s  (15.138 s)
thread  1  core 138  1.21 GB/s  (15.024 s)
thread  2  core 139  1.23 GB/s  (15.089 s)
thread  3  core 140  1.21 GB/s  (15.030 s)
thread  4  core 141  1.21 GB/s  (15.028 s)
thread  5  core 142  2.55 GB/s  (15.052 s)
thread  6  core 143  2.55 GB/s  (15.064 s)
thread  7  core 393  1.35 GB/s  (15.133 s)
thread  8  core 394  1.35 GB/s  (15.076 s)
thread  9  core 395  1.34 GB/s  (15.011 s)
thread 10  core 396  1.35 GB/s  (15.093 s)
thread 11  core 397  1.34 GB/s  (15.033 s)
---
aggregate: 17.84 GB/s  (12 threads, mode=wc_ntdqa)
RESULT mode=wc_ntdqa threads=12 bw_gbps=17.840 throttle=0
=== CORUN_RC profile=chase placement=A_same_ccd run=2 mode=wc_ntdqa victim_rc=0 aggressor_rc=0 ===
=== CORUN profile=chase placement=A_same_ccd run=2 mode=wb_load threads=1 vcore=136 vnode=1 cores=137 START ===
[victim] core=136 node=1 ws=4096 KB duration=15 warmup=5 chase=1
[victim] warming up for 5 s …
[aggressor] mode=wb_load threads=1 bufsz=256MB/thread throttle=0 MBps
[victim] measuring for 15 s …
[aggressor] mapped 256 MB CXL memory at 0x795534e00000
[aggressor] GO
[victim] interim: IPC=0.015  L2miss_rate=85.46%  iters=207
[victim] interim: IPC=0.013  L2miss_rate=85.51%  iters=368
[victim] interim: IPC=0.013  L2miss_rate=85.53%  iters=529
[victim] interim: IPC=0.013  L2miss_rate=85.54%  iters=690
[victim] interim: IPC=0.012  L2miss_rate=85.55%  iters=850
[victim] interim: IPC=0.012  L2miss_rate=85.56%  iters=1011
[victim] interim: IPC=0.012  L2miss_rate=85.56%  iters=1171
[victim] interim: IPC=0.012  L2miss_rate=85.56%  iters=1332
[victim] interim: IPC=0.012  L2miss_rate=85.56%  iters=1493
[victim] interim: IPC=0.012  L2miss_rate=85.57%  iters=1654
[victim] interim: IPC=0.012  L2miss_rate=85.57%  iters=1814
[victim] interim: IPC=0.012  L2miss_rate=85.57%  iters=1974
[victim] interim: IPC=0.012  L2miss_rate=85.57%  iters=2135
[victim] interim: IPC=0.012  L2miss_rate=85.57%  iters=2295
[victim] DONE: IPC=0.0120  L2_miss=85.57%
VICTIM core=136 ipc=0.0120 l2_miss_rate=85.57 cycles=33368677861 insns=401093080 l2_hit=23143479 l2_miss=137223448 iters=2446 sec=15.01
thread  0  core 137  15.82 GB/s  (15.017 s)
---
aggregate: 15.82 GB/s  (1 threads, mode=wb_load)
RESULT mode=wb_load threads=1 bw_gbps=15.819 throttle=0
=== CORUN_RC profile=chase placement=A_same_ccd run=2 mode=wb_load victim_rc=0 aggressor_rc=0 ===
=== BLOCK_END profile=chase placement=A_same_ccd run=2 ===
=== BLOCK_START profile=chase placement=A_same_ccd run=3 note=best-feasible: not fully iso-BW on this host ===
=== BASELINE profile=chase placement=A_same_ccd run=3 vcore=136 vnode=1 START ===
[victim] core=136 node=1 ws=4096 KB duration=15 warmup=5 chase=1
[victim] warming up for 5 s …
[victim] measuring for 15 s …
[victim] interim: IPC=0.046  L2miss_rate=85.69%  iters=622
[victim] interim: IPC=0.046  L2miss_rate=85.69%  iters=1244
[victim] interim: IPC=0.046  L2miss_rate=85.69%  iters=1865
[victim] interim: IPC=0.046  L2miss_rate=85.69%  iters=2487
[victim] interim: IPC=0.046  L2miss_rate=85.69%  iters=3108
[victim] interim: IPC=0.046  L2miss_rate=85.69%  iters=3730
[victim] interim: IPC=0.046  L2miss_rate=85.69%  iters=4351
[victim] interim: IPC=0.046  L2miss_rate=85.69%  iters=4973
[victim] interim: IPC=0.046  L2miss_rate=85.69%  iters=5594
[victim] interim: IPC=0.046  L2miss_rate=85.69%  iters=6214
[victim] interim: IPC=0.046  L2miss_rate=85.69%  iters=6835
[victim] interim: IPC=0.046  L2miss_rate=85.69%  iters=7456
[victim] interim: IPC=0.046  L2miss_rate=85.69%  iters=8078
[victim] interim: IPC=0.046  L2miss_rate=85.69%  iters=8700
[victim] DONE: IPC=0.0457  L2_miss=85.69%
VICTIM core=136 ipc=0.0457 l2_miss_rate=85.69 cycles=33396410922 insns=1527101763 l2_hit=87350675 l2_miss=523199064 iters=9314 sec=15.00
=== BASELINE_RC profile=chase placement=A_same_ccd run=3 rc=0 ===
--- wb_t=1 wc_t=12 mode_order=wc_ntdqa wb_load ---
=== CORUN profile=chase placement=A_same_ccd run=3 mode=wc_ntdqa threads=12 vcore=136 vnode=1 cores=137,138,139,140,141,142,143,393,394,395,396,397 START ===
[victim] core=136 node=1 ws=4096 KB duration=15 warmup=5 chase=1
[victim] warming up for 5 s …
[aggressor] mode=wc_ntdqa threads=12 bufsz=256MB/thread throttle=0 MBps
[aggressor] mapped 3072 MB CXL memory at 0x7018c0800000
[victim] measuring for 15 s …
[aggressor] GO
[victim] interim: IPC=0.045  L2miss_rate=88.30%  iters=610
[victim] interim: IPC=0.045  L2miss_rate=88.30%  iters=1219
[victim] interim: IPC=0.045  L2miss_rate=88.30%  iters=1828
[victim] interim: IPC=0.045  L2miss_rate=88.30%  iters=2437
[victim] interim: IPC=0.045  L2miss_rate=88.30%  iters=3046
[victim] interim: IPC=0.045  L2miss_rate=88.30%  iters=3655
[victim] interim: IPC=0.045  L2miss_rate=88.30%  iters=4264
[victim] interim: IPC=0.045  L2miss_rate=88.30%  iters=4871
[victim] interim: IPC=0.045  L2miss_rate=88.30%  iters=5480
[victim] interim: IPC=0.045  L2miss_rate=88.30%  iters=6089
[victim] interim: IPC=0.045  L2miss_rate=88.26%  iters=6699
[victim] interim: IPC=0.045  L2miss_rate=88.22%  iters=7310
[victim] interim: IPC=0.045  L2miss_rate=88.18%  iters=7921
[victim] interim: IPC=0.045  L2miss_rate=88.15%  iters=8532
[victim] DONE: IPC=0.0449  L2_miss=88.12%
VICTIM core=136 ipc=0.0449 l2_miss_rate=88.12 cycles=33386067346 insns=1498247030 l2_hit=71172439 l2_miss=527852197 iters=9138 sec=15.00
thread  0  core 137  1.22 GB/s  (15.134 s)
thread  1  core 138  1.21 GB/s  (15.032 s)
thread  2  core 139  1.22 GB/s  (15.024 s)
thread  3  core 140  1.21 GB/s  (15.047 s)
thread  4  core 141  1.21 GB/s  (15.030 s)
thread  5  core 142  2.55 GB/s  (15.048 s)
thread  6  core 143  2.55 GB/s  (15.055 s)
thread  7  core 393  1.35 GB/s  (15.120 s)
thread  8  core 394  1.35 GB/s  (15.076 s)
thread  9  core 395  1.35 GB/s  (15.086 s)
thread 10  core 396  1.35 GB/s  (15.091 s)
thread 11  core 397  1.34 GB/s  (15.003 s)
---
aggregate: 17.84 GB/s  (12 threads, mode=wc_ntdqa)
RESULT mode=wc_ntdqa threads=12 bw_gbps=17.844 throttle=0
=== CORUN_RC profile=chase placement=A_same_ccd run=3 mode=wc_ntdqa victim_rc=0 aggressor_rc=0 ===
=== CORUN profile=chase placement=A_same_ccd run=3 mode=wb_load threads=1 vcore=136 vnode=1 cores=137 START ===
[victim] core=136 node=1 ws=4096 KB duration=15 warmup=5 chase=1
[victim] warming up for 5 s …
[aggressor] mode=wb_load threads=1 bufsz=256MB/thread throttle=0 MBps
[victim] measuring for 15 s …
[aggressor] mapped 256 MB CXL memory at 0x7b0c71c00000
[aggressor] GO
[victim] interim: IPC=0.015  L2miss_rate=87.17%  iters=200
[victim] interim: IPC=0.013  L2miss_rate=87.17%  iters=358
[victim] interim: IPC=0.013  L2miss_rate=87.16%  iters=516
[victim] interim: IPC=0.012  L2miss_rate=87.17%  iters=673
[victim] interim: IPC=0.012  L2miss_rate=87.16%  iters=831
[victim] interim: IPC=0.012  L2miss_rate=87.16%  iters=988
[victim] interim: IPC=0.012  L2miss_rate=87.16%  iters=1146
[victim] interim: IPC=0.012  L2miss_rate=87.16%  iters=1304
[victim] interim: IPC=0.012  L2miss_rate=87.16%  iters=1462
[victim] interim: IPC=0.012  L2miss_rate=87.16%  iters=1620
[victim] interim: IPC=0.012  L2miss_rate=87.16%  iters=1778
[victim] interim: IPC=0.012  L2miss_rate=87.16%  iters=1936
[victim] interim: IPC=0.012  L2miss_rate=87.16%  iters=2094
[victim] interim: IPC=0.012  L2miss_rate=87.16%  iters=2252
[victim] DONE: IPC=0.0118  L2_miss=87.16%
VICTIM core=136 ipc=0.0118 l2_miss_rate=87.16 cycles=33370102590 insns=393223646 l2_hit=20189762 l2_miss=137027180 iters=2398 sec=15.00
thread  0  core 137  15.82 GB/s  (15.003 s)
---
aggregate: 15.82 GB/s  (1 threads, mode=wb_load)
RESULT mode=wb_load threads=1 bw_gbps=15.817 throttle=0
=== CORUN_RC profile=chase placement=A_same_ccd run=3 mode=wb_load victim_rc=0 aggressor_rc=0 ===
=== BLOCK_END profile=chase placement=A_same_ccd run=3 ===
=== BLOCK_START profile=chase placement=A_same_ccd run=4 note=best-feasible: not fully iso-BW on this host ===
=== BASELINE profile=chase placement=A_same_ccd run=4 vcore=136 vnode=1 START ===
[victim] core=136 node=1 ws=4096 KB duration=15 warmup=5 chase=1
[victim] warming up for 5 s …
[victim] measuring for 15 s …
[victim] interim: IPC=0.045  L2miss_rate=84.59%  iters=612
[victim] interim: IPC=0.045  L2miss_rate=84.59%  iters=1223
[victim] interim: IPC=0.045  L2miss_rate=84.59%  iters=1834
[victim] interim: IPC=0.045  L2miss_rate=84.59%  iters=2445
[victim] interim: IPC=0.045  L2miss_rate=84.59%  iters=3055
[victim] interim: IPC=0.045  L2miss_rate=84.59%  iters=3666
[victim] interim: IPC=0.045  L2miss_rate=84.59%  iters=4277
[victim] interim: IPC=0.045  L2miss_rate=84.58%  iters=4888
[victim] interim: IPC=0.045  L2miss_rate=84.58%  iters=5500
[victim] interim: IPC=0.045  L2miss_rate=84.58%  iters=6111
[victim] interim: IPC=0.045  L2miss_rate=84.58%  iters=6722
[victim] interim: IPC=0.045  L2miss_rate=84.58%  iters=7333
[victim] interim: IPC=0.045  L2miss_rate=84.58%  iters=7944
[victim] interim: IPC=0.045  L2miss_rate=84.58%  iters=8556
[victim] DONE: IPC=0.0450  L2_miss=84.58%
VICTIM core=136 ipc=0.0450 l2_miss_rate=84.58 cycles=33387427980 insns=1501853644 l2_hit=92569434 l2_miss=507889814 iters=9160 sec=15.00
=== BASELINE_RC profile=chase placement=A_same_ccd run=4 rc=0 ===
--- wb_t=1 wc_t=12 mode_order=wb_load wc_ntdqa ---
=== CORUN profile=chase placement=A_same_ccd run=4 mode=wb_load threads=1 vcore=136 vnode=1 cores=137 START ===
[victim] core=136 node=1 ws=4096 KB duration=15 warmup=5 chase=1
[victim] warming up for 5 s …
[aggressor] mode=wb_load threads=1 bufsz=256MB/thread throttle=0 MBps
[victim] measuring for 15 s …
[aggressor] mapped 256 MB CXL memory at 0x7d89fb600000
[aggressor] GO
[victim] interim: IPC=0.015  L2miss_rate=88.60%  iters=202
[victim] interim: IPC=0.013  L2miss_rate=88.66%  iters=356
[victim] interim: IPC=0.012  L2miss_rate=88.69%  iters=509
[victim] interim: IPC=0.012  L2miss_rate=88.71%  iters=663
[victim] interim: IPC=0.012  L2miss_rate=88.71%  iters=817
[victim] interim: IPC=0.012  L2miss_rate=88.72%  iters=971
[victim] interim: IPC=0.012  L2miss_rate=88.72%  iters=1125
[victim] interim: IPC=0.012  L2miss_rate=88.73%  iters=1279
[victim] interim: IPC=0.012  L2miss_rate=88.73%  iters=1433
[victim] interim: IPC=0.012  L2miss_rate=88.73%  iters=1587
[victim] interim: IPC=0.012  L2miss_rate=88.73%  iters=1741
[victim] interim: IPC=0.012  L2miss_rate=88.73%  iters=1895
[victim] interim: IPC=0.012  L2miss_rate=88.74%  iters=2048
[victim] interim: IPC=0.012  L2miss_rate=88.74%  iters=2201
[victim] DONE: IPC=0.0115  L2_miss=88.74%
VICTIM core=136 ipc=0.0115 l2_miss_rate=88.74 cycles=33366601234 insns=384370274 l2_hit=17306245 l2_miss=136357826 iters=2344 sec=15.00
thread  0  core 137  15.82 GB/s  (15.018 s)
---
aggregate: 15.82 GB/s  (1 threads, mode=wb_load)
RESULT mode=wb_load threads=1 bw_gbps=15.819 throttle=0
=== CORUN_RC profile=chase placement=A_same_ccd run=4 mode=wb_load victim_rc=0 aggressor_rc=0 ===
=== CORUN profile=chase placement=A_same_ccd run=4 mode=wc_ntdqa threads=12 vcore=136 vnode=1 cores=137,138,139,140,141,142,143,393,394,395,396,397 START ===
[victim] core=136 node=1 ws=4096 KB duration=15 warmup=5 chase=1
[victim] warming up for 5 s …
[aggressor] mode=wc_ntdqa threads=12 bufsz=256MB/thread throttle=0 MBps
[aggressor] mapped 3072 MB CXL memory at 0x7b69b1e00000
[victim] measuring for 15 s …
[aggressor] GO
[victim] interim: IPC=0.046  L2miss_rate=85.10%  iters=621
[victim] interim: IPC=0.046  L2miss_rate=85.10%  iters=1243
[victim] interim: IPC=0.046  L2miss_rate=85.10%  iters=1865
[victim] interim: IPC=0.046  L2miss_rate=85.10%  iters=2487
[victim] interim: IPC=0.046  L2miss_rate=85.10%  iters=3109
[victim] interim: IPC=0.046  L2miss_rate=85.10%  iters=3731
[victim] interim: IPC=0.046  L2miss_rate=85.10%  iters=4353
[victim] interim: IPC=0.046  L2miss_rate=85.10%  iters=4975
[victim] interim: IPC=0.046  L2miss_rate=85.10%  iters=5597
[victim] interim: IPC=0.046  L2miss_rate=85.10%  iters=6219
[victim] interim: IPC=0.046  L2miss_rate=85.10%  iters=6841
[victim] interim: IPC=0.046  L2miss_rate=85.10%  iters=7461
[victim] interim: IPC=0.046  L2miss_rate=85.10%  iters=8083
[victim] interim: IPC=0.046  L2miss_rate=85.10%  iters=8705
[victim] DONE: IPC=0.0458  L2_miss=85.10%
VICTIM core=136 ipc=0.0458 l2_miss_rate=85.10 cycles=33382809347 insns=1527593421 l2_hit=90996033 l2_miss=519752240 iters=9317 sec=15.00
thread  0  core 137  1.22 GB/s  (15.136 s)
thread  1  core 138  1.21 GB/s  (15.026 s)
thread  2  core 139  1.21 GB/s  (15.028 s)
thread  3  core 140  1.21 GB/s  (15.039 s)
thread  4  core 141  1.21 GB/s  (15.030 s)
thread  5  core 142  2.55 GB/s  (15.058 s)
thread  6  core 143  2.55 GB/s  (15.060 s)
thread  7  core 393  1.35 GB/s  (15.118 s)
thread  8  core 394  1.35 GB/s  (15.078 s)
thread  9  core 395  1.35 GB/s  (15.089 s)
thread 10  core 396  1.35 GB/s  (15.094 s)
thread 11  core 397  1.34 GB/s  (15.002 s)
---
aggregate: 17.84 GB/s  (12 threads, mode=wc_ntdqa)
RESULT mode=wc_ntdqa threads=12 bw_gbps=17.841 throttle=0
=== CORUN_RC profile=chase placement=A_same_ccd run=4 mode=wc_ntdqa victim_rc=0 aggressor_rc=0 ===
=== BLOCK_END profile=chase placement=A_same_ccd run=4 ===
=== BLOCK_START profile=chase placement=A_same_ccd run=5 note=best-feasible: not fully iso-BW on this host ===
=== BASELINE profile=chase placement=A_same_ccd run=5 vcore=136 vnode=1 START ===
[victim] core=136 node=1 ws=4096 KB duration=15 warmup=5 chase=1
[victim] warming up for 5 s …
[victim] measuring for 15 s …
[victim] interim: IPC=0.044  L2miss_rate=86.26%  iters=605
[victim] interim: IPC=0.044  L2miss_rate=86.26%  iters=1209
[victim] interim: IPC=0.044  L2miss_rate=86.26%  iters=1813
[victim] interim: IPC=0.044  L2miss_rate=86.26%  iters=2417
[victim] interim: IPC=0.044  L2miss_rate=86.26%  iters=3021
[victim] interim: IPC=0.044  L2miss_rate=86.26%  iters=3625
[victim] interim: IPC=0.044  L2miss_rate=86.26%  iters=4229
[victim] interim: IPC=0.044  L2miss_rate=86.26%  iters=4833
[victim] interim: IPC=0.044  L2miss_rate=86.26%  iters=5435
[victim] interim: IPC=0.044  L2miss_rate=86.26%  iters=6039
[victim] interim: IPC=0.044  L2miss_rate=86.26%  iters=6643
[victim] interim: IPC=0.044  L2miss_rate=86.26%  iters=7247
[victim] interim: IPC=0.044  L2miss_rate=86.26%  iters=7851
[victim] interim: IPC=0.044  L2miss_rate=86.26%  iters=8455
[victim] DONE: IPC=0.0444  L2_miss=86.26%
VICTIM core=136 ipc=0.0444 l2_miss_rate=86.26 cycles=33394510935 insns=1483818959 l2_hit=81537508 l2_miss=511711763 iters=9050 sec=15.00
=== BASELINE_RC profile=chase placement=A_same_ccd run=5 rc=0 ===
--- wb_t=1 wc_t=12 mode_order=wc_ntdqa wb_load ---
=== CORUN profile=chase placement=A_same_ccd run=5 mode=wc_ntdqa threads=12 vcore=136 vnode=1 cores=137,138,139,140,141,142,143,393,394,395,396,397 START ===
[victim] core=136 node=1 ws=4096 KB duration=15 warmup=5 chase=1
[victim] warming up for 5 s …
[aggressor] mode=wc_ntdqa threads=12 bufsz=256MB/thread throttle=0 MBps
[aggressor] mapped 3072 MB CXL memory at 0x7c77b8600000
[victim] measuring for 15 s …
[aggressor] GO
[victim] interim: IPC=0.044  L2miss_rate=86.73%  iters=600
[victim] interim: IPC=0.044  L2miss_rate=86.73%  iters=1199
[victim] interim: IPC=0.044  L2miss_rate=86.73%  iters=1798
[victim] interim: IPC=0.044  L2miss_rate=86.73%  iters=2397
[victim] interim: IPC=0.044  L2miss_rate=86.73%  iters=2996
[victim] interim: IPC=0.044  L2miss_rate=86.73%  iters=3595
[victim] interim: IPC=0.044  L2miss_rate=86.73%  iters=4194
[victim] interim: IPC=0.044  L2miss_rate=86.73%  iters=4791
[victim] interim: IPC=0.044  L2miss_rate=86.73%  iters=5390
[victim] interim: IPC=0.044  L2miss_rate=86.73%  iters=5989
[victim] interim: IPC=0.044  L2miss_rate=86.73%  iters=6588
[victim] interim: IPC=0.044  L2miss_rate=86.73%  iters=7187
[victim] interim: IPC=0.044  L2miss_rate=86.73%  iters=7786
[victim] interim: IPC=0.044  L2miss_rate=86.73%  iters=8385
[victim] DONE: IPC=0.0441  L2_miss=86.73%
VICTIM core=136 ipc=0.0441 l2_miss_rate=86.73 cycles=33382760240 insns=1471686897 l2_hit=78093221 l2_miss=510303007 iters=8976 sec=15.00
thread  0  core 137  1.22 GB/s  (15.133 s)
thread  1  core 138  1.21 GB/s  (15.030 s)
thread  2  core 139  1.21 GB/s  (15.029 s)
thread  3  core 140  1.22 GB/s  (15.018 s)
thread  4  core 141  1.21 GB/s  (15.033 s)
thread  5  core 142  2.55 GB/s  (15.050 s)
thread  6  core 143  2.55 GB/s  (15.057 s)
thread  7  core 393  1.35 GB/s  (15.123 s)
thread  8  core 394  1.35 GB/s  (15.073 s)
thread  9  core 395  1.35 GB/s  (15.083 s)
thread 10  core 396  1.34 GB/s  (15.001 s)
thread 11  core 397  1.34 GB/s  (15.016 s)
---
aggregate: 17.83 GB/s  (12 threads, mode=wc_ntdqa)
RESULT mode=wc_ntdqa threads=12 bw_gbps=17.827 throttle=0
=== CORUN_RC profile=chase placement=A_same_ccd run=5 mode=wc_ntdqa victim_rc=0 aggressor_rc=0 ===
=== CORUN profile=chase placement=A_same_ccd run=5 mode=wb_load threads=1 vcore=136 vnode=1 cores=137 START ===
[victim] core=136 node=1 ws=4096 KB duration=15 warmup=5 chase=1
[victim] warming up for 5 s …
[aggressor] mode=wb_load threads=1 bufsz=256MB/thread throttle=0 MBps
[victim] measuring for 15 s …
[aggressor] mapped 256 MB CXL memory at 0x73a22c200000
[aggressor] GO
[victim] interim: IPC=0.016  L2miss_rate=85.56%  iters=214
[victim] interim: IPC=0.014  L2miss_rate=85.56%  iters=375
[victim] interim: IPC=0.013  L2miss_rate=85.56%  iters=536
[victim] interim: IPC=0.013  L2miss_rate=85.56%  iters=697
[victim] interim: IPC=0.013  L2miss_rate=85.56%  iters=858
[victim] interim: IPC=0.012  L2miss_rate=85.56%  iters=1018
[victim] interim: IPC=0.012  L2miss_rate=85.56%  iters=1179
[victim] interim: IPC=0.012  L2miss_rate=85.56%  iters=1340
[victim] interim: IPC=0.012  L2miss_rate=85.56%  iters=1501
[victim] interim: IPC=0.012  L2miss_rate=85.56%  iters=1661
[victim] interim: IPC=0.012  L2miss_rate=85.56%  iters=1822
[victim] interim: IPC=0.012  L2miss_rate=85.56%  iters=1983
[victim] interim: IPC=0.012  L2miss_rate=85.55%  iters=2144
[victim] interim: IPC=0.012  L2miss_rate=85.56%  iters=2304
[victim] DONE: IPC=0.0121  L2_miss=85.56%
VICTIM core=136 ipc=0.0121 l2_miss_rate=85.56 cycles=33367845192 insns=402404929 l2_hit=23237125 l2_miss=137653102 iters=2454 sec=15.00
thread  0  core 137  15.82 GB/s  (15.002 s)
---
aggregate: 15.82 GB/s  (1 threads, mode=wb_load)
RESULT mode=wb_load threads=1 bw_gbps=15.818 throttle=0
=== CORUN_RC profile=chase placement=A_same_ccd run=5 mode=wb_load victim_rc=0 aggressor_rc=0 ===
=== BLOCK_END profile=chase placement=A_same_ccd run=5 ===
=== BLOCK_START profile=chase placement=B_diff_ccd_same_socket run=1 note=iso-BW ===
=== BASELINE profile=chase placement=B_diff_ccd_same_socket run=1 vcore=128 vnode=1 START ===
[victim] core=128 node=1 ws=4096 KB duration=15 warmup=5 chase=1
[victim] warming up for 5 s …
[victim] measuring for 15 s …
[victim] interim: IPC=0.045  L2miss_rate=86.59%  iters=619
[victim] interim: IPC=0.045  L2miss_rate=86.58%  iters=1237
[victim] interim: IPC=0.045  L2miss_rate=86.59%  iters=1855
[victim] interim: IPC=0.045  L2miss_rate=86.59%  iters=2471
[victim] interim: IPC=0.045  L2miss_rate=86.59%  iters=3089
[victim] interim: IPC=0.045  L2miss_rate=86.59%  iters=3707
[victim] interim: IPC=0.045  L2miss_rate=86.59%  iters=4325
[victim] interim: IPC=0.045  L2miss_rate=86.64%  iters=4941
[victim] interim: IPC=0.045  L2miss_rate=86.71%  iters=5556
[victim] interim: IPC=0.045  L2miss_rate=86.71%  iters=6174
[victim] interim: IPC=0.045  L2miss_rate=86.69%  iters=6792
[victim] interim: IPC=0.045  L2miss_rate=86.71%  iters=7409
[victim] interim: IPC=0.045  L2miss_rate=86.75%  iters=8024
[victim] interim: IPC=0.045  L2miss_rate=86.78%  iters=8638
[victim] DONE: IPC=0.0454  L2_miss=86.81%
VICTIM core=128 ipc=0.0454 l2_miss_rate=86.81 cycles=33389929537 insns=1515953014 l2_hit=79939391 l2_miss=526163954 iters=9246 sec=15.00
=== BASELINE_RC profile=chase placement=B_diff_ccd_same_socket run=1 rc=0 ===
--- wb_t=8 wc_t=11 mode_order=wc_ntdqa wb_load ---
=== CORUN profile=chase placement=B_diff_ccd_same_socket run=1 mode=wc_ntdqa threads=11 vcore=128 vnode=1 cores=136,137,138,139,140,141,142,143,224,225,226 START ===
[victim] core=128 node=1 ws=4096 KB duration=15 warmup=5 chase=1
[victim] warming up for 5 s …
[aggressor] mode=wc_ntdqa threads=11 bufsz=256MB/thread throttle=0 MBps
[aggressor] mapped 2816 MB CXL memory at 0x7da338e00000
[victim] measuring for 15 s …
[aggressor] GO
[victim] interim: IPC=0.043  L2miss_rate=88.70%  iters=587
[victim] interim: IPC=0.043  L2miss_rate=88.49%  iters=1176
[victim] interim: IPC=0.043  L2miss_rate=88.42%  iters=1766
[victim] interim: IPC=0.043  L2miss_rate=88.39%  iters=2355
[victim] interim: IPC=0.043  L2miss_rate=88.37%  iters=2944
[victim] interim: IPC=0.043  L2miss_rate=88.36%  iters=3532
[victim] interim: IPC=0.043  L2miss_rate=88.35%  iters=4122
[victim] interim: IPC=0.043  L2miss_rate=88.34%  iters=4712
[victim] interim: IPC=0.043  L2miss_rate=88.33%  iters=5301
[victim] interim: IPC=0.043  L2miss_rate=88.33%  iters=5891
[victim] interim: IPC=0.043  L2miss_rate=88.32%  iters=6481
[victim] interim: IPC=0.043  L2miss_rate=88.32%  iters=7071
[victim] interim: IPC=0.043  L2miss_rate=88.32%  iters=7659
[victim] interim: IPC=0.043  L2miss_rate=88.32%  iters=8249
[victim] DONE: IPC=0.0434  L2_miss=88.31%
VICTIM core=128 ipc=0.0434 l2_miss_rate=88.31 cycles=33326184022 insns=1447913859 l2_hit=67646614 l2_miss=511243826 iters=8831 sec=15.00
thread  0  core 136  1.89 GB/s  (15.076 s)
thread  1  core 137  1.89 GB/s  (15.071 s)
thread  2  core 138  1.88 GB/s  (15.002 s)
thread  3  core 139  1.88 GB/s  (15.014 s)
thread  4  core 140  1.88 GB/s  (15.027 s)
thread  5  core 141  1.88 GB/s  (15.028 s)
thread  6  core 142  1.88 GB/s  (15.026 s)
thread  7  core 143  1.87 GB/s  (15.035 s)
thread  8  core 224  3.28 GB/s  (15.038 s)
thread  9  core 225  3.28 GB/s  (15.040 s)
thread 10  core 226  3.28 GB/s  (15.059 s)
---
aggregate: 24.82 GB/s  (11 threads, mode=wc_ntdqa)
RESULT mode=wc_ntdqa threads=11 bw_gbps=24.821 throttle=0
=== CORUN_RC profile=chase placement=B_diff_ccd_same_socket run=1 mode=wc_ntdqa victim_rc=0 aggressor_rc=0 ===
=== CORUN profile=chase placement=B_diff_ccd_same_socket run=1 mode=wb_load threads=8 vcore=128 vnode=1 cores=136,137,138,139,140,141,142,143 START ===
[victim] core=128 node=1 ws=4096 KB duration=15 warmup=5 chase=1
[victim] warming up for 5 s …
[aggressor] mode=wb_load threads=8 bufsz=256MB/thread throttle=0 MBps
[victim] measuring for 15 s …
[aggressor] mapped 2048 MB CXL memory at 0x78351c400000
[aggressor] GO
[victim] interim: IPC=0.043  L2miss_rate=90.47%  iters=580
[victim] interim: IPC=0.039  L2miss_rate=94.73%  iters=1050
[victim] interim: IPC=0.037  L2miss_rate=96.36%  iters=1520
[victim] interim: IPC=0.037  L2miss_rate=97.22%  iters=1989
[victim] interim: IPC=0.036  L2miss_rate=97.75%  iters=2463
[victim] interim: IPC=0.036  L2miss_rate=98.12%  iters=2937
[victim] interim: IPC=0.036  L2miss_rate=98.38%  iters=3410
[victim] interim: IPC=0.036  L2miss_rate=98.57%  iters=3881
[victim] interim: IPC=0.036  L2miss_rate=98.73%  iters=4350
[victim] interim: IPC=0.036  L2miss_rate=98.85%  iters=4818
[victim] interim: IPC=0.035  L2miss_rate=98.95%  iters=5286
[victim] interim: IPC=0.035  L2miss_rate=99.04%  iters=5760
[victim] interim: IPC=0.035  L2miss_rate=99.11%  iters=6231
[victim] interim: IPC=0.035  L2miss_rate=99.17%  iters=6703
[victim] DONE: IPC=0.0353  L2_miss=99.23%
VICTIM core=128 ipc=0.0353 l2_miss_rate=99.23 cycles=33314518873 insns=1174773152 l2_hit=3626398 l2_miss=466062688 iters=7165 sec=15.00
thread  0  core 136  3.10 GB/s  (15.048 s)
thread  1  core 137  3.11 GB/s  (15.036 s)
thread  2  core 138  3.16 GB/s  (15.020 s)
thread  3  core 139  3.16 GB/s  (15.016 s)
thread  4  core 140  3.09 GB/s  (15.035 s)
thread  5  core 141  3.09 GB/s  (15.044 s)
thread  6  core 142  3.09 GB/s  (15.038 s)
thread  7  core 143  3.08 GB/s  (15.009 s)
---
aggregate: 24.85 GB/s  (8 threads, mode=wb_load)
RESULT mode=wb_load threads=8 bw_gbps=24.850 throttle=0
=== CORUN_RC profile=chase placement=B_diff_ccd_same_socket run=1 mode=wb_load victim_rc=0 aggressor_rc=0 ===
=== BLOCK_END profile=chase placement=B_diff_ccd_same_socket run=1 ===
=== BLOCK_START profile=chase placement=B_diff_ccd_same_socket run=2 note=iso-BW ===
=== BASELINE profile=chase placement=B_diff_ccd_same_socket run=2 vcore=128 vnode=1 START ===
[victim] core=128 node=1 ws=4096 KB duration=15 warmup=5 chase=1
[victim] warming up for 5 s …
[victim] measuring for 15 s …
[victim] interim: IPC=0.046  L2miss_rate=84.60%  iters=627
[victim] interim: IPC=0.046  L2miss_rate=84.60%  iters=1253
[victim] interim: IPC=0.046  L2miss_rate=84.61%  iters=1879
[victim] interim: IPC=0.046  L2miss_rate=84.61%  iters=2505
[victim] interim: IPC=0.046  L2miss_rate=84.64%  iters=3130
[victim] interim: IPC=0.046  L2miss_rate=84.63%  iters=3756
[victim] interim: IPC=0.046  L2miss_rate=84.66%  iters=4381
[victim] interim: IPC=0.046  L2miss_rate=84.65%  iters=5005
[victim] interim: IPC=0.046  L2miss_rate=84.65%  iters=5630
[victim] interim: IPC=0.046  L2miss_rate=84.65%  iters=6256
[victim] interim: IPC=0.046  L2miss_rate=84.66%  iters=6881
[victim] interim: IPC=0.046  L2miss_rate=84.65%  iters=7507
[victim] interim: IPC=0.046  L2miss_rate=84.65%  iters=8133
[victim] interim: IPC=0.046  L2miss_rate=84.65%  iters=8759
[victim] DONE: IPC=0.0460  L2_miss=84.67%
VICTIM core=128 ipc=0.0460 l2_miss_rate=84.67 cycles=33382983195 insns=1536610930 l2_hit=94209367 l2_miss=520151693 iters=9372 sec=15.00
=== BASELINE_RC profile=chase placement=B_diff_ccd_same_socket run=2 rc=0 ===
--- wb_t=8 wc_t=11 mode_order=wc_ntdqa wb_load ---
=== CORUN profile=chase placement=B_diff_ccd_same_socket run=2 mode=wc_ntdqa threads=11 vcore=128 vnode=1 cores=136,137,138,139,140,141,142,143,224,225,226 START ===
[victim] core=128 node=1 ws=4096 KB duration=15 warmup=5 chase=1
[victim] warming up for 5 s …
[aggressor] mode=wc_ntdqa threads=11 bufsz=256MB/thread throttle=0 MBps
[aggressor] mapped 2816 MB CXL memory at 0x7d6fe5600000
[victim] measuring for 15 s …
[aggressor] GO
[victim] interim: IPC=0.044  L2miss_rate=88.17%  iters=604
[victim] interim: IPC=0.045  L2miss_rate=87.70%  iters=1216
[victim] interim: IPC=0.045  L2miss_rate=87.55%  iters=1827
[victim] interim: IPC=0.045  L2miss_rate=87.47%  iters=2439
[victim] interim: IPC=0.045  L2miss_rate=87.43%  iters=3051
[victim] interim: IPC=0.045  L2miss_rate=87.40%  iters=3663
[victim] interim: IPC=0.045  L2miss_rate=87.50%  iters=4263
[victim] interim: IPC=0.045  L2miss_rate=87.47%  iters=4874
[victim] interim: IPC=0.045  L2miss_rate=87.45%  iters=5486
[victim] interim: IPC=0.045  L2miss_rate=87.42%  iters=6098
[victim] interim: IPC=0.045  L2miss_rate=87.41%  iters=6709
[victim] interim: IPC=0.045  L2miss_rate=87.39%  iters=7321
[victim] interim: IPC=0.045  L2miss_rate=87.38%  iters=7933
[victim] interim: IPC=0.045  L2miss_rate=87.37%  iters=8545
[victim] DONE: IPC=0.0450  L2_miss=87.39%
VICTIM core=128 ipc=0.0450 l2_miss_rate=87.39 cycles=33330559338 insns=1499230387 l2_hit=75599146 l2_miss=523807911 iters=9144 sec=15.00
thread  0  core 136  1.88 GB/s  (15.020 s)
thread  1  core 137  1.88 GB/s  (15.017 s)
thread  2  core 138  1.87 GB/s  (15.033 s)
thread  3  core 139  1.87 GB/s  (15.039 s)
thread  4  core 140  1.87 GB/s  (15.048 s)
thread  5  core 141  1.87 GB/s  (15.048 s)
thread  6  core 142  1.87 GB/s  (15.052 s)
thread  7  core 143  1.87 GB/s  (15.054 s)
thread  8  core 224  3.28 GB/s  (15.051 s)
thread  9  core 225  3.28 GB/s  (15.049 s)
thread 10  core 226  3.28 GB/s  (15.071 s)
---
aggregate: 24.79 GB/s  (11 threads, mode=wc_ntdqa)
RESULT mode=wc_ntdqa threads=11 bw_gbps=24.793 throttle=0
=== CORUN_RC profile=chase placement=B_diff_ccd_same_socket run=2 mode=wc_ntdqa victim_rc=0 aggressor_rc=0 ===
=== CORUN profile=chase placement=B_diff_ccd_same_socket run=2 mode=wb_load threads=8 vcore=128 vnode=1 cores=136,137,138,139,140,141,142,143 START ===
[victim] core=128 node=1 ws=4096 KB duration=15 warmup=5 chase=1
[victim] warming up for 5 s …
[aggressor] mode=wb_load threads=8 bufsz=256MB/thread throttle=0 MBps
[victim] measuring for 15 s …
[aggressor] mapped 2048 MB CXL memory at 0x76b26ee00000
[aggressor] GO
[victim] interim: IPC=0.042  L2miss_rate=87.19%  iters=580
[victim] interim: IPC=0.039  L2miss_rate=92.93%  iters=1051
[victim] interim: IPC=0.037  L2miss_rate=95.10%  iters=1517
[victim] interim: IPC=0.037  L2miss_rate=96.26%  iters=1988
[victim] interim: IPC=0.036  L2miss_rate=96.98%  iters=2458
[victim] interim: IPC=0.036  L2miss_rate=97.46%  iters=2930
[victim] interim: IPC=0.036  L2miss_rate=97.81%  iters=3398
[victim] interim: IPC=0.036  L2miss_rate=98.08%  iters=3863
[victim] interim: IPC=0.036  L2miss_rate=98.28%  iters=4333
[victim] interim: IPC=0.035  L2miss_rate=98.45%  iters=4804
[victim] interim: IPC=0.035  L2miss_rate=98.59%  iters=5274
[victim] interim: IPC=0.035  L2miss_rate=98.71%  iters=5743
[victim] interim: IPC=0.035  L2miss_rate=98.80%  iters=6216
[victim] interim: IPC=0.035  L2miss_rate=98.89%  iters=6686
[victim] DONE: IPC=0.0352  L2_miss=98.96%
VICTIM core=128 ipc=0.0352 l2_miss_rate=98.96 cycles=33309291638 insns=1171821986 l2_hit=4872294 l2_miss=463644294 iters=7147 sec=15.00
thread  0  core 136  3.09 GB/s  (15.025 s)
thread  1  core 137  3.10 GB/s  (15.052 s)
thread  2  core 138  3.16 GB/s  (15.038 s)
thread  3  core 139  3.16 GB/s  (15.034 s)
thread  4  core 140  3.09 GB/s  (15.053 s)
thread  5  core 141  3.07 GB/s  (15.020 s)
thread  6  core 142  3.09 GB/s  (15.052 s)
thread  7  core 143  3.07 GB/s  (15.046 s)
---
aggregate: 24.81 GB/s  (8 threads, mode=wb_load)
RESULT mode=wb_load threads=8 bw_gbps=24.805 throttle=0
=== CORUN_RC profile=chase placement=B_diff_ccd_same_socket run=2 mode=wb_load victim_rc=0 aggressor_rc=0 ===
=== BLOCK_END profile=chase placement=B_diff_ccd_same_socket run=2 ===
=== BLOCK_START profile=chase placement=B_diff_ccd_same_socket run=3 note=iso-BW ===
=== BASELINE profile=chase placement=B_diff_ccd_same_socket run=3 vcore=128 vnode=1 START ===
[victim] core=128 node=1 ws=4096 KB duration=15 warmup=5 chase=1
[victim] warming up for 5 s …
[victim] measuring for 15 s …
[victim] interim: IPC=0.045  L2miss_rate=87.28%  iters=616
[victim] interim: IPC=0.045  L2miss_rate=87.28%  iters=1230
[victim] interim: IPC=0.045  L2miss_rate=87.28%  iters=1845
[victim] interim: IPC=0.045  L2miss_rate=87.28%  iters=2460
[victim] interim: IPC=0.045  L2miss_rate=87.28%  iters=3074
[victim] interim: IPC=0.045  L2miss_rate=87.28%  iters=3689
[victim] interim: IPC=0.045  L2miss_rate=87.28%  iters=4304
[victim] interim: IPC=0.045  L2miss_rate=87.28%  iters=4919
[victim] interim: IPC=0.045  L2miss_rate=87.28%  iters=5534
[victim] interim: IPC=0.045  L2miss_rate=87.28%  iters=6149
[victim] interim: IPC=0.045  L2miss_rate=87.28%  iters=6764
[victim] interim: IPC=0.045  L2miss_rate=87.28%  iters=7377
[victim] interim: IPC=0.045  L2miss_rate=87.28%  iters=7992
[victim] interim: IPC=0.045  L2miss_rate=87.28%  iters=8607
[victim] DONE: IPC=0.0453  L2_miss=87.28%
VICTIM core=128 ipc=0.0453 l2_miss_rate=87.28 cycles=33377096826 insns=1510542810 l2_hit=76826027 l2_miss=527107427 iters=9213 sec=15.00
=== BASELINE_RC profile=chase placement=B_diff_ccd_same_socket run=3 rc=0 ===
--- wb_t=8 wc_t=11 mode_order=wc_ntdqa wb_load ---
=== CORUN profile=chase placement=B_diff_ccd_same_socket run=3 mode=wc_ntdqa threads=11 vcore=128 vnode=1 cores=136,137,138,139,140,141,142,143,224,225,226 START ===
[victim] core=128 node=1 ws=4096 KB duration=15 warmup=5 chase=1
[victim] warming up for 5 s …
[aggressor] mode=wc_ntdqa threads=11 bufsz=256MB/thread throttle=0 MBps
[aggressor] mapped 2816 MB CXL memory at 0x7b6c66c00000
[victim] measuring for 15 s …
[aggressor] GO
[victim] interim: IPC=0.044  L2miss_rate=85.70%  iters=597
[victim] interim: IPC=0.044  L2miss_rate=85.16%  iters=1203
[victim] interim: IPC=0.044  L2miss_rate=84.98%  iters=1810
[victim] interim: IPC=0.045  L2miss_rate=84.89%  iters=2416
[victim] interim: IPC=0.045  L2miss_rate=84.91%  iters=3018
[victim] interim: IPC=0.045  L2miss_rate=84.86%  iters=3625
[victim] interim: IPC=0.045  L2miss_rate=84.83%  iters=4231
[victim] interim: IPC=0.045  L2miss_rate=84.80%  iters=4838
[victim] interim: IPC=0.045  L2miss_rate=84.78%  iters=5445
[victim] interim: IPC=0.045  L2miss_rate=84.76%  iters=6051
[victim] interim: IPC=0.045  L2miss_rate=84.81%  iters=6650
[victim] interim: IPC=0.045  L2miss_rate=84.79%  iters=7257
[victim] interim: IPC=0.045  L2miss_rate=84.78%  iters=7863
[victim] interim: IPC=0.045  L2miss_rate=84.77%  iters=8468
[victim] DONE: IPC=0.0446  L2_miss=84.76%
VICTIM core=128 ipc=0.0446 l2_miss_rate=84.76 cycles=33316612941 insns=1486606185 l2_hit=90574878 l2_miss=503789546 iters=9067 sec=15.00
thread  0  core 136  1.89 GB/s  (15.080 s)
thread  1  core 137  1.88 GB/s  (15.004 s)
thread  2  core 138  1.88 GB/s  (15.015 s)
thread  3  core 139  1.88 GB/s  (15.018 s)
thread  4  core 140  1.88 GB/s  (15.031 s)
thread  5  core 141  1.87 GB/s  (15.035 s)
thread  6  core 142  1.87 GB/s  (15.047 s)
thread  7  core 143  1.87 GB/s  (15.034 s)
thread  8  core 224  3.28 GB/s  (15.049 s)
thread  9  core 225  3.28 GB/s  (15.046 s)
thread 10  core 226  3.28 GB/s  (15.069 s)
---
aggregate: 24.80 GB/s  (11 threads, mode=wc_ntdqa)
RESULT mode=wc_ntdqa threads=11 bw_gbps=24.797 throttle=0
=== CORUN_RC profile=chase placement=B_diff_ccd_same_socket run=3 mode=wc_ntdqa victim_rc=0 aggressor_rc=0 ===
=== CORUN profile=chase placement=B_diff_ccd_same_socket run=3 mode=wb_load threads=8 vcore=128 vnode=1 cores=136,137,138,139,140,141,142,143 START ===
[victim] core=128 node=1 ws=4096 KB duration=15 warmup=5 chase=1
[victim] warming up for 5 s …
[aggressor] mode=wb_load threads=8 bufsz=256MB/thread throttle=0 MBps
[victim] measuring for 15 s …
[aggressor] mapped 2048 MB CXL memory at 0x7d897ee00000
[aggressor] GO
[victim] interim: IPC=0.043  L2miss_rate=91.18%  iters=580
[victim] interim: IPC=0.039  L2miss_rate=95.13%  iters=1050
[victim] interim: IPC=0.037  L2miss_rate=96.64%  iters=1523
[victim] interim: IPC=0.037  L2miss_rate=97.43%  iters=1991
[victim] interim: IPC=0.036  L2miss_rate=97.92%  iters=2462
[victim] interim: IPC=0.036  L2miss_rate=98.25%  iters=2933
[victim] interim: IPC=0.036  L2miss_rate=98.50%  iters=3403
[victim] interim: IPC=0.036  L2miss_rate=98.68%  iters=3867
[victim] interim: IPC=0.036  L2miss_rate=98.82%  iters=4335
[victim] interim: IPC=0.035  L2miss_rate=98.93%  iters=4807
[victim] interim: IPC=0.035  L2miss_rate=99.03%  iters=5277
[victim] interim: IPC=0.035  L2miss_rate=99.11%  iters=5748
[victim] interim: IPC=0.035  L2miss_rate=99.18%  iters=6219
[victim] interim: IPC=0.035  L2miss_rate=99.23%  iters=6691
[victim] DONE: IPC=0.0352  L2_miss=99.28%
VICTIM core=128 ipc=0.0352 l2_miss_rate=99.28 cycles=33308150431 insns=1172477954 l2_hit=3356511 l2_miss=465411134 iters=7151 sec=15.00
thread  0  core 136  3.09 GB/s  (15.006 s)
thread  1  core 137  3.11 GB/s  (15.026 s)
thread  2  core 138  3.17 GB/s  (15.009 s)
thread  3  core 139  3.17 GB/s  (15.007 s)
thread  4  core 140  3.09 GB/s  (15.022 s)
thread  5  core 141  3.09 GB/s  (15.028 s)
thread  6  core 142  3.09 GB/s  (15.024 s)
thread  7  core 143  3.08 GB/s  (15.008 s)
---
aggregate: 24.86 GB/s  (8 threads, mode=wb_load)
RESULT mode=wb_load threads=8 bw_gbps=24.864 throttle=0
=== CORUN_RC profile=chase placement=B_diff_ccd_same_socket run=3 mode=wb_load victim_rc=0 aggressor_rc=0 ===
=== BLOCK_END profile=chase placement=B_diff_ccd_same_socket run=3 ===
=== BLOCK_START profile=chase placement=B_diff_ccd_same_socket run=4 note=iso-BW ===
=== BASELINE profile=chase placement=B_diff_ccd_same_socket run=4 vcore=128 vnode=1 START ===
[victim] core=128 node=1 ws=4096 KB duration=15 warmup=5 chase=1
[victim] warming up for 5 s …
[victim] measuring for 15 s …
[victim] interim: IPC=0.044  L2miss_rate=87.07%  iters=600
[victim] interim: IPC=0.044  L2miss_rate=87.21%  iters=1203
[victim] interim: IPC=0.044  L2miss_rate=87.18%  iters=1813
[victim] interim: IPC=0.045  L2miss_rate=87.23%  iters=2427
[victim] interim: IPC=0.045  L2miss_rate=87.23%  iters=3042
[victim] interim: IPC=0.045  L2miss_rate=87.22%  iters=3655
[victim] interim: IPC=0.045  L2miss_rate=87.22%  iters=4270
[victim] interim: IPC=0.045  L2miss_rate=87.21%  iters=4885
[victim] interim: IPC=0.045  L2miss_rate=87.19%  iters=5496
[victim] interim: IPC=0.045  L2miss_rate=87.21%  iters=6110
[victim] interim: IPC=0.045  L2miss_rate=87.22%  iters=6725
[victim] interim: IPC=0.045  L2miss_rate=87.23%  iters=7340
[victim] interim: IPC=0.045  L2miss_rate=87.24%  iters=7955
[victim] interim: IPC=0.045  L2miss_rate=87.25%  iters=8569
[victim] DONE: IPC=0.0451  L2_miss=87.26%
VICTIM core=128 ipc=0.0451 l2_miss_rate=87.26 cycles=33381905121 insns=1504640515 l2_hit=76650477 l2_miss=524918359 iters=9177 sec=15.00
=== BASELINE_RC profile=chase placement=B_diff_ccd_same_socket run=4 rc=0 ===
--- wb_t=8 wc_t=11 mode_order=wc_ntdqa wb_load ---
=== CORUN profile=chase placement=B_diff_ccd_same_socket run=4 mode=wc_ntdqa threads=11 vcore=128 vnode=1 cores=136,137,138,139,140,141,142,143,224,225,226 START ===
[victim] core=128 node=1 ws=4096 KB duration=15 warmup=5 chase=1
[victim] warming up for 5 s …
[aggressor] mode=wc_ntdqa threads=11 bufsz=256MB/thread throttle=0 MBps
[aggressor] mapped 2816 MB CXL memory at 0x7d5c55000000
[victim] measuring for 15 s …
[aggressor] GO
[victim] interim: IPC=0.045  L2miss_rate=85.58%  iters=614
[victim] interim: IPC=0.046  L2miss_rate=85.11%  iters=1237
[victim] interim: IPC=0.046  L2miss_rate=84.95%  iters=1860
[victim] interim: IPC=0.046  L2miss_rate=84.87%  iters=2482
[victim] interim: IPC=0.046  L2miss_rate=84.83%  iters=3102
[victim] interim: IPC=0.046  L2miss_rate=84.80%  iters=3725
[victim] interim: IPC=0.046  L2miss_rate=84.83%  iters=4344
[victim] interim: IPC=0.046  L2miss_rate=84.81%  iters=4966
[victim] interim: IPC=0.046  L2miss_rate=84.79%  iters=5587
[victim] interim: IPC=0.046  L2miss_rate=84.77%  iters=6209
[victim] interim: IPC=0.046  L2miss_rate=84.76%  iters=6831
[victim] interim: IPC=0.046  L2miss_rate=84.77%  iters=7450
[victim] interim: IPC=0.046  L2miss_rate=84.76%  iters=8072
[victim] interim: IPC=0.046  L2miss_rate=84.75%  iters=8695
[victim] DONE: IPC=0.0458  L2_miss=84.75%
VICTIM core=128 ipc=0.0458 l2_miss_rate=84.75 cycles=33333754211 insns=1525954200 l2_hit=93062978 l2_miss=517026268 iters=9307 sec=15.00
thread  0  core 136  1.89 GB/s  (15.085 s)
thread  1  core 137  1.89 GB/s  (15.086 s)
thread  2  core 138  1.88 GB/s  (15.017 s)
thread  3  core 139  1.88 GB/s  (15.028 s)
thread  4  core 140  1.87 GB/s  (15.040 s)
thread  5  core 141  1.87 GB/s  (15.042 s)
thread  6  core 142  1.87 GB/s  (15.050 s)
thread  7  core 143  1.87 GB/s  (15.044 s)
thread  8  core 224  3.28 GB/s  (15.054 s)
thread  9  core 225  3.28 GB/s  (15.051 s)
thread 10  core 226  3.28 GB/s  (15.074 s)
---
aggregate: 24.80 GB/s  (11 threads, mode=wc_ntdqa)
RESULT mode=wc_ntdqa threads=11 bw_gbps=24.804 throttle=0
=== CORUN_RC profile=chase placement=B_diff_ccd_same_socket run=4 mode=wc_ntdqa victim_rc=0 aggressor_rc=0 ===
=== CORUN profile=chase placement=B_diff_ccd_same_socket run=4 mode=wb_load threads=8 vcore=128 vnode=1 cores=136,137,138,139,140,141,142,143 START ===
[victim] core=128 node=1 ws=4096 KB duration=15 warmup=5 chase=1
[victim] warming up for 5 s …
[aggressor] mode=wb_load threads=8 bufsz=256MB/thread throttle=0 MBps
[victim] measuring for 15 s …
[aggressor] mapped 2048 MB CXL memory at 0x71fcd8c00000
[aggressor] GO
[victim] interim: IPC=0.043  L2miss_rate=88.62%  iters=589
[victim] interim: IPC=0.039  L2miss_rate=93.69%  iters=1062
[victim] interim: IPC=0.038  L2miss_rate=95.63%  iters=1534
[victim] interim: IPC=0.037  L2miss_rate=96.66%  iters=2005
[victim] interim: IPC=0.036  L2miss_rate=97.29%  iters=2476
[victim] interim: IPC=0.036  L2miss_rate=97.72%  iters=2945
[victim] interim: IPC=0.036  L2miss_rate=98.04%  iters=3418
[victim] interim: IPC=0.036  L2miss_rate=98.28%  iters=3888
[victim] interim: IPC=0.036  L2miss_rate=98.46%  iters=4357
[victim] interim: IPC=0.036  L2miss_rate=98.61%  iters=4832
[victim] interim: IPC=0.036  L2miss_rate=98.74%  iters=5305
[victim] interim: IPC=0.035  L2miss_rate=98.84%  iters=5772
[victim] interim: IPC=0.035  L2miss_rate=98.93%  iters=6243
[victim] interim: IPC=0.035  L2miss_rate=99.00%  iters=6714
[victim] DONE: IPC=0.0353  L2_miss=99.07%
VICTIM core=128 ipc=0.0353 l2_miss_rate=99.07 cycles=33331042171 insns=1177068403 l2_hit=4395038 l2_miss=466218445 iters=7179 sec=15.00
thread  0  core 136  3.11 GB/s  (15.033 s)
thread  1  core 137  3.11 GB/s  (15.019 s)
thread  2  core 138  3.17 GB/s  (15.009 s)
thread  3  core 139  3.18 GB/s  (15.036 s)
thread  4  core 140  3.09 GB/s  (15.013 s)
thread  5  core 141  3.09 GB/s  (15.032 s)
thread  6  core 142  3.09 GB/s  (15.015 s)
thread  7  core 143  3.09 GB/s  (15.041 s)
---
aggregate: 24.90 GB/s  (8 threads, mode=wb_load)
RESULT mode=wb_load threads=8 bw_gbps=24.897 throttle=0
=== CORUN_RC profile=chase placement=B_diff_ccd_same_socket run=4 mode=wb_load victim_rc=0 aggressor_rc=0 ===
=== BLOCK_END profile=chase placement=B_diff_ccd_same_socket run=4 ===
=== BLOCK_START profile=chase placement=B_diff_ccd_same_socket run=5 note=iso-BW ===
=== BASELINE profile=chase placement=B_diff_ccd_same_socket run=5 vcore=128 vnode=1 START ===
[victim] core=128 node=1 ws=4096 KB duration=15 warmup=5 chase=1
[victim] warming up for 5 s …
[victim] measuring for 15 s …
[victim] interim: IPC=0.045  L2miss_rate=86.76%  iters=618
[victim] interim: IPC=0.045  L2miss_rate=86.87%  iters=1234
[victim] interim: IPC=0.045  L2miss_rate=86.99%  iters=1849
[victim] interim: IPC=0.045  L2miss_rate=86.91%  iters=2467
[victim] interim: IPC=0.045  L2miss_rate=86.86%  iters=3085
[victim] interim: IPC=0.045  L2miss_rate=86.91%  iters=3700
[victim] interim: IPC=0.045  L2miss_rate=86.96%  iters=4316
[victim] interim: IPC=0.045  L2miss_rate=86.99%  iters=4931
[victim] interim: IPC=0.045  L2miss_rate=87.02%  iters=5547
[victim] interim: IPC=0.045  L2miss_rate=87.04%  iters=6161
[victim] interim: IPC=0.045  L2miss_rate=87.06%  iters=6777
[victim] interim: IPC=0.045  L2miss_rate=87.03%  iters=7395
[victim] interim: IPC=0.045  L2miss_rate=87.03%  iters=8012
[victim] interim: IPC=0.045  L2miss_rate=87.05%  iters=8627
[victim] DONE: IPC=0.0453  L2_miss=87.06%
VICTIM core=128 ipc=0.0453 l2_miss_rate=87.06 cycles=33392390549 insns=1513821570 l2_hit=78334113 l2_miss=526905010 iters=9233 sec=15.00
=== BASELINE_RC profile=chase placement=B_diff_ccd_same_socket run=5 rc=0 ===
--- wb_t=8 wc_t=11 mode_order=wc_ntdqa wb_load ---
=== CORUN profile=chase placement=B_diff_ccd_same_socket run=5 mode=wc_ntdqa threads=11 vcore=128 vnode=1 cores=136,137,138,139,140,141,142,143,224,225,226 START ===
[victim] core=128 node=1 ws=4096 KB duration=15 warmup=5 chase=1
[victim] warming up for 5 s …
[aggressor] mode=wc_ntdqa threads=11 bufsz=256MB/thread throttle=0 MBps
[aggressor] mapped 2816 MB CXL memory at 0x7db1edc00000
[victim] measuring for 15 s …
[aggressor] GO
[victim] interim: IPC=0.045  L2miss_rate=85.42%  iters=618
[victim] interim: IPC=0.045  L2miss_rate=86.12%  iters=1225
[victim] interim: IPC=0.045  L2miss_rate=85.97%  iters=1843
[victim] interim: IPC=0.045  L2miss_rate=85.74%  iters=2464
[victim] interim: IPC=0.045  L2miss_rate=85.70%  iters=3083
[victim] interim: IPC=0.045  L2miss_rate=85.66%  iters=3701
[victim] interim: IPC=0.045  L2miss_rate=85.65%  iters=4319
[victim] interim: IPC=0.045  L2miss_rate=85.67%  iters=4935
[victim] interim: IPC=0.045  L2miss_rate=85.63%  iters=5553
[victim] interim: IPC=0.045  L2miss_rate=85.65%  iters=6170
[victim] interim: IPC=0.045  L2miss_rate=85.66%  iters=6788
[victim] interim: IPC=0.045  L2miss_rate=85.66%  iters=7406
[victim] interim: IPC=0.045  L2miss_rate=85.63%  iters=8025
[victim] interim: IPC=0.045  L2miss_rate=85.65%  iters=8642
[victim] DONE: IPC=0.0455  L2_miss=85.67%
VICTIM core=128 ipc=0.0455 l2_miss_rate=85.67 cycles=33344444875 insns=1516444815 l2_hit=86901852 l2_miss=519388049 iters=9249 sec=15.00
thread  0  core 136  1.88 GB/s  (15.017 s)
thread  1  core 137  1.88 GB/s  (15.011 s)
thread  2  core 138  1.88 GB/s  (15.027 s)
thread  3  core 139  1.88 GB/s  (15.032 s)
thread  4  core 140  1.87 GB/s  (15.045 s)
thread  5  core 141  1.87 GB/s  (15.046 s)
thread  6  core 142  1.87 GB/s  (15.051 s)
thread  7  core 143  1.87 GB/s  (15.044 s)
thread  8  core 224  3.28 GB/s  (15.042 s)
thread  9  core 225  3.28 GB/s  (15.053 s)
thread 10  core 226  3.28 GB/s  (15.074 s)
---
aggregate: 24.79 GB/s  (11 threads, mode=wc_ntdqa)
RESULT mode=wc_ntdqa threads=11 bw_gbps=24.788 throttle=0
=== CORUN_RC profile=chase placement=B_diff_ccd_same_socket run=5 mode=wc_ntdqa victim_rc=0 aggressor_rc=0 ===
=== CORUN profile=chase placement=B_diff_ccd_same_socket run=5 mode=wb_load threads=8 vcore=128 vnode=1 cores=136,137,138,139,140,141,142,143 START ===
[victim] core=128 node=1 ws=4096 KB duration=15 warmup=5 chase=1
[victim] warming up for 5 s …
[aggressor] mode=wb_load threads=8 bufsz=256MB/thread throttle=0 MBps
[victim] measuring for 15 s …
[aggressor] mapped 2048 MB CXL memory at 0x744652400000
[aggressor] GO
[victim] interim: IPC=0.043  L2miss_rate=88.59%  iters=590
[victim] interim: IPC=0.039  L2miss_rate=93.64%  iters=1059
[victim] interim: IPC=0.038  L2miss_rate=95.60%  iters=1530
[victim] interim: IPC=0.037  L2miss_rate=96.64%  iters=2004
[victim] interim: IPC=0.036  L2miss_rate=97.28%  iters=2475
[victim] interim: IPC=0.036  L2miss_rate=97.71%  iters=2943
[victim] interim: IPC=0.036  L2miss_rate=98.03%  iters=3412
[victim] interim: IPC=0.036  L2miss_rate=98.27%  iters=3884
[victim] interim: IPC=0.036  L2miss_rate=98.45%  iters=4353
[victim] interim: IPC=0.036  L2miss_rate=98.60%  iters=4824
[victim] interim: IPC=0.036  L2miss_rate=98.73%  iters=5297
[victim] interim: IPC=0.035  L2miss_rate=98.83%  iters=5769
[victim] interim: IPC=0.035  L2miss_rate=98.92%  iters=6244
[victim] interim: IPC=0.035  L2miss_rate=99.00%  iters=6714
[victim] DONE: IPC=0.0353  L2_miss=99.06%
VICTIM core=128 ipc=0.0353 l2_miss_rate=99.06 cycles=33327875526 insns=1176084794 l2_hit=4414287 l2_miss=465805857 iters=7173 sec=15.00
thread  0  core 136  3.10 GB/s  (15.044 s)
thread  1  core 137  3.11 GB/s  (15.022 s)
thread  2  core 138  3.18 GB/s  (15.045 s)
thread  3  core 139  3.18 GB/s  (15.045 s)
thread  4  core 140  3.09 GB/s  (15.020 s)
thread  5  core 141  3.09 GB/s  (15.033 s)
thread  6  core 142  3.09 GB/s  (15.018 s)
thread  7  core 143  3.07 GB/s  (15.018 s)
---
aggregate: 24.89 GB/s  (8 threads, mode=wb_load)
RESULT mode=wb_load threads=8 bw_gbps=24.889 throttle=0
=== CORUN_RC profile=chase placement=B_diff_ccd_same_socket run=5 mode=wb_load victim_rc=0 aggressor_rc=0 ===
=== BLOCK_END profile=chase placement=B_diff_ccd_same_socket run=5 ===
=== BLOCK_START profile=chase placement=C_diff_socket run=1 note=iso-BW ===
=== BASELINE profile=chase placement=C_diff_socket run=1 vcore=0 vnode=0 START ===
[victim] core=0 node=0 ws=4096 KB duration=15 warmup=5 chase=1
[victim] warming up for 5 s …
[victim] measuring for 15 s …
[victim] interim: IPC=0.046  L2miss_rate=85.66%  iters=623
[victim] interim: IPC=0.046  L2miss_rate=85.66%  iters=1245
[victim] interim: IPC=0.046  L2miss_rate=85.66%  iters=1866
[victim] interim: IPC=0.046  L2miss_rate=85.66%  iters=2486
[victim] interim: IPC=0.046  L2miss_rate=85.66%  iters=3108
[victim] interim: IPC=0.046  L2miss_rate=85.66%  iters=3730
[victim] interim: IPC=0.046  L2miss_rate=85.66%  iters=4352
[victim] interim: IPC=0.046  L2miss_rate=85.66%  iters=4974
[victim] interim: IPC=0.046  L2miss_rate=85.67%  iters=5596
[victim] interim: IPC=0.046  L2miss_rate=85.67%  iters=6218
[victim] interim: IPC=0.046  L2miss_rate=85.66%  iters=6839
[victim] interim: IPC=0.046  L2miss_rate=85.66%  iters=7461
[victim] interim: IPC=0.046  L2miss_rate=85.66%  iters=8083
[victim] interim: IPC=0.046  L2miss_rate=85.66%  iters=8705
[victim] DONE: IPC=0.0457  L2_miss=85.66%
VICTIM core=0 ipc=0.0457 l2_miss_rate=85.66 cycles=33403747152 insns=1527593850 l2_hit=87571991 l2_miss=523175753 iters=9317 sec=15.00
=== BASELINE_RC profile=chase placement=C_diff_socket run=1 rc=0 ===
--- wb_t=8 wc_t=11 mode_order=wb_load wc_ntdqa ---
=== CORUN profile=chase placement=C_diff_socket run=1 mode=wb_load threads=8 vcore=0 vnode=0 cores=136,137,138,139,140,141,142,143 START ===
[victim] core=0 node=0 ws=4096 KB duration=15 warmup=5 chase=1
[victim] warming up for 5 s …
[aggressor] mode=wb_load threads=8 bufsz=256MB/thread throttle=0 MBps
[victim] measuring for 15 s …
[aggressor] mapped 2048 MB CXL memory at 0x7f3eba800000
[aggressor] GO
[victim] interim: IPC=0.045  L2miss_rate=85.68%  iters=606
[victim] interim: IPC=0.044  L2miss_rate=85.67%  iters=1209
[victim] interim: IPC=0.045  L2miss_rate=85.67%  iters=1814
[victim] interim: IPC=0.045  L2miss_rate=85.67%  iters=2420
[victim] interim: IPC=0.045  L2miss_rate=85.67%  iters=3027
[victim] interim: IPC=0.045  L2miss_rate=85.67%  iters=3634
[victim] interim: IPC=0.045  L2miss_rate=85.67%  iters=4241
[victim] interim: IPC=0.045  L2miss_rate=85.67%  iters=4848
[victim] interim: IPC=0.045  L2miss_rate=85.67%  iters=5454
[victim] interim: IPC=0.045  L2miss_rate=85.67%  iters=6061
[victim] interim: IPC=0.045  L2miss_rate=85.67%  iters=6668
[victim] interim: IPC=0.045  L2miss_rate=85.67%  iters=7275
[victim] interim: IPC=0.045  L2miss_rate=85.67%  iters=7880
[victim] interim: IPC=0.045  L2miss_rate=85.67%  iters=8487
[victim] DONE: IPC=0.0446  L2_miss=85.67%
VICTIM core=0 ipc=0.0446 l2_miss_rate=85.67 cycles=33376327465 insns=1489065641 l2_hit=85318594 l2_miss=510029213 iters=9082 sec=15.00
thread  0  core 136  3.08 GB/s  (15.055 s)
thread  1  core 137  3.10 GB/s  (15.064 s)
thread  2  core 138  3.15 GB/s  (15.060 s)
thread  3  core 139  3.16 GB/s  (15.050 s)
thread  4  core 140  3.08 GB/s  (15.067 s)
thread  5  core 141  3.07 GB/s  (15.034 s)
thread  6  core 142  3.08 GB/s  (15.066 s)
thread  7  core 143  3.07 GB/s  (15.057 s)
---
aggregate: 24.78 GB/s  (8 threads, mode=wb_load)
RESULT mode=wb_load threads=8 bw_gbps=24.782 throttle=0
=== CORUN_RC profile=chase placement=C_diff_socket run=1 mode=wb_load victim_rc=0 aggressor_rc=0 ===
=== CORUN profile=chase placement=C_diff_socket run=1 mode=wc_ntdqa threads=11 vcore=0 vnode=0 cores=136,137,138,139,140,141,142,143,224,225,226 START ===
[victim] core=0 node=0 ws=4096 KB duration=15 warmup=5 chase=1
[victim] warming up for 5 s …
[aggressor] mode=wc_ntdqa threads=11 bufsz=256MB/thread throttle=0 MBps
[aggressor] mapped 2816 MB CXL memory at 0x786089800000
[victim] measuring for 15 s …
[aggressor] GO
[victim] interim: IPC=0.045  L2miss_rate=86.30%  iters=616
[victim] interim: IPC=0.045  L2miss_rate=86.30%  iters=1234
[victim] interim: IPC=0.045  L2miss_rate=86.30%  iters=1853
[victim] interim: IPC=0.045  L2miss_rate=86.30%  iters=2472
[victim] interim: IPC=0.046  L2miss_rate=86.30%  iters=3090
[victim] interim: IPC=0.046  L2miss_rate=86.30%  iters=3708
[victim] interim: IPC=0.046  L2miss_rate=86.30%  iters=4327
[victim] interim: IPC=0.046  L2miss_rate=86.30%  iters=4946
[victim] interim: IPC=0.046  L2miss_rate=86.30%  iters=5564
[victim] interim: IPC=0.046  L2miss_rate=86.30%  iters=6181
[victim] interim: IPC=0.046  L2miss_rate=86.30%  iters=6799
[victim] interim: IPC=0.046  L2miss_rate=86.30%  iters=7418
[victim] interim: IPC=0.046  L2miss_rate=86.30%  iters=8036
[victim] interim: IPC=0.046  L2miss_rate=86.30%  iters=8654
[victim] DONE: IPC=0.0455  L2_miss=86.30%
VICTIM core=0 ipc=0.0455 l2_miss_rate=86.30 cycles=33353947578 insns=1518576920 l2_hit=83193481 l2_miss=523952070 iters=9262 sec=15.00
thread  0  core 136  1.89 GB/s  (15.082 s)
thread  1  core 137  1.89 GB/s  (15.080 s)
thread  2  core 138  1.88 GB/s  (15.014 s)
thread  3  core 139  1.88 GB/s  (15.026 s)
thread  4  core 140  1.87 GB/s  (15.039 s)
thread  5  core 141  1.87 GB/s  (15.033 s)
thread  6  core 142  1.87 GB/s  (15.048 s)
thread  7  core 143  1.87 GB/s  (15.037 s)
thread  8  core 224  3.28 GB/s  (15.048 s)
thread  9  core 225  3.28 GB/s  (15.047 s)
thread 10  core 226  3.28 GB/s  (15.072 s)
---
aggregate: 24.81 GB/s  (11 threads, mode=wc_ntdqa)
RESULT mode=wc_ntdqa threads=11 bw_gbps=24.810 throttle=0
=== CORUN_RC profile=chase placement=C_diff_socket run=1 mode=wc_ntdqa victim_rc=0 aggressor_rc=0 ===
=== BLOCK_END profile=chase placement=C_diff_socket run=1 ===
=== BLOCK_START profile=chase placement=C_diff_socket run=2 note=iso-BW ===
=== BASELINE profile=chase placement=C_diff_socket run=2 vcore=0 vnode=0 START ===
[victim] core=0 node=0 ws=4096 KB duration=15 warmup=5 chase=1
[victim] warming up for 5 s …
[victim] measuring for 15 s …
[victim] interim: IPC=0.046  L2miss_rate=84.59%  iters=627
[victim] interim: IPC=0.046  L2miss_rate=84.58%  iters=1253
[victim] interim: IPC=0.046  L2miss_rate=84.59%  iters=1879
[victim] interim: IPC=0.046  L2miss_rate=84.59%  iters=2505
[victim] interim: IPC=0.046  L2miss_rate=84.59%  iters=3131
[victim] interim: IPC=0.046  L2miss_rate=84.59%  iters=3757
[victim] interim: IPC=0.046  L2miss_rate=84.59%  iters=4383
[victim] interim: IPC=0.046  L2miss_rate=84.59%  iters=5008
[victim] interim: IPC=0.046  L2miss_rate=84.59%  iters=5634
[victim] interim: IPC=0.046  L2miss_rate=84.59%  iters=6260
[victim] interim: IPC=0.046  L2miss_rate=84.59%  iters=6886
[victim] interim: IPC=0.046  L2miss_rate=84.59%  iters=7512
[victim] interim: IPC=0.046  L2miss_rate=84.59%  iters=8138
[victim] interim: IPC=0.046  L2miss_rate=84.58%  iters=8764
[victim] DONE: IPC=0.0461  L2_miss=84.59%
VICTIM core=0 ipc=0.0461 l2_miss_rate=84.59 cycles=33407477310 insns=1538578449 l2_hit=94821145 l2_miss=520316305 iters=9384 sec=15.00
=== BASELINE_RC profile=chase placement=C_diff_socket run=2 rc=0 ===
--- wb_t=8 wc_t=11 mode_order=wc_ntdqa wb_load ---
=== CORUN profile=chase placement=C_diff_socket run=2 mode=wc_ntdqa threads=11 vcore=0 vnode=0 cores=136,137,138,139,140,141,142,143,224,225,226 START ===
[victim] core=0 node=0 ws=4096 KB duration=15 warmup=5 chase=1
[victim] warming up for 5 s …
[aggressor] mode=wc_ntdqa threads=11 bufsz=256MB/thread throttle=0 MBps
[aggressor] mapped 2816 MB CXL memory at 0x7d9b72400000
[victim] measuring for 15 s …
[aggressor] GO
[victim] interim: IPC=0.045  L2miss_rate=86.34%  iters=618
[victim] interim: IPC=0.046  L2miss_rate=86.33%  iters=1236
[victim] interim: IPC=0.046  L2miss_rate=86.33%  iters=1854
[victim] interim: IPC=0.046  L2miss_rate=86.33%  iters=2473
[victim] interim: IPC=0.046  L2miss_rate=86.33%  iters=3091
[victim] interim: IPC=0.046  L2miss_rate=86.33%  iters=3709
[victim] interim: IPC=0.046  L2miss_rate=86.33%  iters=4326
[victim] interim: IPC=0.046  L2miss_rate=86.33%  iters=4944
[victim] interim: IPC=0.046  L2miss_rate=86.33%  iters=5562
[victim] interim: IPC=0.046  L2miss_rate=86.33%  iters=6181
[victim] interim: IPC=0.046  L2miss_rate=86.33%  iters=6800
[victim] interim: IPC=0.046  L2miss_rate=86.33%  iters=7419
[victim] interim: IPC=0.046  L2miss_rate=86.33%  iters=8038
[victim] interim: IPC=0.046  L2miss_rate=86.33%  iters=8656
[victim] DONE: IPC=0.0455  L2_miss=86.33%
VICTIM core=0 ipc=0.0455 l2_miss_rate=86.33 cycles=33359492526 insns=1519068319 l2_hit=83025947 l2_miss=524323827 iters=9265 sec=15.00
thread  0  core 136  1.89 GB/s  (15.079 s)
thread  1  core 137  1.89 GB/s  (15.077 s)
thread  2  core 138  1.88 GB/s  (15.007 s)
thread  3  core 139  1.88 GB/s  (15.015 s)
thread  4  core 140  1.88 GB/s  (15.029 s)
thread  5  core 141  1.88 GB/s  (15.030 s)
thread  6  core 142  1.87 GB/s  (15.044 s)
thread  7  core 143  1.88 GB/s  (15.031 s)
thread  8  core 224  3.28 GB/s  (15.041 s)
thread  9  core 225  3.28 GB/s  (15.050 s)
thread 10  core 226  3.28 GB/s  (15.068 s)
---
aggregate: 24.82 GB/s  (11 threads, mode=wc_ntdqa)
RESULT mode=wc_ntdqa threads=11 bw_gbps=24.816 throttle=0
=== CORUN_RC profile=chase placement=C_diff_socket run=2 mode=wc_ntdqa victim_rc=0 aggressor_rc=0 ===
=== CORUN profile=chase placement=C_diff_socket run=2 mode=wb_load threads=8 vcore=0 vnode=0 cores=136,137,138,139,140,141,142,143 START ===
[victim] core=0 node=0 ws=4096 KB duration=15 warmup=5 chase=1
[victim] warming up for 5 s …
[aggressor] mode=wb_load threads=8 bufsz=256MB/thread throttle=0 MBps
[victim] measuring for 15 s …
[aggressor] mapped 2048 MB CXL memory at 0x7f02ebe00000
[aggressor] GO
[victim] interim: IPC=0.045  L2miss_rate=88.37%  iters=611
[victim] interim: IPC=0.045  L2miss_rate=88.37%  iters=1222
[victim] interim: IPC=0.045  L2miss_rate=88.37%  iters=1833
[victim] interim: IPC=0.045  L2miss_rate=88.30%  iters=2444
[victim] interim: IPC=0.045  L2miss_rate=88.31%  iters=3053
[victim] interim: IPC=0.045  L2miss_rate=88.30%  iters=3664
[victim] interim: IPC=0.045  L2miss_rate=88.27%  iters=4276
[victim] interim: IPC=0.045  L2miss_rate=88.28%  iters=4887
[victim] interim: IPC=0.045  L2miss_rate=88.29%  iters=5498
[victim] interim: IPC=0.045  L2miss_rate=88.30%  iters=6109
[victim] interim: IPC=0.045  L2miss_rate=88.30%  iters=6720
[victim] interim: IPC=0.045  L2miss_rate=88.31%  iters=7330
[victim] interim: IPC=0.045  L2miss_rate=88.31%  iters=7941
[victim] interim: IPC=0.045  L2miss_rate=88.32%  iters=8552
[victim] DONE: IPC=0.0450  L2_miss=88.32%
VICTIM core=0 ipc=0.0450 l2_miss_rate=88.32 cycles=33374527910 insns=1500541947 l2_hit=70066209 l2_miss=529866036 iters=9152 sec=15.00
thread  0  core 136  3.10 GB/s  (15.004 s)
thread  1  core 137  3.11 GB/s  (15.035 s)
thread  2  core 138  3.16 GB/s  (15.014 s)
thread  3  core 139  3.18 GB/s  (15.043 s)
thread  4  core 140  3.09 GB/s  (15.031 s)
thread  5  core 141  3.09 GB/s  (15.043 s)
thread  6  core 142  3.09 GB/s  (15.031 s)
thread  7  core 143  3.08 GB/s  (15.014 s)
---
aggregate: 24.86 GB/s  (8 threads, mode=wb_load)
RESULT mode=wb_load threads=8 bw_gbps=24.857 throttle=0
=== CORUN_RC profile=chase placement=C_diff_socket run=2 mode=wb_load victim_rc=0 aggressor_rc=0 ===
=== BLOCK_END profile=chase placement=C_diff_socket run=2 ===
=== BLOCK_START profile=chase placement=C_diff_socket run=3 note=iso-BW ===
=== BASELINE profile=chase placement=C_diff_socket run=3 vcore=0 vnode=0 START ===
[victim] core=0 node=0 ws=4096 KB duration=15 warmup=5 chase=1
[victim] warming up for 5 s …
[victim] measuring for 15 s …
[victim] interim: IPC=0.045  L2miss_rate=85.74%  iters=607
[victim] interim: IPC=0.045  L2miss_rate=85.74%  iters=1212
[victim] interim: IPC=0.045  L2miss_rate=85.74%  iters=1818
[victim] interim: IPC=0.045  L2miss_rate=85.74%  iters=2424
[victim] interim: IPC=0.045  L2miss_rate=85.74%  iters=3031
[victim] interim: IPC=0.045  L2miss_rate=85.74%  iters=3637
[victim] interim: IPC=0.045  L2miss_rate=85.74%  iters=4243
[victim] interim: IPC=0.045  L2miss_rate=85.74%  iters=4849
[victim] interim: IPC=0.045  L2miss_rate=85.74%  iters=5456
[victim] interim: IPC=0.045  L2miss_rate=85.74%  iters=6062
[victim] interim: IPC=0.045  L2miss_rate=85.74%  iters=6668
[victim] interim: IPC=0.045  L2miss_rate=85.74%  iters=7274
[victim] interim: IPC=0.045  L2miss_rate=85.74%  iters=7879
[victim] interim: IPC=0.045  L2miss_rate=85.74%  iters=8486
[victim] DONE: IPC=0.0446  L2_miss=85.74%
VICTIM core=0 ipc=0.0446 l2_miss_rate=85.74 cycles=33407326375 insns=1489885330 l2_hit=84919098 l2_miss=510754014 iters=9087 sec=15.00
=== BASELINE_RC profile=chase placement=C_diff_socket run=3 rc=0 ===
--- wb_t=8 wc_t=11 mode_order=wb_load wc_ntdqa ---
=== CORUN profile=chase placement=C_diff_socket run=3 mode=wb_load threads=8 vcore=0 vnode=0 cores=136,137,138,139,140,141,142,143 START ===
[victim] core=0 node=0 ws=4096 KB duration=15 warmup=5 chase=1
[victim] warming up for 5 s …
[aggressor] mode=wb_load threads=8 bufsz=256MB/thread throttle=0 MBps
[victim] measuring for 15 s …
[aggressor] mapped 2048 MB CXL memory at 0x77d036200000
[aggressor] GO
[victim] interim: IPC=0.046  L2miss_rate=85.69%  iters=621
[victim] interim: IPC=0.046  L2miss_rate=85.69%  iters=1242
[victim] interim: IPC=0.046  L2miss_rate=85.69%  iters=1864
[victim] interim: IPC=0.046  L2miss_rate=85.69%  iters=2485
[victim] interim: IPC=0.046  L2miss_rate=85.69%  iters=3106
[victim] interim: IPC=0.046  L2miss_rate=85.69%  iters=3727
[victim] interim: IPC=0.046  L2miss_rate=85.69%  iters=4348
[victim] interim: IPC=0.046  L2miss_rate=85.69%  iters=4969
[victim] interim: IPC=0.046  L2miss_rate=85.69%  iters=5590
[victim] interim: IPC=0.046  L2miss_rate=85.69%  iters=6211
[victim] interim: IPC=0.046  L2miss_rate=85.69%  iters=6830
[victim] interim: IPC=0.046  L2miss_rate=85.69%  iters=7451
[victim] interim: IPC=0.046  L2miss_rate=85.69%  iters=8072
[victim] interim: IPC=0.046  L2miss_rate=85.69%  iters=8693
[victim] DONE: IPC=0.0457  L2_miss=85.69%
VICTIM core=0 ipc=0.0457 l2_miss_rate=85.69 cycles=33363285109 insns=1525954347 l2_hit=87313953 l2_miss=522779815 iters=9307 sec=15.00
thread  0  core 136  3.09 GB/s  (15.037 s)
thread  1  core 137  3.10 GB/s  (15.057 s)
thread  2  core 138  3.16 GB/s  (15.040 s)
thread  3  core 139  3.16 GB/s  (15.032 s)
thread  4  core 140  3.08 GB/s  (15.056 s)
thread  5  core 141  3.07 GB/s  (15.019 s)
thread  6  core 142  3.08 GB/s  (15.055 s)
thread  7  core 143  3.07 GB/s  (15.055 s)
---
aggregate: 24.80 GB/s  (8 threads, mode=wb_load)
RESULT mode=wb_load threads=8 bw_gbps=24.798 throttle=0
=== CORUN_RC profile=chase placement=C_diff_socket run=3 mode=wb_load victim_rc=0 aggressor_rc=0 ===
=== CORUN profile=chase placement=C_diff_socket run=3 mode=wc_ntdqa threads=11 vcore=0 vnode=0 cores=136,137,138,139,140,141,142,143,224,225,226 START ===
[victim] core=0 node=0 ws=4096 KB duration=15 warmup=5 chase=1
[victim] warming up for 5 s …
[aggressor] mode=wc_ntdqa threads=11 bufsz=256MB/thread throttle=0 MBps
[aggressor] mapped 2816 MB CXL memory at 0x706e74e00000
[victim] measuring for 15 s …
[aggressor] GO
[victim] interim: IPC=0.045  L2miss_rate=87.30%  iters=616
[victim] interim: IPC=0.045  L2miss_rate=87.30%  iters=1231
[victim] interim: IPC=0.045  L2miss_rate=87.30%  iters=1846
[victim] interim: IPC=0.045  L2miss_rate=87.30%  iters=2461
[victim] interim: IPC=0.045  L2miss_rate=87.30%  iters=3075
[victim] interim: IPC=0.045  L2miss_rate=87.30%  iters=3690
[victim] interim: IPC=0.045  L2miss_rate=87.30%  iters=4305
[victim] interim: IPC=0.045  L2miss_rate=87.30%  iters=4918
[victim] interim: IPC=0.045  L2miss_rate=87.30%  iters=5533
[victim] interim: IPC=0.045  L2miss_rate=87.30%  iters=6147
[victim] interim: IPC=0.045  L2miss_rate=87.30%  iters=6762
[victim] interim: IPC=0.045  L2miss_rate=87.30%  iters=7377
[victim] interim: IPC=0.045  L2miss_rate=87.30%  iters=7992
[victim] interim: IPC=0.045  L2miss_rate=87.30%  iters=8607
[victim] DONE: IPC=0.0453  L2_miss=87.30%
VICTIM core=0 ipc=0.0453 l2_miss_rate=87.30 cycles=33362319599 insns=1510214456 l2_hit=76669343 l2_miss=527130912 iters=9211 sec=15.00
thread  0  core 136  1.89 GB/s  (15.080 s)
thread  1  core 137  1.89 GB/s  (15.078 s)
thread  2  core 138  1.88 GB/s  (15.010 s)
thread  3  core 139  1.88 GB/s  (15.015 s)
thread  4  core 140  1.88 GB/s  (15.029 s)
thread  5  core 141  1.88 GB/s  (15.031 s)
thread  6  core 142  1.87 GB/s  (15.041 s)
thread  7  core 143  1.88 GB/s  (15.031 s)
thread  8  core 224  3.28 GB/s  (15.042 s)
thread  9  core 225  3.28 GB/s  (15.051 s)
thread 10  core 226  3.28 GB/s  (15.065 s)
---
aggregate: 24.81 GB/s  (11 threads, mode=wc_ntdqa)
RESULT mode=wc_ntdqa threads=11 bw_gbps=24.815 throttle=0
=== CORUN_RC profile=chase placement=C_diff_socket run=3 mode=wc_ntdqa victim_rc=0 aggressor_rc=0 ===
=== BLOCK_END profile=chase placement=C_diff_socket run=3 ===
=== BLOCK_START profile=chase placement=C_diff_socket run=4 note=iso-BW ===
=== BASELINE profile=chase placement=C_diff_socket run=4 vcore=0 vnode=0 START ===
[victim] core=0 node=0 ws=4096 KB duration=15 warmup=5 chase=1
[victim] warming up for 5 s …
[victim] measuring for 15 s …
[victim] interim: IPC=0.045  L2miss_rate=87.27%  iters=616
[victim] interim: IPC=0.045  L2miss_rate=87.27%  iters=1231
[victim] interim: IPC=0.045  L2miss_rate=87.27%  iters=1846
[victim] interim: IPC=0.045  L2miss_rate=87.27%  iters=2461
[victim] interim: IPC=0.045  L2miss_rate=87.27%  iters=3076
[victim] interim: IPC=0.045  L2miss_rate=87.27%  iters=3690
[victim] interim: IPC=0.045  L2miss_rate=87.27%  iters=4305
[victim] interim: IPC=0.045  L2miss_rate=87.27%  iters=4920
[victim] interim: IPC=0.045  L2miss_rate=87.27%  iters=5535
[victim] interim: IPC=0.045  L2miss_rate=87.27%  iters=6150
[victim] interim: IPC=0.045  L2miss_rate=87.26%  iters=6764
[victim] interim: IPC=0.045  L2miss_rate=87.23%  iters=7381
[victim] interim: IPC=0.045  L2miss_rate=87.24%  iters=7996
[victim] interim: IPC=0.045  L2miss_rate=87.24%  iters=8611
[victim] DONE: IPC=0.0453  L2_miss=87.24%
VICTIM core=0 ipc=0.0453 l2_miss_rate=87.24 cycles=33402400396 insns=1511690484 l2_hit=77116283 l2_miss=527276367 iters=9220 sec=15.00
=== BASELINE_RC profile=chase placement=C_diff_socket run=4 rc=0 ===
--- wb_t=8 wc_t=11 mode_order=wc_ntdqa wb_load ---
=== CORUN profile=chase placement=C_diff_socket run=4 mode=wc_ntdqa threads=11 vcore=0 vnode=0 cores=136,137,138,139,140,141,142,143,224,225,226 START ===
[victim] core=0 node=0 ws=4096 KB duration=15 warmup=5 chase=1
[victim] warming up for 5 s …
[aggressor] mode=wc_ntdqa threads=11 bufsz=256MB/thread throttle=0 MBps
[aggressor] mapped 2816 MB CXL memory at 0x7dcc09c00000
[victim] measuring for 15 s …
[aggressor] GO
[victim] interim: IPC=0.044  L2miss_rate=86.24%  iters=604
[victim] interim: IPC=0.044  L2miss_rate=86.24%  iters=1207
[victim] interim: IPC=0.044  L2miss_rate=86.24%  iters=1810
[victim] interim: IPC=0.044  L2miss_rate=86.24%  iters=2413
[victim] interim: IPC=0.044  L2miss_rate=86.24%  iters=3016
[victim] interim: IPC=0.044  L2miss_rate=86.24%  iters=3619
[victim] interim: IPC=0.044  L2miss_rate=86.24%  iters=4222
[victim] interim: IPC=0.044  L2miss_rate=86.24%  iters=4825
[victim] interim: IPC=0.044  L2miss_rate=86.24%  iters=5428
[victim] interim: IPC=0.044  L2miss_rate=86.24%  iters=6031
[victim] interim: IPC=0.044  L2miss_rate=86.24%  iters=6634
[victim] interim: IPC=0.044  L2miss_rate=86.24%  iters=7237
[victim] interim: IPC=0.044  L2miss_rate=86.24%  iters=7840
[victim] interim: IPC=0.044  L2miss_rate=86.24%  iters=8443
[victim] DONE: IPC=0.0444  L2_miss=86.24%
VICTIM core=0 ipc=0.0444 l2_miss_rate=86.24 cycles=33363828576 insns=1482670966 l2_hit=81563124 l2_miss=511241606 iters=9043 sec=15.00
thread  0  core 136  1.89 GB/s  (15.077 s)
thread  1  core 137  1.89 GB/s  (15.071 s)
thread  2  core 138  1.89 GB/s  (15.080 s)
thread  3  core 139  1.88 GB/s  (15.012 s)
thread  4  core 140  1.88 GB/s  (15.030 s)
thread  5  core 141  1.88 GB/s  (15.024 s)
thread  6  core 142  1.87 GB/s  (15.036 s)
thread  7  core 143  1.88 GB/s  (15.025 s)
thread  8  core 224  3.28 GB/s  (15.062 s)
thread  9  core 225  3.28 GB/s  (15.058 s)
thread 10  core 226  3.27 GB/s  (15.009 s)
---
aggregate: 24.81 GB/s  (11 threads, mode=wc_ntdqa)
RESULT mode=wc_ntdqa threads=11 bw_gbps=24.814 throttle=0
=== CORUN_RC profile=chase placement=C_diff_socket run=4 mode=wc_ntdqa victim_rc=0 aggressor_rc=0 ===
=== CORUN profile=chase placement=C_diff_socket run=4 mode=wb_load threads=8 vcore=0 vnode=0 cores=136,137,138,139,140,141,142,143 START ===
[victim] core=0 node=0 ws=4096 KB duration=15 warmup=5 chase=1
[victim] warming up for 5 s …
[aggressor] mode=wb_load threads=8 bufsz=256MB/thread throttle=0 MBps
[victim] measuring for 15 s …
[aggressor] mapped 2048 MB CXL memory at 0x7680cd200000
[aggressor] GO
[victim] interim: IPC=0.045  L2miss_rate=85.62%  iters=607
[victim] interim: IPC=0.045  L2miss_rate=85.63%  iters=1212
[victim] interim: IPC=0.045  L2miss_rate=85.63%  iters=1817
[victim] interim: IPC=0.045  L2miss_rate=85.63%  iters=2423
[victim] interim: IPC=0.045  L2miss_rate=85.63%  iters=3030
[victim] interim: IPC=0.045  L2miss_rate=85.63%  iters=3636
[victim] interim: IPC=0.045  L2miss_rate=85.63%  iters=4242
[victim] interim: IPC=0.045  L2miss_rate=85.63%  iters=4849
[victim] interim: IPC=0.045  L2miss_rate=85.63%  iters=5455
[victim] interim: IPC=0.045  L2miss_rate=85.63%  iters=6061
[victim] interim: IPC=0.045  L2miss_rate=85.63%  iters=6667
[victim] interim: IPC=0.045  L2miss_rate=85.63%  iters=7273
[victim] interim: IPC=0.045  L2miss_rate=85.63%  iters=7880
[victim] interim: IPC=0.045  L2miss_rate=85.63%  iters=8487
[victim] DONE: IPC=0.0446  L2_miss=85.62%
VICTIM core=0 ipc=0.0446 l2_miss_rate=85.62 cycles=33370764028 insns=1489885448 l2_hit=85630913 l2_miss=510052279 iters=9087 sec=15.00
thread  0  core 136  3.09 GB/s  (15.030 s)
thread  1  core 137  3.10 GB/s  (15.048 s)
thread  2  core 138  3.16 GB/s  (15.037 s)
thread  3  core 139  3.17 GB/s  (15.007 s)
thread  4  core 140  3.09 GB/s  (15.040 s)
thread  5  core 141  3.09 GB/s  (15.049 s)
thread  6  core 142  3.09 GB/s  (15.038 s)
thread  7  core 143  3.08 GB/s  (15.014 s)
---
aggregate: 24.83 GB/s  (8 threads, mode=wb_load)
RESULT mode=wb_load threads=8 bw_gbps=24.829 throttle=0
=== CORUN_RC profile=chase placement=C_diff_socket run=4 mode=wb_load victim_rc=0 aggressor_rc=0 ===
=== BLOCK_END profile=chase placement=C_diff_socket run=4 ===
=== BLOCK_START profile=chase placement=C_diff_socket run=5 note=iso-BW ===
=== BASELINE profile=chase placement=C_diff_socket run=5 vcore=0 vnode=0 START ===
[victim] core=0 node=0 ws=4096 KB duration=15 warmup=5 chase=1
[victim] warming up for 5 s …
[victim] measuring for 15 s …
[victim] interim: IPC=0.044  L2miss_rate=87.20%  iters=600
[victim] interim: IPC=0.044  L2miss_rate=87.20%  iters=1199
[victim] interim: IPC=0.044  L2miss_rate=87.20%  iters=1798
[victim] interim: IPC=0.044  L2miss_rate=87.20%  iters=2397
[victim] interim: IPC=0.044  L2miss_rate=87.20%  iters=2997
[victim] interim: IPC=0.044  L2miss_rate=87.20%  iters=3596
[victim] interim: IPC=0.044  L2miss_rate=87.20%  iters=4195
[victim] interim: IPC=0.044  L2miss_rate=87.20%  iters=4795
[victim] interim: IPC=0.044  L2miss_rate=87.20%  iters=5394
[victim] interim: IPC=0.044  L2miss_rate=87.20%  iters=5994
[victim] interim: IPC=0.044  L2miss_rate=87.20%  iters=6592
[victim] interim: IPC=0.044  L2miss_rate=87.20%  iters=7192
[victim] interim: IPC=0.044  L2miss_rate=87.20%  iters=7792
[victim] interim: IPC=0.044  L2miss_rate=87.20%  iters=8392
[victim] DONE: IPC=0.0441  L2_miss=87.20%
VICTIM core=0 ipc=0.0441 l2_miss_rate=87.20 cycles=33407855244 insns=1473162568 l2_hit=75409336 l2_miss=513584407 iters=8985 sec=15.00
=== BASELINE_RC profile=chase placement=C_diff_socket run=5 rc=0 ===
--- wb_t=8 wc_t=11 mode_order=wb_load wc_ntdqa ---
=== CORUN profile=chase placement=C_diff_socket run=5 mode=wb_load threads=8 vcore=0 vnode=0 cores=136,137,138,139,140,141,142,143 START ===
[victim] core=0 node=0 ws=4096 KB duration=15 warmup=5 chase=1
[victim] warming up for 5 s …
[aggressor] mode=wb_load threads=8 bufsz=256MB/thread throttle=0 MBps
[victim] measuring for 15 s …
[aggressor] mapped 2048 MB CXL memory at 0x78a967200000
[aggressor] GO
[victim] interim: IPC=0.044  L2miss_rate=86.18%  iters=605
[victim] interim: IPC=0.044  L2miss_rate=86.18%  iters=1209
[victim] interim: IPC=0.044  L2miss_rate=86.18%  iters=1813
[victim] interim: IPC=0.044  L2miss_rate=86.18%  iters=2417
[victim] interim: IPC=0.044  L2miss_rate=86.18%  iters=3021
[victim] interim: IPC=0.044  L2miss_rate=86.18%  iters=3625
[victim] interim: IPC=0.044  L2miss_rate=86.18%  iters=4229
[victim] interim: IPC=0.044  L2miss_rate=86.18%  iters=4833
[victim] interim: IPC=0.044  L2miss_rate=86.18%  iters=5435
[victim] interim: IPC=0.044  L2miss_rate=86.18%  iters=6039
[victim] interim: IPC=0.044  L2miss_rate=86.18%  iters=6643
[victim] interim: IPC=0.044  L2miss_rate=86.18%  iters=7247
[victim] interim: IPC=0.044  L2miss_rate=86.18%  iters=7851
[victim] interim: IPC=0.044  L2miss_rate=86.18%  iters=8455
[victim] DONE: IPC=0.0445  L2_miss=86.18%
VICTIM core=0 ipc=0.0445 l2_miss_rate=86.18 cycles=33380437576 insns=1483818664 l2_hit=81983778 l2_miss=511263879 iters=9050 sec=15.00
thread  0  core 136  3.08 GB/s  (15.056 s)
thread  1  core 137  3.10 GB/s  (15.053 s)
thread  2  core 138  3.16 GB/s  (15.045 s)
thread  3  core 139  3.16 GB/s  (15.043 s)
thread  4  core 140  3.08 GB/s  (15.059 s)
thread  5  core 141  3.07 GB/s  (15.023 s)
thread  6  core 142  3.08 GB/s  (15.057 s)
thread  7  core 143  3.07 GB/s  (15.039 s)
---
aggregate: 24.79 GB/s  (8 threads, mode=wb_load)
RESULT mode=wb_load threads=8 bw_gbps=24.795 throttle=0
=== CORUN_RC profile=chase placement=C_diff_socket run=5 mode=wb_load victim_rc=0 aggressor_rc=0 ===
=== CORUN profile=chase placement=C_diff_socket run=5 mode=wc_ntdqa threads=11 vcore=0 vnode=0 cores=136,137,138,139,140,141,142,143,224,225,226 START ===
[victim] core=0 node=0 ws=4096 KB duration=15 warmup=5 chase=1
[victim] warming up for 5 s …
[aggressor] mode=wc_ntdqa threads=11 bufsz=256MB/thread throttle=0 MBps
[aggressor] mapped 2816 MB CXL memory at 0x730dc2e00000
[victim] measuring for 15 s …
[aggressor] GO
[victim] interim: IPC=0.045  L2miss_rate=84.59%  iters=612
[victim] interim: IPC=0.045  L2miss_rate=84.59%  iters=1223
[victim] interim: IPC=0.045  L2miss_rate=84.59%  iters=1834
[victim] interim: IPC=0.045  L2miss_rate=84.59%  iters=2445
[victim] interim: IPC=0.045  L2miss_rate=84.59%  iters=3056
[victim] interim: IPC=0.045  L2miss_rate=84.59%  iters=3666
[victim] interim: IPC=0.045  L2miss_rate=84.59%  iters=4277
[victim] interim: IPC=0.045  L2miss_rate=84.59%  iters=4888
[victim] interim: IPC=0.045  L2miss_rate=84.59%  iters=5499
[victim] interim: IPC=0.045  L2miss_rate=84.59%  iters=6110
[victim] interim: IPC=0.045  L2miss_rate=84.59%  iters=6721
[victim] interim: IPC=0.045  L2miss_rate=84.59%  iters=7332
[victim] interim: IPC=0.045  L2miss_rate=84.59%  iters=7943
[victim] interim: IPC=0.045  L2miss_rate=84.59%  iters=8554
[victim] DONE: IPC=0.0450  L2_miss=84.59%
VICTIM core=0 ipc=0.0450 l2_miss_rate=84.59 cycles=33358239955 insns=1501689666 l2_hit=92543781 l2_miss=507848004 iters=9159 sec=15.00
thread  0  core 136  1.89 GB/s  (15.079 s)
thread  1  core 137  1.89 GB/s  (15.074 s)
thread  2  core 138  1.89 GB/s  (15.082 s)
thread  3  core 139  1.88 GB/s  (15.007 s)
thread  4  core 140  1.88 GB/s  (15.025 s)
thread  5  core 141  1.88 GB/s  (15.028 s)
thread  6  core 142  1.87 GB/s  (15.039 s)
thread  7  core 143  1.88 GB/s  (15.031 s)
thread  8  core 224  3.28 GB/s  (15.041 s)
thread  9  core 225  3.29 GB/s  (15.035 s)
thread 10  core 226  3.28 GB/s  (15.061 s)
---
aggregate: 24.83 GB/s  (11 threads, mode=wc_ntdqa)
RESULT mode=wc_ntdqa threads=11 bw_gbps=24.829 throttle=0
=== CORUN_RC profile=chase placement=C_diff_socket run=5 mode=wc_ntdqa victim_rc=0 aggressor_rc=0 ===
=== BLOCK_END profile=chase placement=C_diff_socket run=5 ===
=== BLOCK_START profile=chase placement=D_both_sockets run=1 note=near-iso-BW ===
=== BASELINE profile=chase placement=D_both_sockets run=1 vcore=0 vnode=0 START ===
[victim] core=0 node=0 ws=4096 KB duration=15 warmup=5 chase=1
[victim] warming up for 5 s …
[victim] measuring for 15 s …
[victim] interim: IPC=0.046  L2miss_rate=86.20%  iters=620
[victim] interim: IPC=0.046  L2miss_rate=86.19%  iters=1239
[victim] interim: IPC=0.046  L2miss_rate=86.19%  iters=1858
[victim] interim: IPC=0.046  L2miss_rate=86.19%  iters=2476
[victim] interim: IPC=0.046  L2miss_rate=86.19%  iters=3095
[victim] interim: IPC=0.046  L2miss_rate=86.19%  iters=3714
[victim] interim: IPC=0.046  L2miss_rate=86.19%  iters=4332
[victim] interim: IPC=0.046  L2miss_rate=86.19%  iters=4951
[victim] interim: IPC=0.046  L2miss_rate=86.19%  iters=5570
[victim] interim: IPC=0.046  L2miss_rate=86.19%  iters=6189
[victim] interim: IPC=0.046  L2miss_rate=86.19%  iters=6808
[victim] interim: IPC=0.046  L2miss_rate=86.19%  iters=7427
[victim] interim: IPC=0.046  L2miss_rate=86.19%  iters=8046
[victim] interim: IPC=0.046  L2miss_rate=86.19%  iters=8665
[victim] DONE: IPC=0.0455  L2_miss=86.19%
VICTIM core=0 ipc=0.0455 l2_miss_rate=86.19 cycles=33398208877 insns=1521199879 l2_hit=83997799 l2_miss=524192755 iters=9278 sec=15.00
=== BASELINE_RC profile=chase placement=D_both_sockets run=1 rc=0 ===
--- wb_t=8 wc_t=12 mode_order=wc_ntdqa wb_load ---
=== CORUN profile=chase placement=D_both_sockets run=1 mode=wc_ntdqa threads=12 vcore=0 vnode=0 cores=16,17,18,19,136,137,138,139,272,273,274,275 START ===
[victim] core=0 node=0 ws=4096 KB duration=15 warmup=5 chase=1
[victim] warming up for 5 s …
[aggressor] mode=wc_ntdqa threads=12 bufsz=256MB/thread throttle=0 MBps
[aggressor] mapped 3072 MB CXL memory at 0x7b9dfa400000
[victim] measuring for 15 s …
[aggressor] GO
[victim] interim: IPC=0.046  L2miss_rate=85.18%  iters=622
[victim] interim: IPC=0.046  L2miss_rate=85.12%  iters=1246
[victim] interim: IPC=0.046  L2miss_rate=85.21%  iters=1867
[victim] interim: IPC=0.046  L2miss_rate=85.10%  iters=2492
[victim] interim: IPC=0.046  L2miss_rate=85.18%  iters=3114
[victim] interim: IPC=0.046  L2miss_rate=85.16%  iters=3738
[victim] interim: IPC=0.046  L2miss_rate=85.19%  iters=4360
[victim] interim: IPC=0.046  L2miss_rate=85.19%  iters=4984
[victim] interim: IPC=0.046  L2miss_rate=85.21%  iters=5607
[victim] interim: IPC=0.046  L2miss_rate=85.17%  iters=6232
[victim] interim: IPC=0.046  L2miss_rate=85.19%  iters=6854
[victim] interim: IPC=0.046  L2miss_rate=85.19%  iters=7478
[victim] interim: IPC=0.046  L2miss_rate=85.19%  iters=8099
[victim] interim: IPC=0.046  L2miss_rate=85.22%  iters=8721
[victim] DONE: IPC=0.0459  L2_miss=85.25%
VICTIM core=0 ipc=0.0459 l2_miss_rate=85.25 cycles=33373247506 insns=1530380826 l2_hit=90264774 l2_miss=521596585 iters=9334 sec=15.00
thread  0  core 16  1.32 GB/s  (15.063 s)
thread  1  core 17  1.31 GB/s  (15.145 s)
thread  2  core 18  1.31 GB/s  (15.157 s)
thread  3  core 19  1.32 GB/s  (15.082 s)
thread  4  core 136  3.44 GB/s  (15.053 s)
thread  5  core 137  3.44 GB/s  (15.052 s)
thread  6  core 138  3.44 GB/s  (15.002 s)
thread  7  core 139  3.43 GB/s  (15.011 s)
thread  8  core 272  1.43 GB/s  (15.007 s)
thread  9  core 273  1.44 GB/s  (15.134 s)
thread 10  core 274  1.43 GB/s  (15.161 s)
thread 11  core 275  1.43 GB/s  (15.013 s)
---
aggregate: 24.57 GB/s  (12 threads, mode=wc_ntdqa)
RESULT mode=wc_ntdqa threads=12 bw_gbps=24.575 throttle=0
=== CORUN_RC profile=chase placement=D_both_sockets run=1 mode=wc_ntdqa victim_rc=0 aggressor_rc=0 ===
=== CORUN profile=chase placement=D_both_sockets run=1 mode=wb_load threads=8 vcore=0 vnode=0 cores=16,17,18,19,136,137,138,139 START ===
[victim] core=0 node=0 ws=4096 KB duration=15 warmup=5 chase=1
[victim] warming up for 5 s …
[aggressor] mode=wb_load threads=8 bufsz=256MB/thread throttle=0 MBps
[victim] measuring for 15 s …
[aggressor] mapped 2048 MB CXL memory at 0x7b4301c00000
[aggressor] GO
[victim] interim: IPC=0.045  L2miss_rate=85.33%  iters=606
[victim] interim: IPC=0.045  L2miss_rate=85.22%  iters=1215
[victim] interim: IPC=0.045  L2miss_rate=85.19%  iters=1824
[victim] interim: IPC=0.045  L2miss_rate=85.17%  iters=2432
[victim] interim: IPC=0.045  L2miss_rate=85.16%  iters=3041
[victim] interim: IPC=0.045  L2miss_rate=85.15%  iters=3649
[victim] interim: IPC=0.045  L2miss_rate=85.14%  iters=4258
[victim] interim: IPC=0.045  L2miss_rate=85.14%  iters=4867
[victim] interim: IPC=0.045  L2miss_rate=85.14%  iters=5476
[victim] interim: IPC=0.045  L2miss_rate=85.13%  iters=6085
[victim] interim: IPC=0.045  L2miss_rate=85.13%  iters=6693
[victim] interim: IPC=0.045  L2miss_rate=85.13%  iters=7302
[victim] interim: IPC=0.045  L2miss_rate=85.13%  iters=7911
[victim] interim: IPC=0.045  L2miss_rate=85.13%  iters=8519
[victim] DONE: IPC=0.0448  L2_miss=85.13%
VICTIM core=0 ipc=0.0448 l2_miss_rate=85.13 cycles=33372118720 insns=1495131535 l2_hit=88902492 l2_miss=508866514 iters=9119 sec=15.00
thread  0  core 16  2.87 GB/s  (15.038 s)
thread  1  core 17  2.93 GB/s  (15.041 s)
thread  2  core 18  3.16 GB/s  (15.042 s)
thread  3  core 19  3.11 GB/s  (15.038 s)
thread  4  core 136  3.13 GB/s  (15.032 s)
thread  5  core 137  3.15 GB/s  (15.012 s)
thread  6  core 138  3.43 GB/s  (15.020 s)
thread  7  core 139  3.38 GB/s  (15.023 s)
---
aggregate: 25.13 GB/s  (8 threads, mode=wb_load)
RESULT mode=wb_load threads=8 bw_gbps=25.127 throttle=0
=== CORUN_RC profile=chase placement=D_both_sockets run=1 mode=wb_load victim_rc=0 aggressor_rc=0 ===
=== BLOCK_END profile=chase placement=D_both_sockets run=1 ===
=== BLOCK_START profile=chase placement=D_both_sockets run=2 note=near-iso-BW ===
=== BASELINE profile=chase placement=D_both_sockets run=2 vcore=0 vnode=0 START ===
[victim] core=0 node=0 ws=4096 KB duration=15 warmup=5 chase=1
[victim] warming up for 5 s …
[victim] measuring for 15 s …
[victim] interim: IPC=0.046  L2miss_rate=85.72%  iters=623
[victim] interim: IPC=0.046  L2miss_rate=85.72%  iters=1244
[victim] interim: IPC=0.046  L2miss_rate=85.72%  iters=1866
[victim] interim: IPC=0.046  L2miss_rate=85.72%  iters=2487
[victim] interim: IPC=0.046  L2miss_rate=85.72%  iters=3108
[victim] interim: IPC=0.046  L2miss_rate=85.72%  iters=3729
[victim] interim: IPC=0.046  L2miss_rate=85.72%  iters=4350
[victim] interim: IPC=0.046  L2miss_rate=85.72%  iters=4971
[victim] interim: IPC=0.046  L2miss_rate=85.72%  iters=5591
[victim] interim: IPC=0.046  L2miss_rate=85.72%  iters=6212
[victim] interim: IPC=0.046  L2miss_rate=85.72%  iters=6833
[victim] interim: IPC=0.046  L2miss_rate=85.73%  iters=7454
[victim] interim: IPC=0.046  L2miss_rate=85.73%  iters=8075
[victim] interim: IPC=0.046  L2miss_rate=85.73%  iters=8696
[victim] DONE: IPC=0.0457  L2_miss=85.73%
VICTIM core=0 ipc=0.0457 l2_miss_rate=85.73 cycles=33412016040 insns=1526773832 l2_hit=87109291 l2_miss=523308488 iters=9312 sec=15.00
=== BASELINE_RC profile=chase placement=D_both_sockets run=2 rc=0 ===
--- wb_t=8 wc_t=12 mode_order=wb_load wc_ntdqa ---
=== CORUN profile=chase placement=D_both_sockets run=2 mode=wb_load threads=8 vcore=0 vnode=0 cores=16,17,18,19,136,137,138,139 START ===
[victim] core=0 node=0 ws=4096 KB duration=15 warmup=5 chase=1
[victim] warming up for 5 s …
[aggressor] mode=wb_load threads=8 bufsz=256MB/thread throttle=0 MBps
[victim] measuring for 15 s …
[aggressor] mapped 2048 MB CXL memory at 0x72747ae00000
[aggressor] GO
[victim] interim: IPC=0.045  L2miss_rate=88.35%  iters=611
[victim] interim: IPC=0.045  L2miss_rate=88.35%  iters=1222
[victim] interim: IPC=0.045  L2miss_rate=88.34%  iters=1833
[victim] interim: IPC=0.045  L2miss_rate=88.34%  iters=2444
[victim] interim: IPC=0.045  L2miss_rate=88.34%  iters=3055
[victim] interim: IPC=0.045  L2miss_rate=88.34%  iters=3666
[victim] interim: IPC=0.045  L2miss_rate=88.34%  iters=4275
[victim] interim: IPC=0.045  L2miss_rate=88.34%  iters=4886
[victim] interim: IPC=0.045  L2miss_rate=88.34%  iters=5496
[victim] interim: IPC=0.045  L2miss_rate=88.34%  iters=6107
[victim] interim: IPC=0.045  L2miss_rate=88.34%  iters=6718
[victim] interim: IPC=0.045  L2miss_rate=88.34%  iters=7329
[victim] interim: IPC=0.045  L2miss_rate=88.34%  iters=7940
[victim] interim: IPC=0.045  L2miss_rate=88.34%  iters=8551
[victim] DONE: IPC=0.0450  L2_miss=88.34%
VICTIM core=0 ipc=0.0450 l2_miss_rate=88.34 cycles=33381144729 insns=1500541904 l2_hit=69931002 l2_miss=530003013 iters=9152 sec=15.00
thread  0  core 16  2.88 GB/s  (15.025 s)
thread  1  core 17  2.93 GB/s  (15.041 s)
thread  2  core 18  3.16 GB/s  (15.038 s)
thread  3  core 19  3.11 GB/s  (15.036 s)
thread  4  core 136  3.13 GB/s  (15.013 s)
thread  5  core 137  3.14 GB/s  (15.034 s)
thread  6  core 138  3.43 GB/s  (15.006 s)
thread  7  core 139  3.38 GB/s  (15.024 s)
---
aggregate: 25.13 GB/s  (8 threads, mode=wb_load)
RESULT mode=wb_load threads=8 bw_gbps=25.128 throttle=0
=== CORUN_RC profile=chase placement=D_both_sockets run=2 mode=wb_load victim_rc=0 aggressor_rc=0 ===
=== CORUN profile=chase placement=D_both_sockets run=2 mode=wc_ntdqa threads=12 vcore=0 vnode=0 cores=16,17,18,19,136,137,138,139,272,273,274,275 START ===
[victim] core=0 node=0 ws=4096 KB duration=15 warmup=5 chase=1
[victim] warming up for 5 s …
[aggressor] mode=wc_ntdqa threads=12 bufsz=256MB/thread throttle=0 MBps
[aggressor] mapped 3072 MB CXL memory at 0x7f6e16200000
[victim] measuring for 15 s …
[aggressor] GO
[victim] interim: IPC=0.046  L2miss_rate=85.01%  iters=625
[victim] interim: IPC=0.046  L2miss_rate=85.01%  iters=1249
[victim] interim: IPC=0.046  L2miss_rate=85.01%  iters=1873
[victim] interim: IPC=0.046  L2miss_rate=85.01%  iters=2496
[victim] interim: IPC=0.046  L2miss_rate=85.01%  iters=3120
[victim] interim: IPC=0.046  L2miss_rate=85.01%  iters=3744
[victim] interim: IPC=0.046  L2miss_rate=85.01%  iters=4368
[victim] interim: IPC=0.046  L2miss_rate=85.01%  iters=4992
[victim] interim: IPC=0.046  L2miss_rate=85.01%  iters=5616
[victim] interim: IPC=0.046  L2miss_rate=85.01%  iters=6240
[victim] interim: IPC=0.046  L2miss_rate=85.01%  iters=6864
[victim] interim: IPC=0.046  L2miss_rate=85.01%  iters=7488
[victim] interim: IPC=0.046  L2miss_rate=85.01%  iters=8112
[victim] interim: IPC=0.046  L2miss_rate=85.01%  iters=8736
[victim] DONE: IPC=0.0459  L2_miss=85.01%
VICTIM core=0 ipc=0.0459 l2_miss_rate=85.01 cycles=33371108246 insns=1533003499 l2_hit=91871337 l2_miss=521043164 iters=9350 sec=15.00
thread  0  core 16  1.31 GB/s  (15.138 s)
thread  1  core 17  1.31 GB/s  (15.138 s)
thread  2  core 18  1.31 GB/s  (15.155 s)
thread  3  core 19  1.31 GB/s  (15.158 s)
thread  4  core 136  3.44 GB/s  (15.067 s)
thread  5  core 137  3.44 GB/s  (15.056 s)
thread  6  core 138  3.43 GB/s  (15.013 s)
thread  7  core 139  3.43 GB/s  (15.015 s)
thread  8  core 272  1.44 GB/s  (15.130 s)
thread  9  core 273  1.44 GB/s  (15.119 s)
thread 10  core 274  1.44 GB/s  (15.130 s)
thread 11  core 275  1.44 GB/s  (15.143 s)
---
aggregate: 24.62 GB/s  (12 threads, mode=wc_ntdqa)
RESULT mode=wc_ntdqa threads=12 bw_gbps=24.616 throttle=0
=== CORUN_RC profile=chase placement=D_both_sockets run=2 mode=wc_ntdqa victim_rc=0 aggressor_rc=0 ===
=== BLOCK_END profile=chase placement=D_both_sockets run=2 ===
=== BLOCK_START profile=chase placement=D_both_sockets run=3 note=near-iso-BW ===
=== BASELINE profile=chase placement=D_both_sockets run=3 vcore=0 vnode=0 START ===
[victim] core=0 node=0 ws=4096 KB duration=15 warmup=5 chase=1
[victim] warming up for 5 s …
[victim] measuring for 15 s …
[victim] interim: IPC=0.046  L2miss_rate=86.20%  iters=620
[victim] interim: IPC=0.046  L2miss_rate=86.20%  iters=1237
[victim] interim: IPC=0.046  L2miss_rate=86.20%  iters=1857
[victim] interim: IPC=0.046  L2miss_rate=86.20%  iters=2476
[victim] interim: IPC=0.046  L2miss_rate=86.20%  iters=3096
[victim] interim: IPC=0.046  L2miss_rate=86.20%  iters=3715
[victim] interim: IPC=0.046  L2miss_rate=86.20%  iters=4335
[victim] interim: IPC=0.046  L2miss_rate=86.20%  iters=4954
[victim] interim: IPC=0.046  L2miss_rate=86.20%  iters=5574
[victim] interim: IPC=0.046  L2miss_rate=86.20%  iters=6193
[victim] interim: IPC=0.046  L2miss_rate=86.20%  iters=6813
[victim] interim: IPC=0.046  L2miss_rate=86.20%  iters=7433
[victim] interim: IPC=0.046  L2miss_rate=86.20%  iters=8051
[victim] interim: IPC=0.046  L2miss_rate=86.20%  iters=8671
[victim] DONE: IPC=0.0456  L2_miss=86.20%
VICTIM core=0 ipc=0.0456 l2_miss_rate=86.20 cycles=33405203936 insns=1521855768 l2_hit=83977611 l2_miss=524479961 iters=9282 sec=15.00
=== BASELINE_RC profile=chase placement=D_both_sockets run=3 rc=0 ===
--- wb_t=8 wc_t=12 mode_order=wb_load wc_ntdqa ---
=== CORUN profile=chase placement=D_both_sockets run=3 mode=wb_load threads=8 vcore=0 vnode=0 cores=16,17,18,19,136,137,138,139 START ===
[victim] core=0 node=0 ws=4096 KB duration=15 warmup=5 chase=1
[victim] warming up for 5 s …
[aggressor] mode=wb_load threads=8 bufsz=256MB/thread throttle=0 MBps
[victim] measuring for 15 s …
[aggressor] mapped 2048 MB CXL memory at 0x7f9666e00000
[aggressor] GO
[victim] interim: IPC=0.046  L2miss_rate=85.78%  iters=619
[victim] interim: IPC=0.046  L2miss_rate=85.79%  iters=1238
[victim] interim: IPC=0.046  L2miss_rate=85.79%  iters=1859
[victim] interim: IPC=0.046  L2miss_rate=85.78%  iters=2480
[victim] interim: IPC=0.046  L2miss_rate=85.78%  iters=3101
[victim] interim: IPC=0.046  L2miss_rate=85.78%  iters=3722
[victim] interim: IPC=0.046  L2miss_rate=85.78%  iters=4343
[victim] interim: IPC=0.046  L2miss_rate=85.78%  iters=4963
[victim] interim: IPC=0.046  L2miss_rate=85.78%  iters=5584
[victim] interim: IPC=0.046  L2miss_rate=85.78%  iters=6205
[victim] interim: IPC=0.046  L2miss_rate=85.78%  iters=6824
[victim] interim: IPC=0.046  L2miss_rate=85.78%  iters=7445
[victim] interim: IPC=0.046  L2miss_rate=85.78%  iters=8066
[victim] interim: IPC=0.046  L2miss_rate=85.78%  iters=8687
[victim] DONE: IPC=0.0457  L2_miss=85.78%
VICTIM core=0 ipc=0.0457 l2_miss_rate=85.78 cycles=33369657342 insns=1524806466 l2_hit=86681209 l2_miss=522952242 iters=9300 sec=15.00
thread  0  core 16  2.88 GB/s  (15.023 s)
thread  1  core 17  2.93 GB/s  (15.039 s)
thread  2  core 18  3.16 GB/s  (15.036 s)
thread  3  core 19  3.11 GB/s  (15.033 s)
thread  4  core 136  3.13 GB/s  (15.012 s)
thread  5  core 137  3.14 GB/s  (15.041 s)
thread  6  core 138  3.44 GB/s  (15.043 s)
thread  7  core 139  3.38 GB/s  (15.022 s)
---
aggregate: 25.14 GB/s  (8 threads, mode=wb_load)
RESULT mode=wb_load threads=8 bw_gbps=25.142 throttle=0
=== CORUN_RC profile=chase placement=D_both_sockets run=3 mode=wb_load victim_rc=0 aggressor_rc=0 ===
=== CORUN profile=chase placement=D_both_sockets run=3 mode=wc_ntdqa threads=12 vcore=0 vnode=0 cores=16,17,18,19,136,137,138,139,272,273,274,275 START ===
[victim] core=0 node=0 ws=4096 KB duration=15 warmup=5 chase=1
[victim] warming up for 5 s …
[aggressor] mode=wc_ntdqa threads=12 bufsz=256MB/thread throttle=0 MBps
[aggressor] mapped 3072 MB CXL memory at 0x77fd98800000
[victim] measuring for 15 s …
[aggressor] GO
[victim] interim: IPC=0.046  L2miss_rate=84.92%  iters=623
[victim] interim: IPC=0.046  L2miss_rate=84.77%  iters=1249
[victim] interim: IPC=0.046  L2miss_rate=84.72%  iters=1874
[victim] interim: IPC=0.046  L2miss_rate=84.69%  iters=2500
[victim] interim: IPC=0.046  L2miss_rate=84.76%  iters=3124
[victim] interim: IPC=0.046  L2miss_rate=84.87%  iters=3746
[victim] interim: IPC=0.046  L2miss_rate=84.98%  iters=4367
[victim] interim: IPC=0.046  L2miss_rate=85.07%  iters=4987
[victim] interim: IPC=0.046  L2miss_rate=85.14%  iters=5608
[victim] interim: IPC=0.046  L2miss_rate=85.19%  iters=6229
[victim] interim: IPC=0.046  L2miss_rate=85.24%  iters=6850
[victim] interim: IPC=0.046  L2miss_rate=85.27%  iters=7471
[victim] interim: IPC=0.046  L2miss_rate=85.31%  iters=8092
[victim] interim: IPC=0.046  L2miss_rate=85.33%  iters=8713
[victim] DONE: IPC=0.0458  L2_miss=85.36%
VICTIM core=0 ipc=0.0458 l2_miss_rate=85.36 cycles=33378504599 insns=1529233266 l2_hit=89526866 l2_miss=521875453 iters=9327 sec=15.00
thread  0  core 16  1.31 GB/s  (15.115 s)
thread  1  core 17  1.31 GB/s  (15.117 s)
thread  2  core 18  1.31 GB/s  (15.133 s)
thread  3  core 19  1.31 GB/s  (15.136 s)
thread  4  core 136  3.44 GB/s  (15.040 s)
thread  5  core 137  3.45 GB/s  (15.031 s)
thread  6  core 138  3.44 GB/s  (15.057 s)
thread  7  core 139  3.44 GB/s  (15.068 s)
thread  8  core 272  1.44 GB/s  (15.103 s)
thread  9  core 273  1.44 GB/s  (15.098 s)
thread 10  core 274  1.44 GB/s  (15.119 s)
thread 11  core 275  1.44 GB/s  (15.127 s)
---
aggregate: 24.69 GB/s  (12 threads, mode=wc_ntdqa)
RESULT mode=wc_ntdqa threads=12 bw_gbps=24.687 throttle=0
=== CORUN_RC profile=chase placement=D_both_sockets run=3 mode=wc_ntdqa victim_rc=0 aggressor_rc=0 ===
=== BLOCK_END profile=chase placement=D_both_sockets run=3 ===
=== BLOCK_START profile=chase placement=D_both_sockets run=4 note=near-iso-BW ===
=== BASELINE profile=chase placement=D_both_sockets run=4 vcore=0 vnode=0 START ===
[victim] core=0 node=0 ws=4096 KB duration=15 warmup=5 chase=1
[victim] warming up for 5 s …
[victim] measuring for 15 s …
[victim] interim: IPC=0.046  L2miss_rate=85.19%  iters=625
[victim] interim: IPC=0.046  L2miss_rate=85.19%  iters=1249
[victim] interim: IPC=0.046  L2miss_rate=85.19%  iters=1873
[victim] interim: IPC=0.046  L2miss_rate=85.19%  iters=2497
[victim] interim: IPC=0.046  L2miss_rate=85.20%  iters=3121
[victim] interim: IPC=0.046  L2miss_rate=85.20%  iters=3743
[victim] interim: IPC=0.046  L2miss_rate=85.19%  iters=4367
[victim] interim: IPC=0.046  L2miss_rate=85.19%  iters=4991
[victim] interim: IPC=0.046  L2miss_rate=85.19%  iters=5615
[victim] interim: IPC=0.046  L2miss_rate=85.19%  iters=6239
[victim] interim: IPC=0.046  L2miss_rate=85.19%  iters=6863
[victim] interim: IPC=0.046  L2miss_rate=85.19%  iters=7487
[victim] interim: IPC=0.046  L2miss_rate=85.20%  iters=8110
[victim] interim: IPC=0.046  L2miss_rate=85.20%  iters=8733
[victim] DONE: IPC=0.0459  L2_miss=85.20%
VICTIM core=0 ipc=0.0459 l2_miss_rate=85.20 cycles=33403032918 insns=1532840201 l2_hit=90728381 l2_miss=522117196 iters=9349 sec=15.00
=== BASELINE_RC profile=chase placement=D_both_sockets run=4 rc=0 ===
--- wb_t=8 wc_t=12 mode_order=wc_ntdqa wb_load ---
=== CORUN profile=chase placement=D_both_sockets run=4 mode=wc_ntdqa threads=12 vcore=0 vnode=0 cores=16,17,18,19,136,137,138,139,272,273,274,275 START ===
[victim] core=0 node=0 ws=4096 KB duration=15 warmup=5 chase=1
[victim] warming up for 5 s …
[aggressor] mode=wc_ntdqa threads=12 bufsz=256MB/thread throttle=0 MBps
[aggressor] mapped 3072 MB CXL memory at 0x781e32600000
[victim] measuring for 15 s …
[aggressor] GO
[victim] interim: IPC=0.045  L2miss_rate=85.93%  iters=606
[victim] interim: IPC=0.045  L2miss_rate=85.88%  iters=1212
[victim] interim: IPC=0.045  L2miss_rate=86.02%  iters=1815
[victim] interim: IPC=0.044  L2miss_rate=86.09%  iters=2418
[victim] interim: IPC=0.044  L2miss_rate=86.13%  iters=3020
[victim] interim: IPC=0.044  L2miss_rate=86.16%  iters=3623
[victim] interim: IPC=0.044  L2miss_rate=86.18%  iters=4226
[victim] interim: IPC=0.044  L2miss_rate=86.19%  iters=4829
[victim] interim: IPC=0.044  L2miss_rate=86.21%  iters=5432
[victim] interim: IPC=0.044  L2miss_rate=86.22%  iters=6035
[victim] interim: IPC=0.044  L2miss_rate=86.22%  iters=6638
[victim] interim: IPC=0.044  L2miss_rate=86.15%  iters=7245
[victim] interim: IPC=0.044  L2miss_rate=86.08%  iters=7853
[victim] interim: IPC=0.045  L2miss_rate=86.01%  iters=8461
[victim] DONE: IPC=0.0445  L2_miss=85.96%
VICTIM core=0 ipc=0.0445 l2_miss_rate=85.96 cycles=33369655731 insns=1485786316 l2_hit=83405284 l2_miss=510639018 iters=9062 sec=15.00
thread  0  core 16  1.31 GB/s  (15.132 s)
thread  1  core 17  1.31 GB/s  (15.133 s)
thread  2  core 18  1.31 GB/s  (15.149 s)
thread  3  core 19  1.31 GB/s  (15.153 s)
thread  4  core 136  3.44 GB/s  (15.059 s)
thread  5  core 137  3.44 GB/s  (15.053 s)
thread  6  core 138  3.43 GB/s  (15.011 s)
thread  7  core 139  3.43 GB/s  (15.015 s)
thread  8  core 272  1.44 GB/s  (15.114 s)
thread  9  core 273  1.44 GB/s  (15.119 s)
thread 10  core 274  1.44 GB/s  (15.131 s)
thread 11  core 275  1.44 GB/s  (15.141 s)
---
aggregate: 24.62 GB/s  (12 threads, mode=wc_ntdqa)
RESULT mode=wc_ntdqa threads=12 bw_gbps=24.625 throttle=0
=== CORUN_RC profile=chase placement=D_both_sockets run=4 mode=wc_ntdqa victim_rc=0 aggressor_rc=0 ===
=== CORUN profile=chase placement=D_both_sockets run=4 mode=wb_load threads=8 vcore=0 vnode=0 cores=16,17,18,19,136,137,138,139 START ===
[victim] core=0 node=0 ws=4096 KB duration=15 warmup=5 chase=1
[victim] warming up for 5 s …
[aggressor] mode=wb_load threads=8 bufsz=256MB/thread throttle=0 MBps
[victim] measuring for 15 s …
[aggressor] mapped 2048 MB CXL memory at 0x71679c200000
[aggressor] GO
[victim] interim: IPC=0.046  L2miss_rate=85.17%  iters=623
[victim] interim: IPC=0.046  L2miss_rate=85.17%  iters=1243
[victim] interim: IPC=0.046  L2miss_rate=85.17%  iters=1864
[victim] interim: IPC=0.046  L2miss_rate=85.17%  iters=2487
[victim] interim: IPC=0.046  L2miss_rate=85.17%  iters=3110
[victim] interim: IPC=0.046  L2miss_rate=85.17%  iters=3733
[victim] interim: IPC=0.046  L2miss_rate=85.17%  iters=4356
[victim] interim: IPC=0.046  L2miss_rate=85.17%  iters=4979
[victim] interim: IPC=0.046  L2miss_rate=85.17%  iters=5602
[victim] interim: IPC=0.046  L2miss_rate=85.17%  iters=6225
[victim] interim: IPC=0.046  L2miss_rate=85.17%  iters=6848
[victim] interim: IPC=0.046  L2miss_rate=85.16%  iters=7471
[victim] interim: IPC=0.046  L2miss_rate=85.17%  iters=8093
[victim] interim: IPC=0.046  L2miss_rate=85.16%  iters=8716
[victim] DONE: IPC=0.0459  L2_miss=85.16%
VICTIM core=0 ipc=0.0459 l2_miss_rate=85.16 cycles=33370609139 insns=1530381071 l2_hit=90773545 l2_miss=521091279 iters=9334 sec=15.00
thread  0  core 16  2.88 GB/s  (15.031 s)
thread  1  core 17  2.93 GB/s  (15.032 s)
thread  2  core 18  3.16 GB/s  (15.039 s)
thread  3  core 19  3.11 GB/s  (15.034 s)
thread  4  core 136  3.12 GB/s  (15.040 s)
thread  5  core 137  3.16 GB/s  (15.046 s)
thread  6  core 138  3.43 GB/s  (15.039 s)
thread  7  core 139  3.38 GB/s  (15.014 s)
---
aggregate: 25.14 GB/s  (8 threads, mode=wb_load)
RESULT mode=wb_load threads=8 bw_gbps=25.137 throttle=0
=== CORUN_RC profile=chase placement=D_both_sockets run=4 mode=wb_load victim_rc=0 aggressor_rc=0 ===
=== BLOCK_END profile=chase placement=D_both_sockets run=4 ===
=== BLOCK_START profile=chase placement=D_both_sockets run=5 note=near-iso-BW ===
=== BASELINE profile=chase placement=D_both_sockets run=5 vcore=0 vnode=0 START ===
[victim] core=0 node=0 ws=4096 KB duration=15 warmup=5 chase=1
[victim] warming up for 5 s …
[victim] measuring for 15 s …
[victim] interim: IPC=0.046  L2miss_rate=86.26%  iters=621
[victim] interim: IPC=0.046  L2miss_rate=86.26%  iters=1240
[victim] interim: IPC=0.046  L2miss_rate=86.27%  iters=1859
[victim] interim: IPC=0.046  L2miss_rate=86.27%  iters=2478
[victim] interim: IPC=0.046  L2miss_rate=86.26%  iters=3097
[victim] interim: IPC=0.046  L2miss_rate=86.26%  iters=3716
[victim] interim: IPC=0.046  L2miss_rate=86.27%  iters=4335
[victim] interim: IPC=0.046  L2miss_rate=86.26%  iters=4954
[victim] interim: IPC=0.046  L2miss_rate=86.26%  iters=5574
[victim] interim: IPC=0.046  L2miss_rate=86.26%  iters=6192
[victim] interim: IPC=0.046  L2miss_rate=86.26%  iters=6811
[victim] interim: IPC=0.046  L2miss_rate=86.26%  iters=7431
[victim] interim: IPC=0.046  L2miss_rate=86.26%  iters=8050
[victim] interim: IPC=0.046  L2miss_rate=86.27%  iters=8669
[victim] DONE: IPC=0.0456  L2_miss=86.27%
VICTIM core=0 ipc=0.0456 l2_miss_rate=86.27 cycles=33405342301 insns=1521691684 l2_hit=83558732 l2_miss=524828740 iters=9281 sec=15.00
=== BASELINE_RC profile=chase placement=D_both_sockets run=5 rc=0 ===
--- wb_t=8 wc_t=12 mode_order=wc_ntdqa wb_load ---
=== CORUN profile=chase placement=D_both_sockets run=5 mode=wc_ntdqa threads=12 vcore=0 vnode=0 cores=16,17,18,19,136,137,138,139,272,273,274,275 START ===
[victim] core=0 node=0 ws=4096 KB duration=15 warmup=5 chase=1
[victim] warming up for 5 s …
[aggressor] mode=wc_ntdqa threads=12 bufsz=256MB/thread throttle=0 MBps
[aggressor] mapped 3072 MB CXL memory at 0x7a6ed4200000
[victim] measuring for 15 s …
[aggressor] GO
[victim] interim: IPC=0.044  L2miss_rate=86.69%  iters=602
[victim] interim: IPC=0.044  L2miss_rate=86.69%  iters=1204
[victim] interim: IPC=0.044  L2miss_rate=86.69%  iters=1806
[victim] interim: IPC=0.044  L2miss_rate=86.68%  iters=2408
[victim] interim: IPC=0.044  L2miss_rate=86.68%  iters=3010
[victim] interim: IPC=0.044  L2miss_rate=86.68%  iters=3612
[victim] interim: IPC=0.044  L2miss_rate=86.68%  iters=4214
[victim] interim: IPC=0.044  L2miss_rate=86.68%  iters=4816
[victim] interim: IPC=0.044  L2miss_rate=86.68%  iters=5416
[victim] interim: IPC=0.044  L2miss_rate=86.68%  iters=6018
[victim] interim: IPC=0.044  L2miss_rate=86.68%  iters=6620
[victim] interim: IPC=0.044  L2miss_rate=86.68%  iters=7222
[victim] interim: IPC=0.044  L2miss_rate=86.68%  iters=7824
[victim] interim: IPC=0.044  L2miss_rate=86.68%  iters=8425
[victim] DONE: IPC=0.0443  L2_miss=86.68%
VICTIM core=0 ipc=0.0443 l2_miss_rate=86.68 cycles=33379533308 insns=1478408353 l2_hit=78712840 l2_miss=512374603 iters=9017 sec=15.00
thread  0  core 16  1.32 GB/s  (15.084 s)
thread  1  core 17  1.31 GB/s  (15.164 s)
thread  2  core 18  1.31 GB/s  (15.002 s)
thread  3  core 19  1.31 GB/s  (15.003 s)
thread  4  core 136  3.43 GB/s  (15.017 s)
thread  5  core 137  3.43 GB/s  (15.030 s)
thread  6  core 138  3.43 GB/s  (15.046 s)
thread  7  core 139  3.42 GB/s  (15.058 s)
thread  8  core 272  1.43 GB/s  (15.003 s)
thread  9  core 273  1.43 GB/s  (15.154 s)
thread 10  core 274  1.43 GB/s  (15.013 s)
thread 11  core 275  1.43 GB/s  (15.019 s)
---
aggregate: 24.48 GB/s  (12 threads, mode=wc_ntdqa)
RESULT mode=wc_ntdqa threads=12 bw_gbps=24.481 throttle=0
=== CORUN_RC profile=chase placement=D_both_sockets run=5 mode=wc_ntdqa victim_rc=0 aggressor_rc=0 ===
=== CORUN profile=chase placement=D_both_sockets run=5 mode=wb_load threads=8 vcore=0 vnode=0 cores=16,17,18,19,136,137,138,139 START ===
[victim] core=0 node=0 ws=4096 KB duration=15 warmup=5 chase=1
[victim] warming up for 5 s …
[aggressor] mode=wb_load threads=8 bufsz=256MB/thread throttle=0 MBps
[victim] measuring for 15 s …
[aggressor] mapped 2048 MB CXL memory at 0x7b46f0600000
[aggressor] GO
[victim] interim: IPC=0.045  L2miss_rate=84.64%  iters=611
[victim] interim: IPC=0.045  L2miss_rate=84.64%  iters=1222
[victim] interim: IPC=0.045  L2miss_rate=84.64%  iters=1833
[victim] interim: IPC=0.045  L2miss_rate=84.64%  iters=2444
[victim] interim: IPC=0.045  L2miss_rate=84.64%  iters=3055
[victim] interim: IPC=0.045  L2miss_rate=84.64%  iters=3666
[victim] interim: IPC=0.045  L2miss_rate=84.64%  iters=4275
[victim] interim: IPC=0.045  L2miss_rate=84.64%  iters=4886
[victim] interim: IPC=0.045  L2miss_rate=84.64%  iters=5497
[victim] interim: IPC=0.045  L2miss_rate=84.64%  iters=6108
[victim] interim: IPC=0.045  L2miss_rate=84.64%  iters=6719
[victim] interim: IPC=0.045  L2miss_rate=84.64%  iters=7330
[victim] interim: IPC=0.045  L2miss_rate=84.64%  iters=7941
[victim] interim: IPC=0.045  L2miss_rate=84.64%  iters=8551
[victim] DONE: IPC=0.0450  L2_miss=84.64%
VICTIM core=0 ipc=0.0450 l2_miss_rate=84.64 cycles=33373559723 insns=1500706103 l2_hit=92165566 l2_miss=507834366 iters=9153 sec=15.00
thread  0  core 16  2.88 GB/s  (15.028 s)
thread  1  core 17  2.93 GB/s  (15.025 s)
thread  2  core 18  3.16 GB/s  (15.035 s)
thread  3  core 19  3.11 GB/s  (15.032 s)
thread  4  core 136  3.13 GB/s  (15.014 s)
thread  5  core 137  3.14 GB/s  (15.034 s)
thread  6  core 138  3.43 GB/s  (15.017 s)
thread  7  core 139  3.39 GB/s  (15.039 s)
---
aggregate: 25.15 GB/s  (8 threads, mode=wb_load)
RESULT mode=wb_load threads=8 bw_gbps=25.150 throttle=0
=== CORUN_RC profile=chase placement=D_both_sockets run=5 mode=wb_load victim_rc=0 aggressor_rc=0 ===
=== BLOCK_END profile=chase placement=D_both_sockets run=5 ===
