=== PHASE2_TABLE3 START ===
config warmup=5 measure=15 nruns=5 seed=20260306 agg_threads=8
placement=A_same_ccd,136,1,137,138,139,140,141,142,143,399,same CCD; includes one SMT sibling to reach 8 aggressors
placement=B_diff_ccd_same_socket,128,1,136,137,138,139,140,141,142,143,different CCD same socket
placement=C_diff_socket,0,0,136,137,138,139,140,141,142,143,victim socket0 aggressor socket1
placement=D_both_sockets,0,0,16,17,18,19,136,137,138,139,mixed socket0/socket1 aggressors
=== BLOCK_START profile=l2hot placement=A_same_ccd run=1 notes=same CCD; includes one SMT sibling to reach 8 aggressors ===
=== BASELINE profile=l2hot placement=A_same_ccd run=1 vcore=136 vnode=1 START ===
[victim] core=136 node=1 ws=64 KB duration=15 warmup=5 chase=0
[victim] warming up for 5 s …
[victim] measuring for 15 s …
[victim] interim: IPC=0.997  L2miss_rate=0.00%  iters=355166
[victim] interim: IPC=0.996  L2miss_rate=0.00%  iters=710161
[victim] interim: IPC=0.996  L2miss_rate=0.00%  iters=1065300
[victim] interim: IPC=0.996  L2miss_rate=0.00%  iters=1420163
[victim] interim: IPC=0.996  L2miss_rate=0.00%  iters=1775360
[victim] interim: IPC=0.996  L2miss_rate=0.00%  iters=2129371
[victim] interim: IPC=0.996  L2miss_rate=0.00%  iters=2484675
[victim] interim: IPC=0.996  L2miss_rate=0.00%  iters=2839660
[victim] interim: IPC=0.996  L2miss_rate=0.00%  iters=3194740
[victim] interim: IPC=0.996  L2miss_rate=0.00%  iters=3549691
[victim] interim: IPC=0.996  L2miss_rate=0.00%  iters=3904970
[victim] interim: IPC=0.996  L2miss_rate=0.00%  iters=4260002
[victim] interim: IPC=0.996  L2miss_rate=0.00%  iters=4615082
[victim] interim: IPC=0.996  L2miss_rate=0.00%  iters=4969985
[victim] DONE: IPC=0.9965  L2_miss=0.00%
VICTIM core=136 ipc=0.9965 l2_miss_rate=0.00 cycles=33448356081 insns=33330183356 l2_hit=16548712568 l2_miss=657144 iters=5325145 sec=15.00
=== BASELINE_RC profile=l2hot placement=A_same_ccd run=1 rc=0 ===
--- mode_order=wb_load wc_ntdqa ---
=== CORUN profile=l2hot placement=A_same_ccd run=1 mode=wb_load threads=8 vcore=136 vnode=1 cores=137,138,139,140,141,142,143,399 START ===
[victim] core=136 node=1 ws=64 KB duration=15 warmup=5 chase=0
[victim] warming up for 5 s …
[aggressor] mode=wb_load threads=8 bufsz=256MB/thread throttle=0 MBps
[victim] measuring for 15 s …
[aggressor] mapped 2048 MB CXL memory at 0x773f24c00000
[aggressor] GO
[victim] interim: IPC=0.996  L2miss_rate=0.00%  iters=355139
[victim] interim: IPC=0.994  L2miss_rate=0.00%  iters=705861
[victim] interim: IPC=0.994  L2miss_rate=0.00%  iters=1057639
[victim] interim: IPC=0.994  L2miss_rate=0.00%  iters=1407930
[victim] interim: IPC=0.994  L2miss_rate=0.00%  iters=1759485
[victim] interim: IPC=0.994  L2miss_rate=0.00%  iters=2110356
[victim] interim: IPC=0.993  L2miss_rate=0.00%  iters=2462015
[victim] interim: IPC=0.993  L2miss_rate=0.00%  iters=2813115
[victim] interim: IPC=0.993  L2miss_rate=0.00%  iters=3164520
[victim] interim: IPC=0.993  L2miss_rate=0.00%  iters=3515763
[victim] interim: IPC=0.993  L2miss_rate=0.00%  iters=3867204
[victim] interim: IPC=0.993  L2miss_rate=0.00%  iters=4218156
[victim] interim: IPC=0.993  L2miss_rate=0.00%  iters=4569543
[victim] interim: IPC=0.993  L2miss_rate=0.00%  iters=4920775
[victim] DONE: IPC=0.9932  L2_miss=0.00%
VICTIM core=136 ipc=0.9932 l2_miss_rate=0.00 cycles=33219121480 insns=32993002732 l2_hit=16376546312 l2_miss=537152 iters=5271274 sec=15.00
thread  0  core 137  3.50 GB/s  (15.031 s)
thread  1  core 138  3.71 GB/s  (15.042 s)
thread  2  core 139  3.50 GB/s  (15.037 s)
thread  3  core 140  3.47 GB/s  (15.018 s)
thread  4  core 141  3.46 GB/s  (15.048 s)
thread  5  core 142  3.44 GB/s  (15.048 s)
thread  6  core 143  1.79 GB/s  (15.014 s)
thread  7  core 399  1.68 GB/s  (15.051 s)
---
aggregate: 24.52 GB/s  (8 threads, mode=wb_load)
RESULT mode=wb_load threads=8 bw_gbps=24.524 throttle=0
=== CORUN_RC profile=l2hot placement=A_same_ccd run=1 mode=wb_load victim_rc=0 aggressor_rc=0 ===
=== CORUN profile=l2hot placement=A_same_ccd run=1 mode=wc_ntdqa threads=8 vcore=136 vnode=1 cores=137,138,139,140,141,142,143,399 START ===
[victim] core=136 node=1 ws=64 KB duration=15 warmup=5 chase=0
[victim] warming up for 5 s …
[aggressor] mode=wc_ntdqa threads=8 bufsz=256MB/thread throttle=0 MBps
[aggressor] mapped 2048 MB CXL memory at 0x7d27e6600000
[victim] measuring for 15 s …
[aggressor] GO
[victim] interim: IPC=0.996  L2miss_rate=0.00%  iters=354691
[victim] interim: IPC=0.996  L2miss_rate=0.00%  iters=708527
[victim] interim: IPC=0.996  L2miss_rate=0.00%  iters=1063064
[victim] interim: IPC=0.996  L2miss_rate=0.00%  iters=1417844
[victim] interim: IPC=0.996  L2miss_rate=0.00%  iters=1772242
[victim] interim: IPC=0.996  L2miss_rate=0.00%  iters=2126801
[victim] interim: IPC=0.996  L2miss_rate=0.00%  iters=2481224
[victim] interim: IPC=0.996  L2miss_rate=0.00%  iters=2835800
[victim] interim: IPC=0.996  L2miss_rate=0.00%  iters=3190166
[victim] interim: IPC=0.996  L2miss_rate=0.00%  iters=3544849
[victim] interim: IPC=0.996  L2miss_rate=0.00%  iters=3899578
[victim] interim: IPC=0.996  L2miss_rate=0.00%  iters=4253489
[victim] interim: IPC=0.996  L2miss_rate=0.00%  iters=4607944
[victim] interim: IPC=0.996  L2miss_rate=0.00%  iters=4962788
[victim] DONE: IPC=0.9956  L2_miss=0.00%
VICTIM core=136 ipc=0.9956 l2_miss_rate=0.00 cycles=33428020305 insns=33281619158 l2_hit=16529858418 l2_miss=615966 iters=5317386 sec=15.00
thread  0  core 137  2.57 GB/s  (15.041 s)
thread  1  core 138  2.57 GB/s  (15.062 s)
thread  2  core 139  2.56 GB/s  (15.005 s)
thread  3  core 140  2.56 GB/s  (15.023 s)
thread  4  core 141  2.56 GB/s  (15.024 s)
thread  5  core 142  2.55 GB/s  (15.037 s)
thread  6  core 143  1.21 GB/s  (15.033 s)
thread  7  core 399  1.34 GB/s  (15.025 s)
---
aggregate: 17.88 GB/s  (8 threads, mode=wc_ntdqa)
RESULT mode=wc_ntdqa threads=8 bw_gbps=17.875 throttle=0
=== CORUN_RC profile=l2hot placement=A_same_ccd run=1 mode=wc_ntdqa victim_rc=0 aggressor_rc=0 ===
=== BLOCK_END profile=l2hot placement=A_same_ccd run=1 ===
=== BLOCK_START profile=l2hot placement=A_same_ccd run=2 notes=same CCD; includes one SMT sibling to reach 8 aggressors ===
=== BASELINE profile=l2hot placement=A_same_ccd run=2 vcore=136 vnode=1 START ===
[victim] core=136 node=1 ws=64 KB duration=15 warmup=5 chase=0
[victim] warming up for 5 s …
[victim] measuring for 15 s …
[victim] interim: IPC=0.996  L2miss_rate=0.00%  iters=355031
[victim] interim: IPC=0.996  L2miss_rate=0.00%  iters=709812
[victim] interim: IPC=0.996  L2miss_rate=0.00%  iters=1064905
[victim] interim: IPC=0.996  L2miss_rate=0.00%  iters=1419619
[victim] interim: IPC=0.996  L2miss_rate=0.00%  iters=1774669
[victim] interim: IPC=0.996  L2miss_rate=0.00%  iters=2129366
[victim] interim: IPC=0.996  L2miss_rate=0.00%  iters=2484525
[victim] interim: IPC=0.996  L2miss_rate=0.00%  iters=2839450
[victim] interim: IPC=0.996  L2miss_rate=0.00%  iters=3194499
[victim] interim: IPC=0.996  L2miss_rate=0.00%  iters=3548367
[victim] interim: IPC=0.996  L2miss_rate=0.00%  iters=3903195
[victim] interim: IPC=0.996  L2miss_rate=0.00%  iters=4258017
[victim] interim: IPC=0.996  L2miss_rate=0.00%  iters=4613076
[victim] interim: IPC=0.996  L2miss_rate=0.00%  iters=4967812
[victim] DONE: IPC=0.9961  L2_miss=0.00%
VICTIM core=136 ipc=0.9961 l2_miss_rate=0.00 cycles=33447344635 insns=33316293948 l2_hit=16544993197 l2_miss=615019 iters=5322926 sec=15.00
=== BASELINE_RC profile=l2hot placement=A_same_ccd run=2 rc=0 ===
--- mode_order=wc_ntdqa wb_load ---
=== CORUN profile=l2hot placement=A_same_ccd run=2 mode=wc_ntdqa threads=8 vcore=136 vnode=1 cores=137,138,139,140,141,142,143,399 START ===
[victim] core=136 node=1 ws=64 KB duration=15 warmup=5 chase=0
[victim] warming up for 5 s …
[aggressor] mode=wc_ntdqa threads=8 bufsz=256MB/thread throttle=0 MBps
[aggressor] mapped 2048 MB CXL memory at 0x741472600000
[victim] measuring for 15 s …
[aggressor] GO
[victim] interim: IPC=0.996  L2miss_rate=0.00%  iters=354904
[victim] interim: IPC=0.996  L2miss_rate=0.00%  iters=709305
[victim] interim: IPC=0.996  L2miss_rate=0.00%  iters=1064002
[victim] interim: IPC=0.996  L2miss_rate=0.00%  iters=1418484
[victim] interim: IPC=0.996  L2miss_rate=0.00%  iters=1773043
[victim] interim: IPC=0.996  L2miss_rate=0.00%  iters=2127399
[victim] interim: IPC=0.996  L2miss_rate=0.00%  iters=2482004
[victim] interim: IPC=0.996  L2miss_rate=0.00%  iters=2836438
[victim] interim: IPC=0.996  L2miss_rate=0.00%  iters=3190110
[victim] interim: IPC=0.996  L2miss_rate=0.00%  iters=3544731
[victim] interim: IPC=0.996  L2miss_rate=0.00%  iters=3899428
[victim] interim: IPC=0.996  L2miss_rate=0.00%  iters=4253850
[victim] interim: IPC=0.996  L2miss_rate=0.00%  iters=4608518
[victim] interim: IPC=0.996  L2miss_rate=0.00%  iters=4963165
[victim] DONE: IPC=0.9956  L2_miss=0.00%
VICTIM core=136 ipc=0.9956 l2_miss_rate=0.00 cycles=33432985711 insns=33284385513 l2_hit=16527682111 l2_miss=601113 iters=5317828 sec=15.00
thread  0  core 137  2.57 GB/s  (15.045 s)
thread  1  core 138  2.57 GB/s  (15.062 s)
thread  2  core 139  2.56 GB/s  (15.078 s)
thread  3  core 140  2.56 GB/s  (15.021 s)
thread  4  core 141  2.55 GB/s  (15.033 s)
thread  5  core 142  2.55 GB/s  (15.041 s)
thread  6  core 143  1.21 GB/s  (15.027 s)
thread  7  core 399  1.34 GB/s  (15.042 s)
---
aggregate: 17.87 GB/s  (8 threads, mode=wc_ntdqa)
RESULT mode=wc_ntdqa threads=8 bw_gbps=17.874 throttle=0
=== CORUN_RC profile=l2hot placement=A_same_ccd run=2 mode=wc_ntdqa victim_rc=0 aggressor_rc=0 ===
=== CORUN profile=l2hot placement=A_same_ccd run=2 mode=wb_load threads=8 vcore=136 vnode=1 cores=137,138,139,140,141,142,143,399 START ===
[victim] core=136 node=1 ws=64 KB duration=15 warmup=5 chase=0
[victim] warming up for 5 s …
[aggressor] mode=wb_load threads=8 bufsz=256MB/thread throttle=0 MBps
[victim] measuring for 15 s …
[aggressor] mapped 2048 MB CXL memory at 0x73e023e00000
[aggressor] GO
[victim] interim: IPC=0.995  L2miss_rate=0.00%  iters=354742
[victim] interim: IPC=0.994  L2miss_rate=0.00%  iters=705242
[victim] interim: IPC=0.993  L2miss_rate=0.00%  iters=1056388
[victim] interim: IPC=0.993  L2miss_rate=0.00%  iters=1407472
[victim] interim: IPC=0.993  L2miss_rate=0.00%  iters=1758338
[victim] interim: IPC=0.993  L2miss_rate=0.00%  iters=2108991
[victim] interim: IPC=0.993  L2miss_rate=0.00%  iters=2459335
[victim] interim: IPC=0.993  L2miss_rate=0.00%  iters=2810046
[victim] interim: IPC=0.992  L2miss_rate=0.00%  iters=3161233
[victim] interim: IPC=0.992  L2miss_rate=0.00%  iters=3511789
[victim] interim: IPC=0.992  L2miss_rate=0.00%  iters=3862634
[victim] interim: IPC=0.992  L2miss_rate=0.00%  iters=4213416
[victim] interim: IPC=0.992  L2miss_rate=0.00%  iters=4564314
[victim] interim: IPC=0.992  L2miss_rate=0.00%  iters=4914600
[victim] DONE: IPC=0.9923  L2_miss=0.00%
VICTIM core=136 ipc=0.9923 l2_miss_rate=0.00 cycles=33213652325 insns=32958479097 l2_hit=16365524122 l2_miss=554347 iters=5265758 sec=15.00
thread  0  core 137  3.50 GB/s  (15.022 s)
thread  1  core 138  3.71 GB/s  (15.032 s)
thread  2  core 139  3.50 GB/s  (15.026 s)
thread  3  core 140  3.48 GB/s  (15.029 s)
thread  4  core 141  3.46 GB/s  (15.030 s)
thread  5  core 142  3.45 GB/s  (15.033 s)
thread  6  core 143  1.77 GB/s  (15.039 s)
thread  7  core 399  1.70 GB/s  (15.024 s)
---
aggregate: 24.56 GB/s  (8 threads, mode=wb_load)
RESULT mode=wb_load threads=8 bw_gbps=24.561 throttle=0
=== CORUN_RC profile=l2hot placement=A_same_ccd run=2 mode=wb_load victim_rc=0 aggressor_rc=0 ===
=== BLOCK_END profile=l2hot placement=A_same_ccd run=2 ===
=== BLOCK_START profile=l2hot placement=A_same_ccd run=3 notes=same CCD; includes one SMT sibling to reach 8 aggressors ===
=== BASELINE profile=l2hot placement=A_same_ccd run=3 vcore=136 vnode=1 START ===
[victim] core=136 node=1 ws=64 KB duration=15 warmup=5 chase=0
[victim] warming up for 5 s …
[victim] measuring for 15 s …
[victim] interim: IPC=0.996  L2miss_rate=0.00%  iters=354953
[victim] interim: IPC=0.996  L2miss_rate=0.00%  iters=709638
[victim] interim: IPC=0.996  L2miss_rate=0.00%  iters=1064202
[victim] interim: IPC=0.996  L2miss_rate=0.00%  iters=1418274
[victim] interim: IPC=0.996  L2miss_rate=0.00%  iters=1773142
[victim] interim: IPC=0.996  L2miss_rate=0.00%  iters=2127989
[victim] interim: IPC=0.996  L2miss_rate=0.00%  iters=2482533
[victim] interim: IPC=0.996  L2miss_rate=0.00%  iters=2837265
[victim] interim: IPC=0.996  L2miss_rate=0.00%  iters=3191881
[victim] interim: IPC=0.996  L2miss_rate=0.00%  iters=3546710
[victim] interim: IPC=0.996  L2miss_rate=0.00%  iters=3901474
[victim] interim: IPC=0.996  L2miss_rate=0.00%  iters=4256529
[victim] interim: IPC=0.996  L2miss_rate=0.00%  iters=4611293
[victim] interim: IPC=0.996  L2miss_rate=0.00%  iters=4965452
[victim] DONE: IPC=0.9957  L2_miss=0.00%
VICTIM core=136 ipc=0.9957 l2_miss_rate=0.00 cycles=33443969841 insns=33299776743 l2_hit=16538936601 l2_miss=634970 iters=5320287 sec=15.00
=== BASELINE_RC profile=l2hot placement=A_same_ccd run=3 rc=0 ===
--- mode_order=wb_load wc_ntdqa ---
=== CORUN profile=l2hot placement=A_same_ccd run=3 mode=wb_load threads=8 vcore=136 vnode=1 cores=137,138,139,140,141,142,143,399 START ===
[victim] core=136 node=1 ws=64 KB duration=15 warmup=5 chase=0
[victim] warming up for 5 s …
[aggressor] mode=wb_load threads=8 bufsz=256MB/thread throttle=0 MBps
[victim] measuring for 15 s …
[aggressor] mapped 2048 MB CXL memory at 0x7e30b2400000
[aggressor] GO
[victim] interim: IPC=0.996  L2miss_rate=0.00%  iters=354908
[victim] interim: IPC=0.994  L2miss_rate=0.00%  iters=706056
[victim] interim: IPC=0.994  L2miss_rate=0.00%  iters=1057055
[victim] interim: IPC=0.994  L2miss_rate=0.00%  iters=1408403
[victim] interim: IPC=0.993  L2miss_rate=0.00%  iters=1759330
[victim] interim: IPC=0.993  L2miss_rate=0.00%  iters=2110671
[victim] interim: IPC=0.993  L2miss_rate=0.00%  iters=2462248
[victim] interim: IPC=0.993  L2miss_rate=0.00%  iters=2813064
[victim] interim: IPC=0.993  L2miss_rate=0.00%  iters=3164274
[victim] interim: IPC=0.993  L2miss_rate=0.00%  iters=3515955
[victim] interim: IPC=0.993  L2miss_rate=0.00%  iters=3867223
[victim] interim: IPC=0.993  L2miss_rate=0.00%  iters=4218688
[victim] interim: IPC=0.993  L2miss_rate=0.00%  iters=4568907
[victim] interim: IPC=0.993  L2miss_rate=0.00%  iters=4920367
[victim] DONE: IPC=0.9931  L2_miss=0.00%
VICTIM core=136 ipc=0.9931 l2_miss_rate=0.00 cycles=33224926115 insns=32995839373 l2_hit=16375943626 l2_miss=519033 iters=5271727 sec=15.00
thread  0  core 137  3.52 GB/s  (15.028 s)
thread  1  core 138  3.72 GB/s  (15.002 s)
thread  2  core 139  3.51 GB/s  (15.002 s)
thread  3  core 140  3.49 GB/s  (15.018 s)
thread  4  core 141  3.48 GB/s  (15.030 s)
thread  5  core 142  3.45 GB/s  (15.016 s)
thread  6  core 143  1.77 GB/s  (15.042 s)
thread  7  core 399  1.71 GB/s  (15.032 s)
---
aggregate: 24.61 GB/s  (8 threads, mode=wb_load)
RESULT mode=wb_load threads=8 bw_gbps=24.610 throttle=0
=== CORUN_RC profile=l2hot placement=A_same_ccd run=3 mode=wb_load victim_rc=0 aggressor_rc=0 ===
=== CORUN profile=l2hot placement=A_same_ccd run=3 mode=wc_ntdqa threads=8 vcore=136 vnode=1 cores=137,138,139,140,141,142,143,399 START ===
[victim] core=136 node=1 ws=64 KB duration=15 warmup=5 chase=0
[victim] warming up for 5 s …
[aggressor] mode=wc_ntdqa threads=8 bufsz=256MB/thread throttle=0 MBps
[aggressor] mapped 2048 MB CXL memory at 0x700aefa00000
[victim] measuring for 15 s …
[aggressor] GO
[victim] interim: IPC=0.997  L2miss_rate=0.00%  iters=355050
[victim] interim: IPC=0.996  L2miss_rate=0.00%  iters=709924
[victim] interim: IPC=0.996  L2miss_rate=0.00%  iters=1064904
[victim] interim: IPC=0.996  L2miss_rate=0.00%  iters=1419887
[victim] interim: IPC=0.996  L2miss_rate=0.00%  iters=1774822
[victim] interim: IPC=0.996  L2miss_rate=0.00%  iters=2129755
[victim] interim: IPC=0.996  L2miss_rate=0.00%  iters=2484751
[victim] interim: IPC=0.996  L2miss_rate=0.00%  iters=2839765
[victim] interim: IPC=0.996  L2miss_rate=0.00%  iters=3194746
[victim] interim: IPC=0.996  L2miss_rate=0.00%  iters=3548754
[victim] interim: IPC=0.996  L2miss_rate=0.00%  iters=3903750
[victim] interim: IPC=0.996  L2miss_rate=0.00%  iters=4258718
[victim] interim: IPC=0.996  L2miss_rate=0.00%  iters=4613561
[victim] interim: IPC=0.996  L2miss_rate=0.00%  iters=4968561
[victim] DONE: IPC=0.9965  L2_miss=0.00%
VICTIM core=136 ipc=0.9965 l2_miss_rate=0.00 cycles=33438435026 insns=33319948789 l2_hit=16540458339 l2_miss=581964 iters=5323510 sec=15.00
thread  0  core 137  2.57 GB/s  (15.044 s)
thread  1  core 138  2.57 GB/s  (15.066 s)
thread  2  core 139  2.56 GB/s  (15.078 s)
thread  3  core 140  2.56 GB/s  (15.022 s)
thread  4  core 141  2.55 GB/s  (15.030 s)
thread  5  core 142  2.55 GB/s  (15.039 s)
thread  6  core 143  1.21 GB/s  (15.035 s)
thread  7  core 399  1.34 GB/s  (15.038 s)
---
aggregate: 17.87 GB/s  (8 threads, mode=wc_ntdqa)
RESULT mode=wc_ntdqa threads=8 bw_gbps=17.875 throttle=0
=== CORUN_RC profile=l2hot placement=A_same_ccd run=3 mode=wc_ntdqa victim_rc=0 aggressor_rc=0 ===
=== BLOCK_END profile=l2hot placement=A_same_ccd run=3 ===
=== BLOCK_START profile=l2hot placement=A_same_ccd run=4 notes=same CCD; includes one SMT sibling to reach 8 aggressors ===
=== BASELINE profile=l2hot placement=A_same_ccd run=4 vcore=136 vnode=1 START ===
[victim] core=136 node=1 ws=64 KB duration=15 warmup=5 chase=0
[victim] warming up for 5 s …
[victim] measuring for 15 s …
[victim] interim: IPC=0.996  L2miss_rate=0.00%  iters=355029
[victim] interim: IPC=0.996  L2miss_rate=0.00%  iters=710082
[victim] interim: IPC=0.996  L2miss_rate=0.00%  iters=1064907
[victim] interim: IPC=0.996  L2miss_rate=0.00%  iters=1419977
[victim] interim: IPC=0.996  L2miss_rate=0.00%  iters=1774914
[victim] interim: IPC=0.996  L2miss_rate=0.00%  iters=2129875
[victim] interim: IPC=0.996  L2miss_rate=0.00%  iters=2484620
[victim] interim: IPC=0.996  L2miss_rate=0.00%  iters=2838858
[victim] interim: IPC=0.996  L2miss_rate=0.00%  iters=3193685
[victim] interim: IPC=0.996  L2miss_rate=0.00%  iters=3548618
[victim] interim: IPC=0.996  L2miss_rate=0.00%  iters=3903322
[victim] interim: IPC=0.996  L2miss_rate=0.00%  iters=4258288
[victim] interim: IPC=0.996  L2miss_rate=0.00%  iters=4613388
[victim] interim: IPC=0.996  L2miss_rate=0.00%  iters=4968382
[victim] DONE: IPC=0.9958  L2_miss=0.00%
VICTIM core=136 ipc=0.9958 l2_miss_rate=0.00 cycles=33456535269 insns=33315975330 l2_hit=16538646630 l2_miss=672191 iters=5322875 sec=15.00
=== BASELINE_RC profile=l2hot placement=A_same_ccd run=4 rc=0 ===
--- mode_order=wc_ntdqa wb_load ---
=== CORUN profile=l2hot placement=A_same_ccd run=4 mode=wc_ntdqa threads=8 vcore=136 vnode=1 cores=137,138,139,140,141,142,143,399 START ===
[victim] core=136 node=1 ws=64 KB duration=15 warmup=5 chase=0
[victim] warming up for 5 s …
[aggressor] mode=wc_ntdqa threads=8 bufsz=256MB/thread throttle=0 MBps
[aggressor] mapped 2048 MB CXL memory at 0x78adc5000000
[victim] measuring for 15 s …
[aggressor] GO
[victim] interim: IPC=0.996  L2miss_rate=0.00%  iters=354667
[victim] interim: IPC=0.996  L2miss_rate=0.00%  iters=709331
[victim] interim: IPC=0.996  L2miss_rate=0.00%  iters=1064043
[victim] interim: IPC=0.996  L2miss_rate=0.00%  iters=1418651
[victim] interim: IPC=0.996  L2miss_rate=0.00%  iters=1773229
[victim] interim: IPC=0.996  L2miss_rate=0.00%  iters=2126963
[victim] interim: IPC=0.996  L2miss_rate=0.00%  iters=2481458
[victim] interim: IPC=0.996  L2miss_rate=0.00%  iters=2836056
[victim] interim: IPC=0.996  L2miss_rate=0.00%  iters=3190482
[victim] interim: IPC=0.996  L2miss_rate=0.00%  iters=3545062
[victim] interim: IPC=0.996  L2miss_rate=0.00%  iters=3899748
[victim] interim: IPC=0.996  L2miss_rate=0.00%  iters=4254395
[victim] interim: IPC=0.996  L2miss_rate=0.00%  iters=4608924
[victim] interim: IPC=0.996  L2miss_rate=0.00%  iters=4963567
[victim] DONE: IPC=0.9956  L2_miss=0.00%
VICTIM core=136 ipc=0.9956 l2_miss_rate=0.00 cycles=33435375164 insns=33287227844 l2_hit=16528883356 l2_miss=651546 iters=5318282 sec=15.00
thread  0  core 137  2.57 GB/s  (15.041 s)
thread  1  core 138  2.57 GB/s  (15.064 s)
thread  2  core 139  2.56 GB/s  (15.004 s)
thread  3  core 140  2.56 GB/s  (15.022 s)
thread  4  core 141  2.55 GB/s  (15.027 s)
thread  5  core 142  2.55 GB/s  (15.042 s)
thread  6  core 143  1.21 GB/s  (15.029 s)
thread  7  core 399  1.34 GB/s  (15.036 s)
---
aggregate: 17.87 GB/s  (8 threads, mode=wc_ntdqa)
RESULT mode=wc_ntdqa threads=8 bw_gbps=17.873 throttle=0
=== CORUN_RC profile=l2hot placement=A_same_ccd run=4 mode=wc_ntdqa victim_rc=0 aggressor_rc=0 ===
=== CORUN profile=l2hot placement=A_same_ccd run=4 mode=wb_load threads=8 vcore=136 vnode=1 cores=137,138,139,140,141,142,143,399 START ===
[victim] core=136 node=1 ws=64 KB duration=15 warmup=5 chase=0
[victim] warming up for 5 s …
[aggressor] mode=wb_load threads=8 bufsz=256MB/thread throttle=0 MBps
[victim] measuring for 15 s …
[aggressor] mapped 2048 MB CXL memory at 0x725cc2600000
[aggressor] GO
[victim] interim: IPC=0.995  L2miss_rate=0.00%  iters=354498
[victim] interim: IPC=0.993  L2miss_rate=0.00%  iters=705271
[victim] interim: IPC=0.993  L2miss_rate=0.00%  iters=1055896
[victim] interim: IPC=0.992  L2miss_rate=0.00%  iters=1406804
[victim] interim: IPC=0.992  L2miss_rate=0.00%  iters=1756672
[victim] interim: IPC=0.992  L2miss_rate=0.00%  iters=2107479
[victim] interim: IPC=0.992  L2miss_rate=0.00%  iters=2458635
[victim] interim: IPC=0.992  L2miss_rate=0.00%  iters=2809909
[victim] interim: IPC=0.992  L2miss_rate=0.00%  iters=3161127
[victim] interim: IPC=0.992  L2miss_rate=0.00%  iters=3511977
[victim] interim: IPC=0.992  L2miss_rate=0.00%  iters=3862702
[victim] interim: IPC=0.992  L2miss_rate=0.00%  iters=4213889
[victim] interim: IPC=0.992  L2miss_rate=0.00%  iters=4564888
[victim] interim: IPC=0.992  L2miss_rate=0.00%  iters=4915383
[victim] DONE: IPC=0.9919  L2_miss=0.00%
VICTIM core=136 ipc=0.9919 l2_miss_rate=0.00 cycles=33224839921 insns=32954993569 l2_hit=16361724163 l2_miss=581476 iters=5265201 sec=15.00
thread  0  core 137  3.50 GB/s  (15.026 s)
thread  1  core 138  3.71 GB/s  (15.036 s)
thread  2  core 139  3.50 GB/s  (15.041 s)
thread  3  core 140  3.48 GB/s  (15.033 s)
thread  4  core 141  3.46 GB/s  (15.040 s)
thread  5  core 142  3.45 GB/s  (15.036 s)
thread  6  core 143  1.77 GB/s  (15.040 s)
thread  7  core 399  1.70 GB/s  (15.018 s)
---
aggregate: 24.56 GB/s  (8 threads, mode=wb_load)
RESULT mode=wb_load threads=8 bw_gbps=24.557 throttle=0
=== CORUN_RC profile=l2hot placement=A_same_ccd run=4 mode=wb_load victim_rc=0 aggressor_rc=0 ===
=== BLOCK_END profile=l2hot placement=A_same_ccd run=4 ===
=== BLOCK_START profile=l2hot placement=A_same_ccd run=5 notes=same CCD; includes one SMT sibling to reach 8 aggressors ===
=== BASELINE profile=l2hot placement=A_same_ccd run=5 vcore=136 vnode=1 START ===
[victim] core=136 node=1 ws=64 KB duration=15 warmup=5 chase=0
[victim] warming up for 5 s …
[victim] measuring for 15 s …
[victim] interim: IPC=0.996  L2miss_rate=0.00%  iters=355124
[victim] interim: IPC=0.996  L2miss_rate=0.00%  iters=709339
[victim] interim: IPC=0.996  L2miss_rate=0.00%  iters=1064425
[victim] interim: IPC=0.996  L2miss_rate=0.00%  iters=1419590
[victim] interim: IPC=0.996  L2miss_rate=0.00%  iters=1774717
[victim] interim: IPC=0.996  L2miss_rate=0.00%  iters=2129860
[victim] interim: IPC=0.996  L2miss_rate=0.00%  iters=2484681
[victim] interim: IPC=0.996  L2miss_rate=0.00%  iters=2839632
[victim] interim: IPC=0.996  L2miss_rate=0.00%  iters=3194852
[victim] interim: IPC=0.996  L2miss_rate=0.00%  iters=3550088
[victim] interim: IPC=0.996  L2miss_rate=0.00%  iters=3905143
[victim] interim: IPC=0.996  L2miss_rate=0.00%  iters=4259328
[victim] interim: IPC=0.996  L2miss_rate=0.00%  iters=4614528
[victim] interim: IPC=0.996  L2miss_rate=0.00%  iters=4969722
[victim] DONE: IPC=0.9963  L2_miss=0.00%
VICTIM core=136 ipc=0.9963 l2_miss_rate=0.00 cycles=33450655445 insns=33327259267 l2_hit=16544488299 l2_miss=673441 iters=5324678 sec=15.00
=== BASELINE_RC profile=l2hot placement=A_same_ccd run=5 rc=0 ===
--- mode_order=wc_ntdqa wb_load ---
=== CORUN profile=l2hot placement=A_same_ccd run=5 mode=wc_ntdqa threads=8 vcore=136 vnode=1 cores=137,138,139,140,141,142,143,399 START ===
[victim] core=136 node=1 ws=64 KB duration=15 warmup=5 chase=0
[victim] warming up for 5 s …
[aggressor] mode=wc_ntdqa threads=8 bufsz=256MB/thread throttle=0 MBps
[aggressor] mapped 2048 MB CXL memory at 0x77612b800000
[victim] measuring for 15 s …
[aggressor] GO
[victim] interim: IPC=0.996  L2miss_rate=0.00%  iters=354701
[victim] interim: IPC=0.996  L2miss_rate=0.00%  iters=709223
[victim] interim: IPC=0.996  L2miss_rate=0.00%  iters=1063877
[victim] interim: IPC=0.996  L2miss_rate=0.00%  iters=1418543
[victim] interim: IPC=0.996  L2miss_rate=0.00%  iters=1773147
[victim] interim: IPC=0.995  L2miss_rate=0.00%  iters=2127749
[victim] interim: IPC=0.995  L2miss_rate=0.00%  iters=2482389
[victim] interim: IPC=0.995  L2miss_rate=0.00%  iters=2836866
[victim] interim: IPC=0.995  L2miss_rate=0.00%  iters=3191421
[victim] interim: IPC=0.995  L2miss_rate=0.00%  iters=3546007
[victim] interim: IPC=0.995  L2miss_rate=0.00%  iters=3899677
[victim] interim: IPC=0.995  L2miss_rate=0.00%  iters=4253829
[victim] interim: IPC=0.995  L2miss_rate=0.00%  iters=4608301
[victim] interim: IPC=0.995  L2miss_rate=0.00%  iters=4962742
[victim] DONE: IPC=0.9955  L2_miss=0.00%
VICTIM core=136 ipc=0.9955 l2_miss_rate=0.00 cycles=33432521142 insns=33281693744 l2_hit=16527314377 l2_miss=653561 iters=5317398 sec=15.00
thread  0  core 137  2.57 GB/s  (15.047 s)
thread  1  core 138  2.57 GB/s  (15.067 s)
thread  2  core 139  2.56 GB/s  (15.076 s)
thread  3  core 140  2.55 GB/s  (15.029 s)
thread  4  core 141  2.55 GB/s  (15.036 s)
thread  5  core 142  2.55 GB/s  (15.045 s)
thread  6  core 143  1.21 GB/s  (15.036 s)
thread  7  core 399  1.34 GB/s  (15.041 s)
---
aggregate: 17.88 GB/s  (8 threads, mode=wc_ntdqa)
RESULT mode=wc_ntdqa threads=8 bw_gbps=17.877 throttle=0
=== CORUN_RC profile=l2hot placement=A_same_ccd run=5 mode=wc_ntdqa victim_rc=0 aggressor_rc=0 ===
=== CORUN profile=l2hot placement=A_same_ccd run=5 mode=wb_load threads=8 vcore=136 vnode=1 cores=137,138,139,140,141,142,143,399 START ===
[victim] core=136 node=1 ws=64 KB duration=15 warmup=5 chase=0
[victim] warming up for 5 s …
[aggressor] mode=wb_load threads=8 bufsz=256MB/thread throttle=0 MBps
[victim] measuring for 15 s …
[aggressor] mapped 2048 MB CXL memory at 0x713b14200000
[aggressor] GO
[victim] interim: IPC=0.995  L2miss_rate=0.00%  iters=354702
[victim] interim: IPC=0.994  L2miss_rate=0.00%  iters=705758
[victim] interim: IPC=0.993  L2miss_rate=0.00%  iters=1056813
[victim] interim: IPC=0.993  L2miss_rate=0.00%  iters=1407845
[victim] interim: IPC=0.993  L2miss_rate=0.00%  iters=1759210
[victim] interim: IPC=0.992  L2miss_rate=0.00%  iters=2110385
[victim] interim: IPC=0.992  L2miss_rate=0.00%  iters=2460981
[victim] interim: IPC=0.992  L2miss_rate=0.00%  iters=2811893
[victim] interim: IPC=0.992  L2miss_rate=0.00%  iters=3162098
[victim] interim: IPC=0.992  L2miss_rate=0.00%  iters=3513154
[victim] interim: IPC=0.992  L2miss_rate=0.00%  iters=3864077
[victim] interim: IPC=0.992  L2miss_rate=0.00%  iters=4215250
[victim] interim: IPC=0.992  L2miss_rate=0.00%  iters=4566234
[victim] interim: IPC=0.992  L2miss_rate=0.00%  iters=4917434
[victim] DONE: IPC=0.9921  L2_miss=0.00%
VICTIM core=136 ipc=0.9921 l2_miss_rate=0.00 cycles=33239006075 insns=32974934702 l2_hit=16376256535 l2_miss=518028 iters=5268387 sec=15.00
thread  0  core 137  3.51 GB/s  (15.048 s)
thread  1  core 138  3.71 GB/s  (15.034 s)
thread  2  core 139  3.50 GB/s  (15.045 s)
thread  3  core 140  3.48 GB/s  (15.045 s)
thread  4  core 141  3.48 GB/s  (15.046 s)
thread  5  core 142  3.44 GB/s  (15.039 s)
thread  6  core 143  1.75 GB/s  (15.028 s)
thread  7  core 399  1.73 GB/s  (15.036 s)
---
aggregate: 24.60 GB/s  (8 threads, mode=wb_load)
RESULT mode=wb_load threads=8 bw_gbps=24.600 throttle=0
=== CORUN_RC profile=l2hot placement=A_same_ccd run=5 mode=wb_load victim_rc=0 aggressor_rc=0 ===
=== BLOCK_END profile=l2hot placement=A_same_ccd run=5 ===
=== BLOCK_START profile=l2hot placement=B_diff_ccd_same_socket run=1 notes=different CCD same socket ===
=== BASELINE profile=l2hot placement=B_diff_ccd_same_socket run=1 vcore=128 vnode=1 START ===
[victim] core=128 node=1 ws=64 KB duration=15 warmup=5 chase=0
[victim] warming up for 5 s …
[victim] measuring for 15 s …
[victim] interim: IPC=0.995  L2miss_rate=0.00%  iters=354759
[victim] interim: IPC=0.995  L2miss_rate=0.00%  iters=709769
[victim] interim: IPC=0.995  L2miss_rate=0.00%  iters=1064607
[victim] interim: IPC=0.995  L2miss_rate=0.00%  iters=1419218
[victim] interim: IPC=0.995  L2miss_rate=0.00%  iters=1773964
[victim] interim: IPC=0.995  L2miss_rate=0.00%  iters=2128100
[victim] interim: IPC=0.995  L2miss_rate=0.00%  iters=2482908
[victim] interim: IPC=0.995  L2miss_rate=0.00%  iters=2837489
[victim] interim: IPC=0.995  L2miss_rate=0.00%  iters=3192110
[victim] interim: IPC=0.995  L2miss_rate=0.00%  iters=3546729
[victim] interim: IPC=0.995  L2miss_rate=0.00%  iters=3901479
[victim] interim: IPC=0.995  L2miss_rate=0.00%  iters=4256212
[victim] interim: IPC=0.995  L2miss_rate=0.00%  iters=4611142
[victim] interim: IPC=0.995  L2miss_rate=0.00%  iters=4965911
[victim] DONE: IPC=0.9954  L2_miss=0.00%
VICTIM core=128 ipc=0.9954 l2_miss_rate=0.00 cycles=33455345281 insns=33300978193 l2_hit=16535961218 l2_miss=626440 iters=5320479 sec=15.00
=== BASELINE_RC profile=l2hot placement=B_diff_ccd_same_socket run=1 rc=0 ===
--- mode_order=wc_ntdqa wb_load ---
=== CORUN profile=l2hot placement=B_diff_ccd_same_socket run=1 mode=wc_ntdqa threads=8 vcore=128 vnode=1 cores=136,137,138,139,140,141,142,143 START ===
[victim] core=128 node=1 ws=64 KB duration=15 warmup=5 chase=0
[victim] warming up for 5 s …
[aggressor] mode=wc_ntdqa threads=8 bufsz=256MB/thread throttle=0 MBps
[aggressor] mapped 2048 MB CXL memory at 0x7cbf27e00000
[victim] measuring for 15 s …
[aggressor] GO
[victim] interim: IPC=0.996  L2miss_rate=0.00%  iters=354315
[victim] interim: IPC=0.996  L2miss_rate=0.00%  iters=708199
[victim] interim: IPC=0.996  L2miss_rate=0.00%  iters=1062295
[victim] interim: IPC=0.996  L2miss_rate=0.00%  iters=1415534
[victim] interim: IPC=0.996  L2miss_rate=0.00%  iters=1769657
[victim] interim: IPC=0.996  L2miss_rate=0.00%  iters=2123632
[victim] interim: IPC=0.996  L2miss_rate=0.00%  iters=2477863
[victim] interim: IPC=0.996  L2miss_rate=0.00%  iters=2831794
[victim] interim: IPC=0.996  L2miss_rate=0.00%  iters=3186042
[victim] interim: IPC=0.996  L2miss_rate=0.00%  iters=3540020
[victim] interim: IPC=0.996  L2miss_rate=0.00%  iters=3894235
[victim] interim: IPC=0.996  L2miss_rate=0.00%  iters=4248364
[victim] interim: IPC=0.996  L2miss_rate=0.00%  iters=4602385
[victim] interim: IPC=0.996  L2miss_rate=0.00%  iters=4956368
[victim] DONE: IPC=0.9955  L2_miss=0.00%
VICTIM core=128 ipc=0.9955 l2_miss_rate=0.00 cycles=33382871368 insns=33233444307 l2_hit=16506011252 l2_miss=616083 iters=5309689 sec=15.00
thread  0  core 136  2.24 GB/s  (15.085 s)
thread  1  core 137  2.24 GB/s  (15.086 s)
thread  2  core 138  2.23 GB/s  (15.027 s)
thread  3  core 139  2.23 GB/s  (15.041 s)
thread  4  core 140  2.23 GB/s  (15.051 s)
thread  5  core 141  2.23 GB/s  (15.055 s)
thread  6  core 142  2.23 GB/s  (15.062 s)
thread  7  core 143  2.23 GB/s  (15.070 s)
---
aggregate: 17.83 GB/s  (8 threads, mode=wc_ntdqa)
RESULT mode=wc_ntdqa threads=8 bw_gbps=17.829 throttle=0
=== CORUN_RC profile=l2hot placement=B_diff_ccd_same_socket run=1 mode=wc_ntdqa victim_rc=0 aggressor_rc=0 ===
=== CORUN profile=l2hot placement=B_diff_ccd_same_socket run=1 mode=wb_load threads=8 vcore=128 vnode=1 cores=136,137,138,139,140,141,142,143 START ===
[victim] core=128 node=1 ws=64 KB duration=15 warmup=5 chase=0
[victim] warming up for 5 s …
[aggressor] mode=wb_load threads=8 bufsz=256MB/thread throttle=0 MBps
[victim] measuring for 15 s …
[aggressor] mapped 2048 MB CXL memory at 0x7f729fc00000
[aggressor] GO
[victim] interim: IPC=0.996  L2miss_rate=0.00%  iters=355397
[victim] interim: IPC=0.996  L2miss_rate=0.00%  iters=709560
[victim] interim: IPC=0.996  L2miss_rate=0.00%  iters=1063153
[victim] interim: IPC=0.996  L2miss_rate=0.00%  iters=1417367
[victim] interim: IPC=0.996  L2miss_rate=0.00%  iters=1771857
[victim] interim: IPC=0.996  L2miss_rate=0.00%  iters=2126083
[victim] interim: IPC=0.996  L2miss_rate=0.00%  iters=2480468
[victim] interim: IPC=0.996  L2miss_rate=0.00%  iters=2834674
[victim] interim: IPC=0.996  L2miss_rate=0.00%  iters=3189026
[victim] interim: IPC=0.996  L2miss_rate=0.00%  iters=3543273
[victim] interim: IPC=0.996  L2miss_rate=0.00%  iters=3897374
[victim] interim: IPC=0.996  L2miss_rate=0.00%  iters=4251705
[victim] interim: IPC=0.996  L2miss_rate=0.00%  iters=4605347
[victim] interim: IPC=0.996  L2miss_rate=0.00%  iters=4959816
[victim] DONE: IPC=0.9965  L2_miss=0.00%
VICTIM core=128 ipc=0.9965 l2_miss_rate=0.00 cycles=33378828686 insns=33261089638 l2_hit=16505372479 l2_miss=562011 iters=5314106 sec=15.00
thread  0  core 136  3.11 GB/s  (15.026 s)
thread  1  core 137  3.11 GB/s  (15.023 s)
thread  2  core 138  3.17 GB/s  (15.011 s)
thread  3  core 139  3.18 GB/s  (15.035 s)
thread  4  core 140  3.09 GB/s  (15.015 s)
thread  5  core 141  3.09 GB/s  (15.035 s)
thread  6  core 142  3.09 GB/s  (15.015 s)
thread  7  core 143  3.09 GB/s  (15.036 s)
---
aggregate: 24.90 GB/s  (8 threads, mode=wb_load)
RESULT mode=wb_load threads=8 bw_gbps=24.904 throttle=0
=== CORUN_RC profile=l2hot placement=B_diff_ccd_same_socket run=1 mode=wb_load victim_rc=0 aggressor_rc=0 ===
=== BLOCK_END profile=l2hot placement=B_diff_ccd_same_socket run=1 ===
=== BLOCK_START profile=l2hot placement=B_diff_ccd_same_socket run=2 notes=different CCD same socket ===
=== BASELINE profile=l2hot placement=B_diff_ccd_same_socket run=2 vcore=128 vnode=1 START ===
[victim] core=128 node=1 ws=64 KB duration=15 warmup=5 chase=0
[victim] warming up for 5 s …
[victim] measuring for 15 s …
[victim] interim: IPC=0.996  L2miss_rate=0.00%  iters=355138
[victim] interim: IPC=0.996  L2miss_rate=0.00%  iters=710391
[victim] interim: IPC=0.996  L2miss_rate=0.00%  iters=1065631
[victim] interim: IPC=0.996  L2miss_rate=0.00%  iters=1420731
[victim] interim: IPC=0.996  L2miss_rate=0.00%  iters=1775888
[victim] interim: IPC=0.996  L2miss_rate=0.00%  iters=2131109
[victim] interim: IPC=0.996  L2miss_rate=0.00%  iters=2486308
[victim] interim: IPC=0.996  L2miss_rate=0.00%  iters=2841261
[victim] interim: IPC=0.996  L2miss_rate=0.00%  iters=3196319
[victim] interim: IPC=0.996  L2miss_rate=0.00%  iters=3550672
[victim] interim: IPC=0.996  L2miss_rate=0.00%  iters=3905924
[victim] interim: IPC=0.996  L2miss_rate=0.00%  iters=4260922
[victim] interim: IPC=0.996  L2miss_rate=0.00%  iters=4615933
[victim] interim: IPC=0.996  L2miss_rate=0.00%  iters=4970980
[victim] DONE: IPC=0.9964  L2_miss=0.00%
VICTIM core=128 ipc=0.9964 l2_miss_rate=0.00 cycles=33458038584 insns=33336404627 l2_hit=16551901889 l2_miss=607431 iters=5326139 sec=15.00
=== BASELINE_RC profile=l2hot placement=B_diff_ccd_same_socket run=2 rc=0 ===
--- mode_order=wc_ntdqa wb_load ---
=== CORUN profile=l2hot placement=B_diff_ccd_same_socket run=2 mode=wc_ntdqa threads=8 vcore=128 vnode=1 cores=136,137,138,139,140,141,142,143 START ===
[victim] core=128 node=1 ws=64 KB duration=15 warmup=5 chase=0
[victim] warming up for 5 s …
[aggressor] mode=wc_ntdqa threads=8 bufsz=256MB/thread throttle=0 MBps
[aggressor] mapped 2048 MB CXL memory at 0x780d1a000000
[victim] measuring for 15 s …
[aggressor] GO
[victim] interim: IPC=0.995  L2miss_rate=0.00%  iters=354178
[victim] interim: IPC=0.995  L2miss_rate=0.00%  iters=708065
[victim] interim: IPC=0.995  L2miss_rate=0.00%  iters=1062239
[victim] interim: IPC=0.995  L2miss_rate=0.00%  iters=1416296
[victim] interim: IPC=0.995  L2miss_rate=0.00%  iters=1770424
[victim] interim: IPC=0.995  L2miss_rate=0.00%  iters=2124410
[victim] interim: IPC=0.995  L2miss_rate=0.00%  iters=2478245
[victim] interim: IPC=0.995  L2miss_rate=0.00%  iters=2832331
[victim] interim: IPC=0.995  L2miss_rate=0.00%  iters=3185586
[victim] interim: IPC=0.995  L2miss_rate=0.00%  iters=3539654
[victim] interim: IPC=0.995  L2miss_rate=0.00%  iters=3893658
[victim] interim: IPC=0.995  L2miss_rate=0.00%  iters=4247791
[victim] interim: IPC=0.995  L2miss_rate=0.00%  iters=4601992
[victim] interim: IPC=0.995  L2miss_rate=0.00%  iters=4955955
[victim] DONE: IPC=0.9952  L2_miss=0.00%
VICTIM core=128 ipc=0.9952 l2_miss_rate=0.00 cycles=33396736633 insns=33235271189 l2_hit=16498562687 l2_miss=598493 iters=5309981 sec=15.00
thread  0  core 136  2.24 GB/s  (15.085 s)
thread  1  core 137  2.24 GB/s  (15.087 s)
thread  2  core 138  2.23 GB/s  (15.020 s)
thread  3  core 139  2.23 GB/s  (15.041 s)
thread  4  core 140  2.23 GB/s  (15.058 s)
thread  5  core 141  2.23 GB/s  (15.057 s)
thread  6  core 142  2.23 GB/s  (15.064 s)
thread  7  core 143  2.23 GB/s  (15.070 s)
---
aggregate: 17.83 GB/s  (8 threads, mode=wc_ntdqa)
RESULT mode=wc_ntdqa threads=8 bw_gbps=17.828 throttle=0
=== CORUN_RC profile=l2hot placement=B_diff_ccd_same_socket run=2 mode=wc_ntdqa victim_rc=0 aggressor_rc=0 ===
=== CORUN profile=l2hot placement=B_diff_ccd_same_socket run=2 mode=wb_load threads=8 vcore=128 vnode=1 cores=136,137,138,139,140,141,142,143 START ===
[victim] core=128 node=1 ws=64 KB duration=15 warmup=5 chase=0
[victim] warming up for 5 s …
[aggressor] mode=wb_load threads=8 bufsz=256MB/thread throttle=0 MBps
[victim] measuring for 15 s …
[aggressor] mapped 2048 MB CXL memory at 0x778a98a00000
[aggressor] GO
[victim] interim: IPC=0.995  L2miss_rate=0.00%  iters=354921
[victim] interim: IPC=0.995  L2miss_rate=0.00%  iters=708684
[victim] interim: IPC=0.996  L2miss_rate=0.00%  iters=1062715
[victim] interim: IPC=0.996  L2miss_rate=0.00%  iters=1416099
[victim] interim: IPC=0.996  L2miss_rate=0.00%  iters=1769878
[victim] interim: IPC=0.996  L2miss_rate=0.00%  iters=2123303
[victim] interim: IPC=0.996  L2miss_rate=0.00%  iters=2476229
[victim] interim: IPC=0.996  L2miss_rate=0.00%  iters=2829835
[victim] interim: IPC=0.996  L2miss_rate=0.00%  iters=3183755
[victim] interim: IPC=0.996  L2miss_rate=0.00%  iters=3537947
[victim] interim: IPC=0.996  L2miss_rate=0.00%  iters=3892490
[victim] interim: IPC=0.996  L2miss_rate=0.00%  iters=4246339
[victim] interim: IPC=0.996  L2miss_rate=0.00%  iters=4600993
[victim] interim: IPC=0.996  L2miss_rate=0.00%  iters=4955462
[victim] DONE: IPC=0.9956  L2_miss=0.00%
VICTIM core=128 ipc=0.9956 l2_miss_rate=0.00 cycles=33385587338 insns=33237686958 l2_hit=16502520445 l2_miss=567459 iters=5310367 sec=15.00
thread  0  core 136  3.10 GB/s  (15.048 s)
thread  1  core 137  3.10 GB/s  (15.044 s)
thread  2  core 138  3.16 GB/s  (15.029 s)
thread  3  core 139  3.17 GB/s  (15.011 s)
thread  4  core 140  3.09 GB/s  (15.038 s)
thread  5  core 141  3.09 GB/s  (15.048 s)
thread  6  core 142  3.09 GB/s  (15.035 s)
thread  7  core 143  3.08 GB/s  (15.007 s)
---
aggregate: 24.85 GB/s  (8 threads, mode=wb_load)
RESULT mode=wb_load threads=8 bw_gbps=24.849 throttle=0
=== CORUN_RC profile=l2hot placement=B_diff_ccd_same_socket run=2 mode=wb_load victim_rc=0 aggressor_rc=0 ===
=== BLOCK_END profile=l2hot placement=B_diff_ccd_same_socket run=2 ===
=== BLOCK_START profile=l2hot placement=B_diff_ccd_same_socket run=3 notes=different CCD same socket ===
=== BASELINE profile=l2hot placement=B_diff_ccd_same_socket run=3 vcore=128 vnode=1 START ===
[victim] core=128 node=1 ws=64 KB duration=15 warmup=5 chase=0
[victim] warming up for 5 s …
[victim] measuring for 15 s …
[victim] interim: IPC=0.996  L2miss_rate=0.00%  iters=356056
[victim] interim: IPC=0.996  L2miss_rate=0.00%  iters=712310
[victim] interim: IPC=0.996  L2miss_rate=0.00%  iters=1068464
[victim] interim: IPC=0.996  L2miss_rate=0.00%  iters=1424735
[victim] interim: IPC=0.996  L2miss_rate=0.00%  iters=1780397
[victim] interim: IPC=0.996  L2miss_rate=0.00%  iters=2136284
[victim] interim: IPC=0.996  L2miss_rate=0.00%  iters=2491944
[victim] interim: IPC=0.996  L2miss_rate=0.00%  iters=2847673
[victim] interim: IPC=0.996  L2miss_rate=0.00%  iters=3203240
[victim] interim: IPC=0.996  L2miss_rate=0.00%  iters=3559122
[victim] interim: IPC=0.996  L2miss_rate=0.00%  iters=3914603
[victim] interim: IPC=0.996  L2miss_rate=0.00%  iters=4270453
[victim] interim: IPC=0.996  L2miss_rate=0.00%  iters=4625753
[victim] interim: IPC=0.996  L2miss_rate=0.00%  iters=4980228
[victim] DONE: IPC=0.9964  L2_miss=0.00%
VICTIM core=128 ipc=0.9964 l2_miss_rate=0.00 cycles=33513428132 insns=33394168555 l2_hit=16577508137 l2_miss=572014 iters=5335368 sec=15.00
=== BASELINE_RC profile=l2hot placement=B_diff_ccd_same_socket run=3 rc=0 ===
--- mode_order=wc_ntdqa wb_load ---
=== CORUN profile=l2hot placement=B_diff_ccd_same_socket run=3 mode=wc_ntdqa threads=8 vcore=128 vnode=1 cores=136,137,138,139,140,141,142,143 START ===
[victim] core=128 node=1 ws=64 KB duration=15 warmup=5 chase=0
[victim] warming up for 5 s …
[aggressor] mode=wc_ntdqa threads=8 bufsz=256MB/thread throttle=0 MBps
[aggressor] mapped 2048 MB CXL memory at 0x779ff3000000
[victim] measuring for 15 s …
[aggressor] GO
[victim] interim: IPC=0.996  L2miss_rate=0.00%  iters=354534
[victim] interim: IPC=0.996  L2miss_rate=0.00%  iters=708923
[victim] interim: IPC=0.996  L2miss_rate=0.00%  iters=1062307
[victim] interim: IPC=0.996  L2miss_rate=0.00%  iters=1416743
[victim] interim: IPC=0.996  L2miss_rate=0.00%  iters=1771283
[victim] interim: IPC=0.996  L2miss_rate=0.00%  iters=2125521
[victim] interim: IPC=0.996  L2miss_rate=0.00%  iters=2479714
[victim] interim: IPC=0.996  L2miss_rate=0.00%  iters=2834167
[victim] interim: IPC=0.996  L2miss_rate=0.00%  iters=3188629
[victim] interim: IPC=0.996  L2miss_rate=0.00%  iters=3543034
[victim] interim: IPC=0.996  L2miss_rate=0.00%  iters=3897198
[victim] interim: IPC=0.996  L2miss_rate=0.00%  iters=4251669
[victim] interim: IPC=0.996  L2miss_rate=0.00%  iters=4605215
[victim] interim: IPC=0.996  L2miss_rate=0.00%  iters=4959674
[victim] DONE: IPC=0.9964  L2_miss=0.00%
VICTIM core=128 ipc=0.9964 l2_miss_rate=0.00 cycles=33381103656 insns=33260819800 l2_hit=16510967942 l2_miss=610737 iters=5314063 sec=15.00
thread  0  core 136  2.24 GB/s  (15.081 s)
thread  1  core 137  2.24 GB/s  (15.083 s)
thread  2  core 138  2.23 GB/s  (15.022 s)
thread  3  core 139  2.23 GB/s  (15.034 s)
thread  4  core 140  2.23 GB/s  (15.051 s)
thread  5  core 141  2.23 GB/s  (15.051 s)
thread  6  core 142  2.23 GB/s  (15.057 s)
thread  7  core 143  2.23 GB/s  (15.065 s)
---
aggregate: 17.83 GB/s  (8 threads, mode=wc_ntdqa)
RESULT mode=wc_ntdqa threads=8 bw_gbps=17.833 throttle=0
=== CORUN_RC profile=l2hot placement=B_diff_ccd_same_socket run=3 mode=wc_ntdqa victim_rc=0 aggressor_rc=0 ===
=== CORUN profile=l2hot placement=B_diff_ccd_same_socket run=3 mode=wb_load threads=8 vcore=128 vnode=1 cores=136,137,138,139,140,141,142,143 START ===
[victim] core=128 node=1 ws=64 KB duration=15 warmup=5 chase=0
[victim] warming up for 5 s …
[aggressor] mode=wb_load threads=8 bufsz=256MB/thread throttle=0 MBps
[victim] measuring for 15 s …
[aggressor] mapped 2048 MB CXL memory at 0x7b5c27600000
[aggressor] GO
[victim] interim: IPC=0.996  L2miss_rate=0.00%  iters=354356
[victim] interim: IPC=0.996  L2miss_rate=0.00%  iters=708664
[victim] interim: IPC=0.996  L2miss_rate=0.00%  iters=1062846
[victim] interim: IPC=0.997  L2miss_rate=0.00%  iters=1416841
[victim] interim: IPC=0.997  L2miss_rate=0.00%  iters=1771099
[victim] interim: IPC=0.997  L2miss_rate=0.00%  iters=2125401
[victim] interim: IPC=0.997  L2miss_rate=0.00%  iters=2479636
[victim] interim: IPC=0.997  L2miss_rate=0.00%  iters=2833919
[victim] interim: IPC=0.997  L2miss_rate=0.00%  iters=3188282
[victim] interim: IPC=0.997  L2miss_rate=0.00%  iters=3542645
[victim] interim: IPC=0.997  L2miss_rate=0.00%  iters=3895982
[victim] interim: IPC=0.997  L2miss_rate=0.00%  iters=4250247
[victim] interim: IPC=0.997  L2miss_rate=0.00%  iters=4604426
[victim] interim: IPC=0.997  L2miss_rate=0.00%  iters=4958609
[victim] DONE: IPC=0.9965  L2_miss=0.00%
VICTIM core=128 ipc=0.9965 l2_miss_rate=0.00 cycles=33367851984 insns=33252188956 l2_hit=16504011259 l2_miss=568632 iters=5312684 sec=15.00
thread  0  core 136  3.10 GB/s  (15.048 s)
thread  1  core 137  3.10 GB/s  (15.043 s)
thread  2  core 138  3.16 GB/s  (15.033 s)
thread  3  core 139  3.17 GB/s  (15.056 s)
thread  4  core 140  3.09 GB/s  (15.030 s)
thread  5  core 141  3.09 GB/s  (15.053 s)
thread  6  core 142  3.09 GB/s  (15.036 s)
thread  7  core 143  3.08 GB/s  (15.057 s)
---
aggregate: 24.87 GB/s  (8 threads, mode=wb_load)
RESULT mode=wb_load threads=8 bw_gbps=24.870 throttle=0
=== CORUN_RC profile=l2hot placement=B_diff_ccd_same_socket run=3 mode=wb_load victim_rc=0 aggressor_rc=0 ===
=== BLOCK_END profile=l2hot placement=B_diff_ccd_same_socket run=3 ===
=== BLOCK_START profile=l2hot placement=B_diff_ccd_same_socket run=4 notes=different CCD same socket ===
=== BASELINE profile=l2hot placement=B_diff_ccd_same_socket run=4 vcore=128 vnode=1 START ===
[victim] core=128 node=1 ws=64 KB duration=15 warmup=5 chase=0
[victim] warming up for 5 s …
[victim] measuring for 15 s …
[victim] interim: IPC=0.997  L2miss_rate=0.00%  iters=355158
[victim] interim: IPC=0.997  L2miss_rate=0.00%  iters=710212
[victim] interim: IPC=0.996  L2miss_rate=0.00%  iters=1065312
[victim] interim: IPC=0.996  L2miss_rate=0.00%  iters=1420400
[victim] interim: IPC=0.996  L2miss_rate=0.00%  iters=1775219
[victim] interim: IPC=0.996  L2miss_rate=0.00%  iters=2130022
[victim] interim: IPC=0.996  L2miss_rate=0.00%  iters=2485257
[victim] interim: IPC=0.996  L2miss_rate=0.00%  iters=2839346
[victim] interim: IPC=0.996  L2miss_rate=0.00%  iters=3194498
[victim] interim: IPC=0.996  L2miss_rate=0.00%  iters=3549418
[victim] interim: IPC=0.996  L2miss_rate=0.00%  iters=3904478
[victim] interim: IPC=0.996  L2miss_rate=0.00%  iters=4259431
[victim] interim: IPC=0.996  L2miss_rate=0.00%  iters=4614501
[victim] interim: IPC=0.996  L2miss_rate=0.00%  iters=4969585
[victim] DONE: IPC=0.9965  L2_miss=0.00%
VICTIM core=128 ipc=0.9965 l2_miss_rate=0.00 cycles=33446064829 insns=33328524404 l2_hit=16547580642 l2_miss=621222 iters=5324880 sec=15.00
=== BASELINE_RC profile=l2hot placement=B_diff_ccd_same_socket run=4 rc=0 ===
--- mode_order=wc_ntdqa wb_load ---
=== CORUN profile=l2hot placement=B_diff_ccd_same_socket run=4 mode=wc_ntdqa threads=8 vcore=128 vnode=1 cores=136,137,138,139,140,141,142,143 START ===
[victim] core=128 node=1 ws=64 KB duration=15 warmup=5 chase=0
[victim] warming up for 5 s …
[aggressor] mode=wc_ntdqa threads=8 bufsz=256MB/thread throttle=0 MBps
[aggressor] mapped 2048 MB CXL memory at 0x7897dfe00000
[victim] measuring for 15 s …
[aggressor] GO
[victim] interim: IPC=0.995  L2miss_rate=0.00%  iters=354296
[victim] interim: IPC=0.995  L2miss_rate=0.00%  iters=708472
[victim] interim: IPC=0.995  L2miss_rate=0.00%  iters=1062650
[victim] interim: IPC=0.995  L2miss_rate=0.00%  iters=1416515
[victim] interim: IPC=0.995  L2miss_rate=0.00%  iters=1770564
[victim] interim: IPC=0.995  L2miss_rate=0.00%  iters=2124597
[victim] interim: IPC=0.995  L2miss_rate=0.00%  iters=2477895
[victim] interim: IPC=0.995  L2miss_rate=0.00%  iters=2832047
[victim] interim: IPC=0.995  L2miss_rate=0.00%  iters=3186140
[victim] interim: IPC=0.995  L2miss_rate=0.00%  iters=3540075
[victim] interim: IPC=0.995  L2miss_rate=0.00%  iters=3894202
[victim] interim: IPC=0.995  L2miss_rate=0.00%  iters=4248172
[victim] interim: IPC=0.995  L2miss_rate=0.00%  iters=4602229
[victim] interim: IPC=0.995  L2miss_rate=0.00%  iters=4956252
[victim] DONE: IPC=0.9953  L2_miss=0.00%
VICTIM core=128 ipc=0.9953 l2_miss_rate=0.00 cycles=33393288908 insns=33237724345 l2_hit=16505114195 l2_miss=587873 iters=5310373 sec=15.00
thread  0  core 136  2.24 GB/s  (15.087 s)
thread  1  core 137  2.24 GB/s  (15.083 s)
thread  2  core 138  2.23 GB/s  (15.024 s)
thread  3  core 139  2.23 GB/s  (15.037 s)
thread  4  core 140  2.23 GB/s  (15.055 s)
thread  5  core 141  2.23 GB/s  (15.062 s)
thread  6  core 142  2.23 GB/s  (15.070 s)
thread  7  core 143  2.23 GB/s  (15.073 s)
---
aggregate: 17.83 GB/s  (8 threads, mode=wc_ntdqa)
RESULT mode=wc_ntdqa threads=8 bw_gbps=17.828 throttle=0
=== CORUN_RC profile=l2hot placement=B_diff_ccd_same_socket run=4 mode=wc_ntdqa victim_rc=0 aggressor_rc=0 ===
=== CORUN profile=l2hot placement=B_diff_ccd_same_socket run=4 mode=wb_load threads=8 vcore=128 vnode=1 cores=136,137,138,139,140,141,142,143 START ===
[victim] core=128 node=1 ws=64 KB duration=15 warmup=5 chase=0
[victim] warming up for 5 s …
[aggressor] mode=wb_load threads=8 bufsz=256MB/thread throttle=0 MBps
[victim] measuring for 15 s …
[aggressor] mapped 2048 MB CXL memory at 0x75d5f9a00000
[aggressor] GO
[victim] interim: IPC=0.996  L2miss_rate=0.00%  iters=354958
[victim] interim: IPC=0.996  L2miss_rate=0.00%  iters=709115
[victim] interim: IPC=0.996  L2miss_rate=0.00%  iters=1062958
[victim] interim: IPC=0.996  L2miss_rate=0.00%  iters=1417069
[victim] interim: IPC=0.996  L2miss_rate=0.00%  iters=1769902
[victim] interim: IPC=0.996  L2miss_rate=0.00%  iters=2123845
[victim] interim: IPC=0.996  L2miss_rate=0.00%  iters=2477569
[victim] interim: IPC=0.996  L2miss_rate=0.00%  iters=2831355
[victim] interim: IPC=0.996  L2miss_rate=0.00%  iters=3184867
[victim] interim: IPC=0.996  L2miss_rate=0.00%  iters=3538963
[victim] interim: IPC=0.996  L2miss_rate=0.00%  iters=3893036
[victim] interim: IPC=0.996  L2miss_rate=0.00%  iters=4247237
[victim] interim: IPC=0.996  L2miss_rate=0.00%  iters=4601019
[victim] interim: IPC=0.996  L2miss_rate=0.00%  iters=4955089
[victim] DONE: IPC=0.9957  L2_miss=0.00%
VICTIM core=128 ipc=0.9957 l2_miss_rate=0.00 cycles=33367837313 insns=33223773571 l2_hit=16494773857 l2_miss=538121 iters=5308144 sec=15.00
thread  0  core 136  3.09 GB/s  (15.011 s)
thread  1  core 137  3.11 GB/s  (15.034 s)
thread  2  core 138  3.16 GB/s  (15.023 s)
thread  3  core 139  3.16 GB/s  (15.030 s)
thread  4  core 140  3.09 GB/s  (15.039 s)
thread  5  core 141  3.09 GB/s  (15.047 s)
thread  6  core 142  3.09 GB/s  (15.037 s)
thread  7  core 143  3.09 GB/s  (15.049 s)
---
aggregate: 24.85 GB/s  (8 threads, mode=wb_load)
RESULT mode=wb_load threads=8 bw_gbps=24.848 throttle=0
=== CORUN_RC profile=l2hot placement=B_diff_ccd_same_socket run=4 mode=wb_load victim_rc=0 aggressor_rc=0 ===
=== BLOCK_END profile=l2hot placement=B_diff_ccd_same_socket run=4 ===
=== BLOCK_START profile=l2hot placement=B_diff_ccd_same_socket run=5 notes=different CCD same socket ===
=== BASELINE profile=l2hot placement=B_diff_ccd_same_socket run=5 vcore=128 vnode=1 START ===
[victim] core=128 node=1 ws=64 KB duration=15 warmup=5 chase=0
[victim] warming up for 5 s …
[victim] measuring for 15 s …
[victim] interim: IPC=0.996  L2miss_rate=0.00%  iters=354787
[victim] interim: IPC=0.996  L2miss_rate=0.00%  iters=708285
[victim] interim: IPC=0.996  L2miss_rate=0.00%  iters=1063279
[victim] interim: IPC=0.996  L2miss_rate=0.00%  iters=1417881
[victim] interim: IPC=0.996  L2miss_rate=0.00%  iters=1772858
[victim] interim: IPC=0.996  L2miss_rate=0.00%  iters=2127533
[victim] interim: IPC=0.996  L2miss_rate=0.00%  iters=2482506
[victim] interim: IPC=0.996  L2miss_rate=0.00%  iters=2837420
[victim] interim: IPC=0.996  L2miss_rate=0.00%  iters=3192305
[victim] interim: IPC=0.996  L2miss_rate=0.00%  iters=3546952
[victim] interim: IPC=0.996  L2miss_rate=0.00%  iters=3901739
[victim] interim: IPC=0.996  L2miss_rate=0.00%  iters=4256579
[victim] interim: IPC=0.996  L2miss_rate=0.00%  iters=4610573
[victim] interim: IPC=0.996  L2miss_rate=0.00%  iters=4965098
[victim] DONE: IPC=0.9957  L2_miss=0.00%
VICTIM core=128 ipc=0.9957 l2_miss_rate=0.00 cycles=33442829960 insns=33297717810 l2_hit=16534059581 l2_miss=596066 iters=5319958 sec=15.00
=== BASELINE_RC profile=l2hot placement=B_diff_ccd_same_socket run=5 rc=0 ===
--- mode_order=wc_ntdqa wb_load ---
=== CORUN profile=l2hot placement=B_diff_ccd_same_socket run=5 mode=wc_ntdqa threads=8 vcore=128 vnode=1 cores=136,137,138,139,140,141,142,143 START ===
[victim] core=128 node=1 ws=64 KB duration=15 warmup=5 chase=0
[victim] warming up for 5 s …
[aggressor] mode=wc_ntdqa threads=8 bufsz=256MB/thread throttle=0 MBps
[aggressor] mapped 2048 MB CXL memory at 0x760235800000
[victim] measuring for 15 s …
[aggressor] GO
[victim] interim: IPC=0.995  L2miss_rate=0.00%  iters=353202
[victim] interim: IPC=0.995  L2miss_rate=0.00%  iters=706919
[victim] interim: IPC=0.995  L2miss_rate=0.00%  iters=1060885
[victim] interim: IPC=0.995  L2miss_rate=0.00%  iters=1414853
[victim] interim: IPC=0.995  L2miss_rate=0.00%  iters=1768860
[victim] interim: IPC=0.995  L2miss_rate=0.00%  iters=2122539
[victim] interim: IPC=0.995  L2miss_rate=0.00%  iters=2476591
[victim] interim: IPC=0.995  L2miss_rate=0.00%  iters=2830436
[victim] interim: IPC=0.995  L2miss_rate=0.00%  iters=3184532
[victim] interim: IPC=0.995  L2miss_rate=0.00%  iters=3538507
[victim] interim: IPC=0.995  L2miss_rate=0.00%  iters=3891667
[victim] interim: IPC=0.995  L2miss_rate=0.00%  iters=4245634
[victim] interim: IPC=0.995  L2miss_rate=0.00%  iters=4599713
[victim] interim: IPC=0.995  L2miss_rate=0.00%  iters=4953721
[victim] DONE: IPC=0.9951  L2_miss=0.00%
VICTIM core=128 ipc=0.9951 l2_miss_rate=0.00 cycles=33385977069 insns=33220781292 l2_hit=16499738220 l2_miss=586361 iters=5307666 sec=15.00
thread  0  core 136  2.24 GB/s  (15.082 s)
thread  1  core 137  2.24 GB/s  (15.082 s)
thread  2  core 138  2.23 GB/s  (15.017 s)
thread  3  core 139  2.23 GB/s  (15.034 s)
thread  4  core 140  2.23 GB/s  (15.055 s)
thread  5  core 141  2.23 GB/s  (15.059 s)
thread  6  core 142  2.23 GB/s  (15.066 s)
thread  7  core 143  2.23 GB/s  (15.069 s)
---
aggregate: 17.83 GB/s  (8 threads, mode=wc_ntdqa)
RESULT mode=wc_ntdqa threads=8 bw_gbps=17.834 throttle=0
=== CORUN_RC profile=l2hot placement=B_diff_ccd_same_socket run=5 mode=wc_ntdqa victim_rc=0 aggressor_rc=0 ===
=== CORUN profile=l2hot placement=B_diff_ccd_same_socket run=5 mode=wb_load threads=8 vcore=128 vnode=1 cores=136,137,138,139,140,141,142,143 START ===
[victim] core=128 node=1 ws=64 KB duration=15 warmup=5 chase=0
[victim] warming up for 5 s …
[aggressor] mode=wb_load threads=8 bufsz=256MB/thread throttle=0 MBps
[victim] measuring for 15 s …
[aggressor] mapped 2048 MB CXL memory at 0x7010f6e00000
[aggressor] GO
[victim] interim: IPC=0.996  L2miss_rate=0.00%  iters=355185
[victim] interim: IPC=0.996  L2miss_rate=0.00%  iters=709160
[victim] interim: IPC=0.996  L2miss_rate=0.00%  iters=1063237
[victim] interim: IPC=0.996  L2miss_rate=0.00%  iters=1417417
[victim] interim: IPC=0.996  L2miss_rate=0.00%  iters=1771451
[victim] interim: IPC=0.996  L2miss_rate=0.00%  iters=2125295
[victim] interim: IPC=0.996  L2miss_rate=0.00%  iters=2479148
[victim] interim: IPC=0.996  L2miss_rate=0.00%  iters=2833124
[victim] interim: IPC=0.996  L2miss_rate=0.00%  iters=3186384
[victim] interim: IPC=0.996  L2miss_rate=0.00%  iters=3540283
[victim] interim: IPC=0.996  L2miss_rate=0.00%  iters=3894270
[victim] interim: IPC=0.996  L2miss_rate=0.00%  iters=4248001
[victim] interim: IPC=0.996  L2miss_rate=0.00%  iters=4602048
[victim] interim: IPC=0.996  L2miss_rate=0.00%  iters=4955892
[victim] DONE: IPC=0.9959  L2_miss=0.00%
VICTIM core=128 ipc=0.9959 l2_miss_rate=0.00 cycles=33370496262 insns=33234808345 l2_hit=16492518313 l2_miss=548492 iters=5309907 sec=15.00
thread  0  core 136  3.09 GB/s  (15.012 s)
thread  1  core 137  3.10 GB/s  (15.048 s)
thread  2  core 138  3.16 GB/s  (15.043 s)
thread  3  core 139  3.16 GB/s  (15.022 s)
thread  4  core 140  3.09 GB/s  (15.047 s)
thread  5  core 141  3.08 GB/s  (15.009 s)
thread  6  core 142  3.09 GB/s  (15.043 s)
thread  7  core 143  3.07 GB/s  (15.033 s)
---
aggregate: 24.81 GB/s  (8 threads, mode=wb_load)
RESULT mode=wb_load threads=8 bw_gbps=24.813 throttle=0
=== CORUN_RC profile=l2hot placement=B_diff_ccd_same_socket run=5 mode=wb_load victim_rc=0 aggressor_rc=0 ===
=== BLOCK_END profile=l2hot placement=B_diff_ccd_same_socket run=5 ===
=== BLOCK_START profile=l2hot placement=C_diff_socket run=1 notes=victim socket0 aggressor socket1 ===
=== BASELINE profile=l2hot placement=C_diff_socket run=1 vcore=0 vnode=0 START ===
[victim] core=0 node=0 ws=64 KB duration=15 warmup=5 chase=0
[victim] warming up for 5 s …
[victim] measuring for 15 s …
[victim] interim: IPC=0.996  L2miss_rate=0.00%  iters=355145
[victim] interim: IPC=0.996  L2miss_rate=0.00%  iters=710114
[victim] interim: IPC=0.996  L2miss_rate=0.00%  iters=1065028
[victim] interim: IPC=0.996  L2miss_rate=0.00%  iters=1420113
[victim] interim: IPC=0.996  L2miss_rate=0.00%  iters=1775124
[victim] interim: IPC=0.996  L2miss_rate=0.00%  iters=2129420
[victim] interim: IPC=0.996  L2miss_rate=0.00%  iters=2484279
[victim] interim: IPC=0.996  L2miss_rate=0.00%  iters=2839257
[victim] interim: IPC=0.996  L2miss_rate=0.00%  iters=3194261
[victim] interim: IPC=0.996  L2miss_rate=0.00%  iters=3549228
[victim] interim: IPC=0.996  L2miss_rate=0.00%  iters=3904238
[victim] interim: IPC=0.996  L2miss_rate=0.00%  iters=4259322
[victim] interim: IPC=0.996  L2miss_rate=0.00%  iters=4614283
[victim] interim: IPC=0.996  L2miss_rate=0.00%  iters=4969315
[victim] DONE: IPC=0.9958  L2_miss=0.00%
VICTIM core=0 ipc=0.9958 l2_miss_rate=0.00 cycles=33464986230 insns=33323980924 l2_hit=16548931075 l2_miss=605828 iters=5324154 sec=15.00
=== BASELINE_RC profile=l2hot placement=C_diff_socket run=1 rc=0 ===
--- mode_order=wb_load wc_ntdqa ---
=== CORUN profile=l2hot placement=C_diff_socket run=1 mode=wb_load threads=8 vcore=0 vnode=0 cores=136,137,138,139,140,141,142,143 START ===
[victim] core=0 node=0 ws=64 KB duration=15 warmup=5 chase=0
[victim] warming up for 5 s …
[aggressor] mode=wb_load threads=8 bufsz=256MB/thread throttle=0 MBps
[victim] measuring for 15 s …
[aggressor] mapped 2048 MB CXL memory at 0x7d81aea00000
[aggressor] GO
[victim] interim: IPC=0.996  L2miss_rate=0.00%  iters=354533
[victim] interim: IPC=0.996  L2miss_rate=0.00%  iters=709122
[victim] interim: IPC=0.996  L2miss_rate=0.00%  iters=1063773
[victim] interim: IPC=0.996  L2miss_rate=0.00%  iters=1418399
[victim] interim: IPC=0.996  L2miss_rate=0.00%  iters=1772950
[victim] interim: IPC=0.996  L2miss_rate=0.00%  iters=2127589
[victim] interim: IPC=0.996  L2miss_rate=0.00%  iters=2482146
[victim] interim: IPC=0.996  L2miss_rate=0.00%  iters=2836763
[victim] interim: IPC=0.996  L2miss_rate=0.00%  iters=3191226
[victim] interim: IPC=0.996  L2miss_rate=0.00%  iters=3545840
[victim] interim: IPC=0.996  L2miss_rate=0.00%  iters=3900479
[victim] interim: IPC=0.996  L2miss_rate=0.00%  iters=4255042
[victim] interim: IPC=0.996  L2miss_rate=0.00%  iters=4609604
[victim] interim: IPC=0.996  L2miss_rate=0.00%  iters=4964290
[victim] DONE: IPC=0.9957  L2_miss=0.00%
VICTIM core=0 ipc=0.9957 l2_miss_rate=0.00 cycles=33434896939 insns=33290657223 l2_hit=16531079608 l2_miss=615082 iters=5318830 sec=15.00
thread  0  core 136  3.09 GB/s  (15.021 s)
thread  1  core 137  3.11 GB/s  (15.036 s)
thread  2  core 138  3.16 GB/s  (15.032 s)
thread  3  core 139  3.16 GB/s  (15.016 s)
thread  4  core 140  3.09 GB/s  (15.038 s)
thread  5  core 141  3.08 GB/s  (15.002 s)
thread  6  core 142  3.09 GB/s  (15.038 s)
thread  7  core 143  3.07 GB/s  (15.019 s)
---
aggregate: 24.83 GB/s  (8 threads, mode=wb_load)
RESULT mode=wb_load threads=8 bw_gbps=24.829 throttle=0
=== CORUN_RC profile=l2hot placement=C_diff_socket run=1 mode=wb_load victim_rc=0 aggressor_rc=0 ===
=== CORUN profile=l2hot placement=C_diff_socket run=1 mode=wc_ntdqa threads=8 vcore=0 vnode=0 cores=136,137,138,139,140,141,142,143 START ===
[victim] core=0 node=0 ws=64 KB duration=15 warmup=5 chase=0
[victim] warming up for 5 s …
[aggressor] mode=wc_ntdqa threads=8 bufsz=256MB/thread throttle=0 MBps
[aggressor] mapped 2048 MB CXL memory at 0x7dd33f200000
[victim] measuring for 15 s …
[aggressor] GO
[victim] interim: IPC=0.996  L2miss_rate=0.00%  iters=354570
[victim] interim: IPC=0.996  L2miss_rate=0.00%  iters=709145
[victim] interim: IPC=0.996  L2miss_rate=0.00%  iters=1063721
[victim] interim: IPC=0.996  L2miss_rate=0.00%  iters=1418218
[victim] interim: IPC=0.996  L2miss_rate=0.00%  iters=1772699
[victim] interim: IPC=0.996  L2miss_rate=0.00%  iters=2127209
[victim] interim: IPC=0.996  L2miss_rate=0.00%  iters=2481867
[victim] interim: IPC=0.996  L2miss_rate=0.00%  iters=2836458
[victim] interim: IPC=0.996  L2miss_rate=0.00%  iters=3191038
[victim] interim: IPC=0.996  L2miss_rate=0.00%  iters=3545459
[victim] interim: IPC=0.996  L2miss_rate=0.00%  iters=3900007
[victim] interim: IPC=0.996  L2miss_rate=0.00%  iters=4254599
[victim] interim: IPC=0.996  L2miss_rate=0.00%  iters=4609228
[victim] interim: IPC=0.996  L2miss_rate=0.00%  iters=4963744
[victim] DONE: IPC=0.9958  L2_miss=0.00%
VICTIM core=0 ipc=0.9958 l2_miss_rate=0.00 cycles=33429291982 insns=33287390512 l2_hit=16532620497 l2_miss=601860 iters=5318308 sec=15.00
thread  0  core 136  2.24 GB/s  (15.004 s)
thread  1  core 137  2.24 GB/s  (15.067 s)
thread  2  core 138  2.24 GB/s  (15.009 s)
thread  3  core 139  2.23 GB/s  (15.027 s)
thread  4  core 140  2.23 GB/s  (15.039 s)
thread  5  core 141  2.23 GB/s  (15.043 s)
thread  6  core 142  2.23 GB/s  (15.050 s)
thread  7  core 143  2.23 GB/s  (15.056 s)
---
aggregate: 17.83 GB/s  (8 threads, mode=wc_ntdqa)
RESULT mode=wc_ntdqa threads=8 bw_gbps=17.834 throttle=0
=== CORUN_RC profile=l2hot placement=C_diff_socket run=1 mode=wc_ntdqa victim_rc=0 aggressor_rc=0 ===
=== BLOCK_END profile=l2hot placement=C_diff_socket run=1 ===
=== BLOCK_START profile=l2hot placement=C_diff_socket run=2 notes=victim socket0 aggressor socket1 ===
=== BASELINE profile=l2hot placement=C_diff_socket run=2 vcore=0 vnode=0 START ===
[victim] core=0 node=0 ws=64 KB duration=15 warmup=5 chase=0
[victim] warming up for 5 s …
[victim] measuring for 15 s …
[victim] interim: IPC=0.997  L2miss_rate=0.00%  iters=355370
[victim] interim: IPC=0.997  L2miss_rate=0.00%  iters=710772
[victim] interim: IPC=0.997  L2miss_rate=0.00%  iters=1066038
[victim] interim: IPC=0.997  L2miss_rate=0.00%  iters=1421622
[victim] interim: IPC=0.997  L2miss_rate=0.00%  iters=1776693
[victim] interim: IPC=0.997  L2miss_rate=0.00%  iters=2132079
[victim] interim: IPC=0.997  L2miss_rate=0.00%  iters=2487601
[victim] interim: IPC=0.997  L2miss_rate=0.00%  iters=2842762
[victim] interim: IPC=0.995  L2miss_rate=0.00%  iters=3193381
[victim] interim: IPC=0.994  L2miss_rate=0.00%  iters=3544487
[victim] interim: IPC=0.994  L2miss_rate=0.00%  iters=3896649
[victim] interim: IPC=0.994  L2miss_rate=0.00%  iters=4251961
[victim] interim: IPC=0.995  L2miss_rate=0.00%  iters=4606504
[victim] interim: IPC=0.995  L2miss_rate=0.00%  iters=4961574
[victim] DONE: IPC=0.9948  L2_miss=0.00%
VICTIM core=0 ipc=0.9948 l2_miss_rate=0.00 cycles=33452320649 insns=33278214581 l2_hit=16521875498 l2_miss=598261 iters=5316842 sec=15.00
=== BASELINE_RC profile=l2hot placement=C_diff_socket run=2 rc=0 ===
--- mode_order=wb_load wc_ntdqa ---
=== CORUN profile=l2hot placement=C_diff_socket run=2 mode=wb_load threads=8 vcore=0 vnode=0 cores=136,137,138,139,140,141,142,143 START ===
[victim] core=0 node=0 ws=64 KB duration=15 warmup=5 chase=0
[victim] warming up for 5 s …
[aggressor] mode=wb_load threads=8 bufsz=256MB/thread throttle=0 MBps
[victim] measuring for 15 s …
[aggressor] mapped 2048 MB CXL memory at 0x7412a6e00000
[aggressor] GO
[victim] interim: IPC=0.997  L2miss_rate=0.00%  iters=354855
[victim] interim: IPC=0.997  L2miss_rate=0.00%  iters=709668
[victim] interim: IPC=0.997  L2miss_rate=0.00%  iters=1064438
[victim] interim: IPC=0.997  L2miss_rate=0.00%  iters=1419327
[victim] interim: IPC=0.997  L2miss_rate=0.00%  iters=1773967
[victim] interim: IPC=0.997  L2miss_rate=0.00%  iters=2128859
[victim] interim: IPC=0.997  L2miss_rate=0.00%  iters=2483675
[victim] interim: IPC=0.997  L2miss_rate=0.00%  iters=2838348
[victim] interim: IPC=0.997  L2miss_rate=0.00%  iters=3192318
[victim] interim: IPC=0.997  L2miss_rate=0.00%  iters=3547237
[victim] interim: IPC=0.997  L2miss_rate=0.00%  iters=3902128
[victim] interim: IPC=0.997  L2miss_rate=0.00%  iters=4257171
[victim] interim: IPC=0.997  L2miss_rate=0.00%  iters=4611994
[victim] interim: IPC=0.997  L2miss_rate=0.00%  iters=4966906
[victim] DONE: IPC=0.9966  L2_miss=0.00%
VICTIM core=0 ipc=0.9966 l2_miss_rate=0.00 cycles=33424547097 insns=33309998295 l2_hit=16535498826 l2_miss=576168 iters=5321920 sec=15.00
thread  0  core 136  3.09 GB/s  (15.021 s)
thread  1  core 137  3.10 GB/s  (15.044 s)
thread  2  core 138  3.16 GB/s  (15.043 s)
thread  3  core 139  3.16 GB/s  (15.018 s)
thread  4  core 140  3.09 GB/s  (15.042 s)
thread  5  core 141  3.08 GB/s  (15.012 s)
thread  6  core 142  3.09 GB/s  (15.042 s)
thread  7  core 143  3.07 GB/s  (15.019 s)
---
aggregate: 24.82 GB/s  (8 threads, mode=wb_load)
RESULT mode=wb_load threads=8 bw_gbps=24.820 throttle=0
=== CORUN_RC profile=l2hot placement=C_diff_socket run=2 mode=wb_load victim_rc=0 aggressor_rc=0 ===
=== CORUN profile=l2hot placement=C_diff_socket run=2 mode=wc_ntdqa threads=8 vcore=0 vnode=0 cores=136,137,138,139,140,141,142,143 START ===
[victim] core=0 node=0 ws=64 KB duration=15 warmup=5 chase=0
[victim] warming up for 5 s …
[aggressor] mode=wc_ntdqa threads=8 bufsz=256MB/thread throttle=0 MBps
[aggressor] mapped 2048 MB CXL memory at 0x77db3d400000
[victim] measuring for 15 s …
[aggressor] GO
[victim] interim: IPC=0.997  L2miss_rate=0.00%  iters=354814
[victim] interim: IPC=0.997  L2miss_rate=0.00%  iters=709540
[victim] interim: IPC=0.997  L2miss_rate=0.00%  iters=1064579
[victim] interim: IPC=0.996  L2miss_rate=0.00%  iters=1419032
[victim] interim: IPC=0.996  L2miss_rate=0.00%  iters=1773942
[victim] interim: IPC=0.996  L2miss_rate=0.00%  iters=2128628
[victim] interim: IPC=0.996  L2miss_rate=0.00%  iters=2482761
[victim] interim: IPC=0.996  L2miss_rate=0.00%  iters=2837673
[victim] interim: IPC=0.996  L2miss_rate=0.00%  iters=3192470
[victim] interim: IPC=0.996  L2miss_rate=0.00%  iters=3547156
[victim] interim: IPC=0.996  L2miss_rate=0.00%  iters=3902158
[victim] interim: IPC=0.996  L2miss_rate=0.00%  iters=4256991
[victim] interim: IPC=0.996  L2miss_rate=0.00%  iters=4611998
[victim] interim: IPC=0.996  L2miss_rate=0.00%  iters=4966731
[victim] DONE: IPC=0.9965  L2_miss=0.00%
VICTIM core=0 ipc=0.9965 l2_miss_rate=0.00 cycles=33425176366 insns=33307587683 l2_hit=16538629818 l2_miss=585367 iters=5321535 sec=15.00
thread  0  core 136  2.24 GB/s  (15.082 s)
thread  1  core 137  2.24 GB/s  (15.073 s)
thread  2  core 138  2.23 GB/s  (15.017 s)
thread  3  core 139  2.23 GB/s  (15.029 s)
thread  4  core 140  2.23 GB/s  (15.041 s)
thread  5  core 141  2.23 GB/s  (15.048 s)
thread  6  core 142  2.23 GB/s  (15.052 s)
thread  7  core 143  2.23 GB/s  (15.058 s)
---
aggregate: 17.83 GB/s  (8 threads, mode=wc_ntdqa)
RESULT mode=wc_ntdqa threads=8 bw_gbps=17.834 throttle=0
=== CORUN_RC profile=l2hot placement=C_diff_socket run=2 mode=wc_ntdqa victim_rc=0 aggressor_rc=0 ===
=== BLOCK_END profile=l2hot placement=C_diff_socket run=2 ===
=== BLOCK_START profile=l2hot placement=C_diff_socket run=3 notes=victim socket0 aggressor socket1 ===
=== BASELINE profile=l2hot placement=C_diff_socket run=3 vcore=0 vnode=0 START ===
[victim] core=0 node=0 ws=64 KB duration=15 warmup=5 chase=0
[victim] warming up for 5 s …
[victim] measuring for 15 s …
[victim] interim: IPC=0.996  L2miss_rate=0.00%  iters=355026
[victim] interim: IPC=0.996  L2miss_rate=0.00%  iters=709937
[victim] interim: IPC=0.996  L2miss_rate=0.00%  iters=1064775
[victim] interim: IPC=0.996  L2miss_rate=0.00%  iters=1419648
[victim] interim: IPC=0.996  L2miss_rate=0.00%  iters=1773923
[victim] interim: IPC=0.996  L2miss_rate=0.00%  iters=2128972
[victim] interim: IPC=0.996  L2miss_rate=0.00%  iters=2483845
[victim] interim: IPC=0.996  L2miss_rate=0.00%  iters=2838744
[victim] interim: IPC=0.996  L2miss_rate=0.00%  iters=3193769
[victim] interim: IPC=0.996  L2miss_rate=0.00%  iters=3548807
[victim] interim: IPC=0.996  L2miss_rate=0.00%  iters=3903702
[victim] interim: IPC=0.996  L2miss_rate=0.00%  iters=4258675
[victim] interim: IPC=0.996  L2miss_rate=0.00%  iters=4613757
[victim] interim: IPC=0.996  L2miss_rate=0.00%  iters=4968871
[victim] DONE: IPC=0.9957  L2_miss=0.00%
VICTIM core=0 ipc=0.9957 l2_miss_rate=0.00 cycles=33461883358 insns=33317051802 l2_hit=16543886647 l2_miss=619888 iters=5323047 sec=15.00
=== BASELINE_RC profile=l2hot placement=C_diff_socket run=3 rc=0 ===
--- mode_order=wb_load wc_ntdqa ---
=== CORUN profile=l2hot placement=C_diff_socket run=3 mode=wb_load threads=8 vcore=0 vnode=0 cores=136,137,138,139,140,141,142,143 START ===
[victim] core=0 node=0 ws=64 KB duration=15 warmup=5 chase=0
[victim] warming up for 5 s …
[aggressor] mode=wb_load threads=8 bufsz=256MB/thread throttle=0 MBps
[victim] measuring for 15 s …
[aggressor] mapped 2048 MB CXL memory at 0x7e6a2c600000
[aggressor] GO
[victim] interim: IPC=0.996  L2miss_rate=0.00%  iters=354592
[victim] interim: IPC=0.996  L2miss_rate=0.00%  iters=709075
[victim] interim: IPC=0.996  L2miss_rate=0.00%  iters=1062817
[victim] interim: IPC=0.996  L2miss_rate=0.00%  iters=1417464
[victim] interim: IPC=0.996  L2miss_rate=0.00%  iters=1772085
[victim] interim: IPC=0.996  L2miss_rate=0.00%  iters=2126614
[victim] interim: IPC=0.996  L2miss_rate=0.00%  iters=2481168
[victim] interim: IPC=0.996  L2miss_rate=0.00%  iters=2835793
[victim] interim: IPC=0.996  L2miss_rate=0.00%  iters=3190340
[victim] interim: IPC=0.996  L2miss_rate=0.00%  iters=3544893
[victim] interim: IPC=0.996  L2miss_rate=0.00%  iters=3899475
[victim] interim: IPC=0.996  L2miss_rate=0.00%  iters=4253888
[victim] interim: IPC=0.996  L2miss_rate=0.00%  iters=4607728
[victim] interim: IPC=0.996  L2miss_rate=0.00%  iters=4962293
[victim] DONE: IPC=0.9956  L2_miss=0.00%
VICTIM core=0 ipc=0.9956 l2_miss_rate=0.00 cycles=33423678863 insns=33278007999 l2_hit=16529856530 l2_miss=614165 iters=5316809 sec=15.00
thread  0  core 136  3.10 GB/s  (15.051 s)
thread  1  core 137  3.11 GB/s  (15.006 s)
thread  2  core 138  3.18 GB/s  (15.048 s)
thread  3  core 139  3.18 GB/s  (15.047 s)
thread  4  core 140  3.09 GB/s  (15.017 s)
thread  5  core 141  3.09 GB/s  (15.031 s)
thread  6  core 142  3.09 GB/s  (15.016 s)
thread  7  core 143  3.09 GB/s  (15.044 s)
---
aggregate: 24.90 GB/s  (8 threads, mode=wb_load)
RESULT mode=wb_load threads=8 bw_gbps=24.898 throttle=0
=== CORUN_RC profile=l2hot placement=C_diff_socket run=3 mode=wb_load victim_rc=0 aggressor_rc=0 ===
=== CORUN profile=l2hot placement=C_diff_socket run=3 mode=wc_ntdqa threads=8 vcore=0 vnode=0 cores=136,137,138,139,140,141,142,143 START ===
[victim] core=0 node=0 ws=64 KB duration=15 warmup=5 chase=0
[victim] warming up for 5 s …
[aggressor] mode=wc_ntdqa threads=8 bufsz=256MB/thread throttle=0 MBps
[aggressor] mapped 2048 MB CXL memory at 0x7856d6a00000
[victim] measuring for 15 s …
[aggressor] GO
[victim] interim: IPC=0.993  L2miss_rate=0.00%  iters=352684
[victim] interim: IPC=0.993  L2miss_rate=0.00%  iters=706110
[victim] interim: IPC=0.993  L2miss_rate=0.00%  iters=1059583
[victim] interim: IPC=0.993  L2miss_rate=0.00%  iters=1413089
[victim] interim: IPC=0.993  L2miss_rate=0.00%  iters=1766695
[victim] interim: IPC=0.993  L2miss_rate=0.00%  iters=2120223
[victim] interim: IPC=0.993  L2miss_rate=0.00%  iters=2473752
[victim] interim: IPC=0.993  L2miss_rate=0.00%  iters=2827233
[victim] interim: IPC=0.993  L2miss_rate=0.00%  iters=3180807
[victim] interim: IPC=0.993  L2miss_rate=0.00%  iters=3534291
[victim] interim: IPC=0.993  L2miss_rate=0.00%  iters=3887116
[victim] interim: IPC=0.993  L2miss_rate=0.00%  iters=4240595
[victim] interim: IPC=0.993  L2miss_rate=0.00%  iters=4594210
[victim] interim: IPC=0.993  L2miss_rate=0.00%  iters=4947558
[victim] DONE: IPC=0.9927  L2_miss=0.00%
VICTIM core=0 ipc=0.9927 l2_miss_rate=0.00 cycles=33423339636 insns=33179997962 l2_hit=16474791175 l2_miss=575083 iters=5301150 sec=15.00
thread  0  core 136  2.24 GB/s  (15.085 s)
thread  1  core 137  2.24 GB/s  (15.072 s)
thread  2  core 138  2.24 GB/s  (15.085 s)
thread  3  core 139  2.23 GB/s  (15.020 s)
thread  4  core 140  2.23 GB/s  (15.048 s)
thread  5  core 141  2.23 GB/s  (15.044 s)
thread  6  core 142  2.23 GB/s  (15.055 s)
thread  7  core 143  2.23 GB/s  (15.061 s)
---
aggregate: 17.85 GB/s  (8 threads, mode=wc_ntdqa)
RESULT mode=wc_ntdqa threads=8 bw_gbps=17.848 throttle=0
=== CORUN_RC profile=l2hot placement=C_diff_socket run=3 mode=wc_ntdqa victim_rc=0 aggressor_rc=0 ===
=== BLOCK_END profile=l2hot placement=C_diff_socket run=3 ===
=== BLOCK_START profile=l2hot placement=C_diff_socket run=4 notes=victim socket0 aggressor socket1 ===
=== BASELINE profile=l2hot placement=C_diff_socket run=4 vcore=0 vnode=0 START ===
[victim] core=0 node=0 ws=64 KB duration=15 warmup=5 chase=0
[victim] warming up for 5 s …
[victim] measuring for 15 s …
[victim] interim: IPC=0.995  L2miss_rate=0.00%  iters=354418
[victim] interim: IPC=0.994  L2miss_rate=0.00%  iters=708953
[victim] interim: IPC=0.994  L2miss_rate=0.00%  iters=1063585
[victim] interim: IPC=0.994  L2miss_rate=0.00%  iters=1418123
[victim] interim: IPC=0.994  L2miss_rate=0.00%  iters=1772602
[victim] interim: IPC=0.994  L2miss_rate=0.00%  iters=2127167
[victim] interim: IPC=0.994  L2miss_rate=0.00%  iters=2481840
[victim] interim: IPC=0.994  L2miss_rate=0.00%  iters=2836402
[victim] interim: IPC=0.994  L2miss_rate=0.00%  iters=3190100
[victim] interim: IPC=0.994  L2miss_rate=0.00%  iters=3544692
[victim] interim: IPC=0.994  L2miss_rate=0.00%  iters=3899277
[victim] interim: IPC=0.994  L2miss_rate=0.00%  iters=4253679
[victim] interim: IPC=0.994  L2miss_rate=0.00%  iters=4608208
[victim] interim: IPC=0.994  L2miss_rate=0.00%  iters=4962797
[victim] DONE: IPC=0.9944  L2_miss=0.00%
VICTIM core=0 ipc=0.9944 l2_miss_rate=0.00 cycles=33468154432 insns=33281669234 l2_hit=16533695950 l2_miss=590458 iters=5317394 sec=15.00
=== BASELINE_RC profile=l2hot placement=C_diff_socket run=4 rc=0 ===
--- mode_order=wc_ntdqa wb_load ---
=== CORUN profile=l2hot placement=C_diff_socket run=4 mode=wc_ntdqa threads=8 vcore=0 vnode=0 cores=136,137,138,139,140,141,142,143 START ===
[victim] core=0 node=0 ws=64 KB duration=15 warmup=5 chase=0
[victim] warming up for 5 s …
[aggressor] mode=wc_ntdqa threads=8 bufsz=256MB/thread throttle=0 MBps
[aggressor] mapped 2048 MB CXL memory at 0x7427a2400000
[victim] measuring for 15 s …
[aggressor] GO
[victim] interim: IPC=0.993  L2miss_rate=0.00%  iters=353595
[victim] interim: IPC=0.993  L2miss_rate=0.00%  iters=707019
[victim] interim: IPC=0.993  L2miss_rate=0.00%  iters=1060528
[victim] interim: IPC=0.993  L2miss_rate=0.00%  iters=1414058
[victim] interim: IPC=0.993  L2miss_rate=0.00%  iters=1767526
[victim] interim: IPC=0.993  L2miss_rate=0.00%  iters=2120978
[victim] interim: IPC=0.993  L2miss_rate=0.00%  iters=2473475
[victim] interim: IPC=0.993  L2miss_rate=0.00%  iters=2826803
[victim] interim: IPC=0.993  L2miss_rate=0.00%  iters=3180440
[victim] interim: IPC=0.993  L2miss_rate=0.00%  iters=3533874
[victim] interim: IPC=0.993  L2miss_rate=0.00%  iters=3887208
[victim] interim: IPC=0.993  L2miss_rate=0.00%  iters=4240768
[victim] interim: IPC=0.993  L2miss_rate=0.00%  iters=4594305
[victim] interim: IPC=0.993  L2miss_rate=0.00%  iters=4947321
[victim] DONE: IPC=0.9927  L2_miss=0.00%
VICTIM core=0 ipc=0.9927 l2_miss_rate=0.00 cycles=33417134813 insns=33174515577 l2_hit=16471103462 l2_miss=611176 iters=5300274 sec=15.00
thread  0  core 136  2.24 GB/s  (15.084 s)
thread  1  core 137  2.24 GB/s  (15.074 s)
thread  2  core 138  2.23 GB/s  (15.017 s)
thread  3  core 139  2.23 GB/s  (15.032 s)
thread  4  core 140  2.23 GB/s  (15.049 s)
thread  5  core 141  2.23 GB/s  (15.049 s)
thread  6  core 142  2.23 GB/s  (15.058 s)
thread  7  core 143  2.23 GB/s  (15.061 s)
---
aggregate: 17.83 GB/s  (8 threads, mode=wc_ntdqa)
RESULT mode=wc_ntdqa threads=8 bw_gbps=17.832 throttle=0
=== CORUN_RC profile=l2hot placement=C_diff_socket run=4 mode=wc_ntdqa victim_rc=0 aggressor_rc=0 ===
=== CORUN profile=l2hot placement=C_diff_socket run=4 mode=wb_load threads=8 vcore=0 vnode=0 cores=136,137,138,139,140,141,142,143 START ===
[victim] core=0 node=0 ws=64 KB duration=15 warmup=5 chase=0
[victim] warming up for 5 s …
[aggressor] mode=wb_load threads=8 bufsz=256MB/thread throttle=0 MBps
[victim] measuring for 15 s …
[aggressor] mapped 2048 MB CXL memory at 0x786076c00000
[aggressor] GO
[victim] interim: IPC=0.997  L2miss_rate=0.00%  iters=354980
[victim] interim: IPC=0.997  L2miss_rate=0.00%  iters=709783
[victim] interim: IPC=0.997  L2miss_rate=0.00%  iters=1064587
[victim] interim: IPC=0.997  L2miss_rate=0.00%  iters=1419411
[victim] interim: IPC=0.997  L2miss_rate=0.00%  iters=1774405
[victim] interim: IPC=0.997  L2miss_rate=0.00%  iters=2128413
[victim] interim: IPC=0.997  L2miss_rate=0.00%  iters=2483364
[victim] interim: IPC=0.997  L2miss_rate=0.00%  iters=2838164
[victim] interim: IPC=0.997  L2miss_rate=0.00%  iters=3193069
[victim] interim: IPC=0.997  L2miss_rate=0.00%  iters=3547992
[victim] interim: IPC=0.997  L2miss_rate=0.00%  iters=3902929
[victim] interim: IPC=0.997  L2miss_rate=0.00%  iters=4257777
[victim] interim: IPC=0.997  L2miss_rate=0.00%  iters=4612787
[victim] interim: IPC=0.997  L2miss_rate=0.00%  iters=4967507
[victim] DONE: IPC=0.9965  L2_miss=0.00%
VICTIM core=0 ipc=0.9965 l2_miss_rate=0.00 cycles=33429082654 insns=33313033138 l2_hit=16536869235 l2_miss=597076 iters=5322405 sec=15.00
thread  0  core 136  3.10 GB/s  (15.055 s)
thread  1  core 137  3.11 GB/s  (15.033 s)
thread  2  core 138  3.16 GB/s  (15.019 s)
thread  3  core 139  3.17 GB/s  (15.053 s)
thread  4  core 140  3.09 GB/s  (15.025 s)
thread  5  core 141  3.09 GB/s  (15.047 s)
thread  6  core 142  3.09 GB/s  (15.031 s)
thread  7  core 143  3.08 GB/s  (15.054 s)
---
aggregate: 24.87 GB/s  (8 threads, mode=wb_load)
RESULT mode=wb_load threads=8 bw_gbps=24.874 throttle=0
=== CORUN_RC profile=l2hot placement=C_diff_socket run=4 mode=wb_load victim_rc=0 aggressor_rc=0 ===
=== BLOCK_END profile=l2hot placement=C_diff_socket run=4 ===
=== BLOCK_START profile=l2hot placement=C_diff_socket run=5 notes=victim socket0 aggressor socket1 ===
=== BASELINE profile=l2hot placement=C_diff_socket run=5 vcore=0 vnode=0 START ===
[victim] core=0 node=0 ws=64 KB duration=15 warmup=5 chase=0
[victim] warming up for 5 s …
[victim] measuring for 15 s …
[victim] interim: IPC=0.995  L2miss_rate=0.00%  iters=354619
[victim] interim: IPC=0.995  L2miss_rate=0.00%  iters=709326
[victim] interim: IPC=0.995  L2miss_rate=0.00%  iters=1063489
[victim] interim: IPC=0.995  L2miss_rate=0.00%  iters=1418247
[victim] interim: IPC=0.995  L2miss_rate=0.00%  iters=1772961
[victim] interim: IPC=0.995  L2miss_rate=0.00%  iters=2127725
[victim] interim: IPC=0.995  L2miss_rate=0.00%  iters=2482398
[victim] interim: IPC=0.995  L2miss_rate=0.00%  iters=2837169
[victim] interim: IPC=0.995  L2miss_rate=0.00%  iters=3191867
[victim] interim: IPC=0.995  L2miss_rate=0.00%  iters=3546695
[victim] interim: IPC=0.995  L2miss_rate=0.00%  iters=3901526
[victim] interim: IPC=0.995  L2miss_rate=0.00%  iters=4256394
[victim] interim: IPC=0.995  L2miss_rate=0.00%  iters=4610201
[victim] interim: IPC=0.995  L2miss_rate=0.00%  iters=4965125
[victim] DONE: IPC=0.9953  L2_miss=0.00%
VICTIM core=0 ipc=0.9953 l2_miss_rate=0.00 cycles=33457168606 insns=33298304996 l2_hit=16534851839 l2_miss=600905 iters=5320052 sec=15.00
=== BASELINE_RC profile=l2hot placement=C_diff_socket run=5 rc=0 ===
--- mode_order=wc_ntdqa wb_load ---
=== CORUN profile=l2hot placement=C_diff_socket run=5 mode=wc_ntdqa threads=8 vcore=0 vnode=0 cores=136,137,138,139,140,141,142,143 START ===
[victim] core=0 node=0 ws=64 KB duration=15 warmup=5 chase=0
[victim] warming up for 5 s …
[aggressor] mode=wc_ntdqa threads=8 bufsz=256MB/thread throttle=0 MBps
[aggressor] mapped 2048 MB CXL memory at 0x704e21e00000
[victim] measuring for 15 s …
[aggressor] GO
[victim] interim: IPC=0.997  L2miss_rate=0.00%  iters=354001
[victim] interim: IPC=0.997  L2miss_rate=0.00%  iters=708864
[victim] interim: IPC=0.997  L2miss_rate=0.00%  iters=1063777
[victim] interim: IPC=0.997  L2miss_rate=0.00%  iters=1418425
[victim] interim: IPC=0.997  L2miss_rate=0.00%  iters=1773156
[victim] interim: IPC=0.997  L2miss_rate=0.00%  iters=2127871
[victim] interim: IPC=0.997  L2miss_rate=0.00%  iters=2482724
[victim] interim: IPC=0.997  L2miss_rate=0.00%  iters=2837652
[victim] interim: IPC=0.997  L2miss_rate=0.00%  iters=3192553
[victim] interim: IPC=0.997  L2miss_rate=0.00%  iters=3547477
[victim] interim: IPC=0.997  L2miss_rate=0.00%  iters=3902263
[victim] interim: IPC=0.997  L2miss_rate=0.00%  iters=4256141
[victim] interim: IPC=0.997  L2miss_rate=0.00%  iters=4611062
[victim] interim: IPC=0.997  L2miss_rate=0.00%  iters=4965896
[victim] DONE: IPC=0.9966  L2_miss=0.00%
VICTIM core=0 ipc=0.9966 l2_miss_rate=0.00 cycles=33416279217 insns=33302523993 l2_hit=16531579833 l2_miss=599221 iters=5320726 sec=15.00
thread  0  core 136  2.24 GB/s  (15.082 s)
thread  1  core 137  2.24 GB/s  (15.076 s)
thread  2  core 138  2.23 GB/s  (15.016 s)
thread  3  core 139  2.23 GB/s  (15.027 s)
thread  4  core 140  2.23 GB/s  (15.049 s)
thread  5  core 141  2.23 GB/s  (15.049 s)
thread  6  core 142  2.23 GB/s  (15.057 s)
thread  7  core 143  2.23 GB/s  (15.066 s)
---
aggregate: 17.83 GB/s  (8 threads, mode=wc_ntdqa)
RESULT mode=wc_ntdqa threads=8 bw_gbps=17.834 throttle=0
=== CORUN_RC profile=l2hot placement=C_diff_socket run=5 mode=wc_ntdqa victim_rc=0 aggressor_rc=0 ===
=== CORUN profile=l2hot placement=C_diff_socket run=5 mode=wb_load threads=8 vcore=0 vnode=0 cores=136,137,138,139,140,141,142,143 START ===
[victim] core=0 node=0 ws=64 KB duration=15 warmup=5 chase=0
[victim] warming up for 5 s …
[aggressor] mode=wb_load threads=8 bufsz=256MB/thread throttle=0 MBps
[victim] measuring for 15 s …
[aggressor] mapped 2048 MB CXL memory at 0x72079c000000
[aggressor] GO
[victim] interim: IPC=0.996  L2miss_rate=0.00%  iters=354357
[victim] interim: IPC=0.995  L2miss_rate=0.00%  iters=708242
[victim] interim: IPC=0.994  L2miss_rate=0.00%  iters=1061145
[victim] interim: IPC=0.994  L2miss_rate=0.00%  iters=1415570
[victim] interim: IPC=0.995  L2miss_rate=0.00%  iters=1770012
[victim] interim: IPC=0.995  L2miss_rate=0.00%  iters=2124377
[victim] interim: IPC=0.995  L2miss_rate=0.00%  iters=2478931
[victim] interim: IPC=0.995  L2miss_rate=0.00%  iters=2833519
[victim] interim: IPC=0.995  L2miss_rate=0.00%  iters=3188110
[victim] interim: IPC=0.995  L2miss_rate=0.00%  iters=3541951
[victim] interim: IPC=0.995  L2miss_rate=0.00%  iters=3896512
[victim] interim: IPC=0.995  L2miss_rate=0.00%  iters=4251111
[victim] interim: IPC=0.995  L2miss_rate=0.00%  iters=4605700
[victim] interim: IPC=0.995  L2miss_rate=0.00%  iters=4960211
[victim] DONE: IPC=0.9954  L2_miss=0.00%
VICTIM core=0 ipc=0.9954 l2_miss_rate=0.00 cycles=33419511126 insns=33265439287 l2_hit=16516915435 l2_miss=589817 iters=5314801 sec=15.00
thread  0  core 136  3.09 GB/s  (15.035 s)
thread  1  core 137  3.11 GB/s  (15.035 s)
thread  2  core 138  3.16 GB/s  (15.025 s)
thread  3  core 139  3.16 GB/s  (15.028 s)
thread  4  core 140  3.09 GB/s  (15.039 s)
thread  5  core 141  3.09 GB/s  (15.045 s)
thread  6  core 142  3.09 GB/s  (15.041 s)
thread  7  core 143  3.08 GB/s  (15.015 s)
---
aggregate: 24.84 GB/s  (8 threads, mode=wb_load)
RESULT mode=wb_load threads=8 bw_gbps=24.836 throttle=0
=== CORUN_RC profile=l2hot placement=C_diff_socket run=5 mode=wb_load victim_rc=0 aggressor_rc=0 ===
=== BLOCK_END profile=l2hot placement=C_diff_socket run=5 ===
=== BLOCK_START profile=l2hot placement=D_both_sockets run=1 notes=mixed socket0/socket1 aggressors ===
=== BASELINE profile=l2hot placement=D_both_sockets run=1 vcore=0 vnode=0 START ===
[victim] core=0 node=0 ws=64 KB duration=15 warmup=5 chase=0
[victim] warming up for 5 s …
[victim] measuring for 15 s …
[victim] interim: IPC=0.996  L2miss_rate=0.00%  iters=354709
[victim] interim: IPC=0.996  L2miss_rate=0.00%  iters=709421
[victim] interim: IPC=0.996  L2miss_rate=0.00%  iters=1064425
[victim] interim: IPC=0.996  L2miss_rate=0.00%  iters=1419341
[victim] interim: IPC=0.996  L2miss_rate=0.00%  iters=1774357
[victim] interim: IPC=0.996  L2miss_rate=0.00%  iters=2129162
[victim] interim: IPC=0.996  L2miss_rate=0.00%  iters=2483460
[victim] interim: IPC=0.996  L2miss_rate=0.00%  iters=2838361
[victim] interim: IPC=0.996  L2miss_rate=0.00%  iters=3193239
[victim] interim: IPC=0.996  L2miss_rate=0.00%  iters=3547990
[victim] interim: IPC=0.996  L2miss_rate=0.00%  iters=3902845
[victim] interim: IPC=0.996  L2miss_rate=0.00%  iters=4257655
[victim] interim: IPC=0.996  L2miss_rate=0.00%  iters=4612290
[victim] interim: IPC=0.996  L2miss_rate=0.00%  iters=4967155
[victim] DONE: IPC=0.9957  L2_miss=0.00%
VICTIM core=0 ipc=0.9957 l2_miss_rate=0.00 cycles=33456065170 insns=33311393346 l2_hit=16541084629 l2_miss=616355 iters=5322143 sec=15.00
=== BASELINE_RC profile=l2hot placement=D_both_sockets run=1 rc=0 ===
--- mode_order=wb_load wc_ntdqa ---
=== CORUN profile=l2hot placement=D_both_sockets run=1 mode=wb_load threads=8 vcore=0 vnode=0 cores=16,17,18,19,136,137,138,139 START ===
[victim] core=0 node=0 ws=64 KB duration=15 warmup=5 chase=0
[victim] warming up for 5 s …
[aggressor] mode=wb_load threads=8 bufsz=256MB/thread throttle=0 MBps
[victim] measuring for 15 s …
[aggressor] mapped 2048 MB CXL memory at 0x7890eca00000
[aggressor] GO
[victim] interim: IPC=0.997  L2miss_rate=0.00%  iters=355025
[victim] interim: IPC=0.997  L2miss_rate=0.00%  iters=709873
[victim] interim: IPC=0.997  L2miss_rate=0.00%  iters=1064847
[victim] interim: IPC=0.997  L2miss_rate=0.00%  iters=1419782
[victim] interim: IPC=0.997  L2miss_rate=0.00%  iters=1774726
[victim] interim: IPC=0.997  L2miss_rate=0.00%  iters=2128771
[victim] interim: IPC=0.997  L2miss_rate=0.00%  iters=2483712
[victim] interim: IPC=0.997  L2miss_rate=0.00%  iters=2838555
[victim] interim: IPC=0.997  L2miss_rate=0.00%  iters=3193436
[victim] interim: IPC=0.997  L2miss_rate=0.00%  iters=3548402
[victim] interim: IPC=0.997  L2miss_rate=0.00%  iters=3903325
[victim] interim: IPC=0.997  L2miss_rate=0.00%  iters=4258261
[victim] interim: IPC=0.997  L2miss_rate=0.00%  iters=4613243
[victim] interim: IPC=0.997  L2miss_rate=0.00%  iters=4968290
[victim] DONE: IPC=0.9966  L2_miss=0.00%
VICTIM core=0 ipc=0.9966 l2_miss_rate=0.00 cycles=33431911163 insns=33318138287 l2_hit=16541896866 l2_miss=583558 iters=5323221 sec=15.00
thread  0  core 16  2.87 GB/s  (15.040 s)
thread  1  core 17  2.93 GB/s  (15.040 s)
thread  2  core 18  3.16 GB/s  (15.045 s)
thread  3  core 19  3.10 GB/s  (15.044 s)
thread  4  core 136  3.13 GB/s  (15.031 s)
thread  5  core 137  3.14 GB/s  (15.035 s)
thread  6  core 138  3.43 GB/s  (15.010 s)
thread  7  core 139  3.37 GB/s  (15.035 s)
---
aggregate: 25.12 GB/s  (8 threads, mode=wb_load)
RESULT mode=wb_load threads=8 bw_gbps=25.122 throttle=0
=== CORUN_RC profile=l2hot placement=D_both_sockets run=1 mode=wb_load victim_rc=0 aggressor_rc=0 ===
=== CORUN profile=l2hot placement=D_both_sockets run=1 mode=wc_ntdqa threads=8 vcore=0 vnode=0 cores=16,17,18,19,136,137,138,139 START ===
[victim] core=0 node=0 ws=64 KB duration=15 warmup=5 chase=0
[victim] warming up for 5 s …
[aggressor] mode=wc_ntdqa threads=8 bufsz=256MB/thread throttle=0 MBps
[aggressor] mapped 2048 MB CXL memory at 0x792812a00000
[victim] measuring for 15 s …
[aggressor] GO
[victim] interim: IPC=0.996  L2miss_rate=0.00%  iters=354570
[victim] interim: IPC=0.996  L2miss_rate=0.00%  iters=709360
[victim] interim: IPC=0.996  L2miss_rate=0.00%  iters=1063357
[victim] interim: IPC=0.996  L2miss_rate=0.00%  iters=1418142
[victim] interim: IPC=0.996  L2miss_rate=0.00%  iters=1772915
[victim] interim: IPC=0.996  L2miss_rate=0.00%  iters=2127811
[victim] interim: IPC=0.996  L2miss_rate=0.00%  iters=2482585
[victim] interim: IPC=0.996  L2miss_rate=0.00%  iters=2837478
[victim] interim: IPC=0.996  L2miss_rate=0.00%  iters=3192287
[victim] interim: IPC=0.996  L2miss_rate=0.00%  iters=3547210
[victim] interim: IPC=0.996  L2miss_rate=0.00%  iters=3901967
[victim] interim: IPC=0.996  L2miss_rate=0.00%  iters=4256810
[victim] interim: IPC=0.996  L2miss_rate=0.00%  iters=4610753
[victim] interim: IPC=0.996  L2miss_rate=0.00%  iters=4965710
[victim] DONE: IPC=0.9965  L2_miss=0.00%
VICTIM core=0 ipc=0.9965 l2_miss_rate=0.00 cycles=33419465246 insns=33301503802 l2_hit=16532595070 l2_miss=598682 iters=5320563 sec=15.00
thread  0  core 16  2.74 GB/s  (15.083 s)
thread  1  core 17  2.74 GB/s  (15.085 s)
thread  2  core 18  2.73 GB/s  (15.018 s)
thread  3  core 19  2.73 GB/s  (15.025 s)
thread  4  core 136  3.42 GB/s  (15.065 s)
thread  5  core 137  3.42 GB/s  (15.052 s)
thread  6  core 138  3.41 GB/s  (15.015 s)
thread  7  core 139  3.41 GB/s  (15.023 s)
---
aggregate: 24.56 GB/s  (8 threads, mode=wc_ntdqa)
RESULT mode=wc_ntdqa threads=8 bw_gbps=24.558 throttle=0
=== CORUN_RC profile=l2hot placement=D_both_sockets run=1 mode=wc_ntdqa victim_rc=0 aggressor_rc=0 ===
=== BLOCK_END profile=l2hot placement=D_both_sockets run=1 ===
=== BLOCK_START profile=l2hot placement=D_both_sockets run=2 notes=mixed socket0/socket1 aggressors ===
=== BASELINE profile=l2hot placement=D_both_sockets run=2 vcore=0 vnode=0 START ===
[victim] core=0 node=0 ws=64 KB duration=15 warmup=5 chase=0
[victim] warming up for 5 s …
[victim] measuring for 15 s …
[victim] interim: IPC=0.997  L2miss_rate=0.00%  iters=354376
[victim] interim: IPC=0.996  L2miss_rate=0.00%  iters=709545
[victim] interim: IPC=0.996  L2miss_rate=0.00%  iters=1064592
[victim] interim: IPC=0.996  L2miss_rate=0.00%  iters=1419751
[victim] interim: IPC=0.996  L2miss_rate=0.00%  iters=1774971
[victim] interim: IPC=0.996  L2miss_rate=0.00%  iters=2130161
[victim] interim: IPC=0.996  L2miss_rate=0.00%  iters=2485408
[victim] interim: IPC=0.996  L2miss_rate=0.00%  iters=2840679
[victim] interim: IPC=0.996  L2miss_rate=0.00%  iters=3195907
[victim] interim: IPC=0.996  L2miss_rate=0.00%  iters=3550903
[victim] interim: IPC=0.996  L2miss_rate=0.00%  iters=3905937
[victim] interim: IPC=0.996  L2miss_rate=0.00%  iters=4260367
[victim] interim: IPC=0.996  L2miss_rate=0.00%  iters=4615716
[victim] interim: IPC=0.996  L2miss_rate=0.00%  iters=4970832
[victim] DONE: IPC=0.9964  L2_miss=0.00%
VICTIM core=0 ipc=0.9964 l2_miss_rate=0.00 cycles=33455571276 insns=33335459387 l2_hit=16550497440 l2_miss=604561 iters=5325988 sec=15.00
=== BASELINE_RC profile=l2hot placement=D_both_sockets run=2 rc=0 ===
--- mode_order=wc_ntdqa wb_load ---
=== CORUN profile=l2hot placement=D_both_sockets run=2 mode=wc_ntdqa threads=8 vcore=0 vnode=0 cores=16,17,18,19,136,137,138,139 START ===
[victim] core=0 node=0 ws=64 KB duration=15 warmup=5 chase=0
[victim] warming up for 5 s …
[aggressor] mode=wc_ntdqa threads=8 bufsz=256MB/thread throttle=0 MBps
[aggressor] mapped 2048 MB CXL memory at 0x73463c800000
[victim] measuring for 15 s …
[aggressor] GO
[victim] interim: IPC=0.997  L2miss_rate=0.00%  iters=354777
[victim] interim: IPC=0.997  L2miss_rate=0.00%  iters=709579
[victim] interim: IPC=0.997  L2miss_rate=0.00%  iters=1064511
[victim] interim: IPC=0.997  L2miss_rate=0.00%  iters=1419486
[victim] interim: IPC=0.997  L2miss_rate=0.00%  iters=1774391
[victim] interim: IPC=0.997  L2miss_rate=0.00%  iters=2129335
[victim] interim: IPC=0.997  L2miss_rate=0.00%  iters=2484264
[victim] interim: IPC=0.997  L2miss_rate=0.00%  iters=2839159
[victim] interim: IPC=0.997  L2miss_rate=0.00%  iters=3194009
[victim] interim: IPC=0.995  L2miss_rate=0.00%  iters=3543951
[victim] interim: IPC=0.996  L2miss_rate=0.00%  iters=3898915
[victim] interim: IPC=0.996  L2miss_rate=0.00%  iters=4253796
[victim] interim: IPC=0.996  L2miss_rate=0.00%  iters=4608684
[victim] interim: IPC=0.996  L2miss_rate=0.00%  iters=4963586
[victim] DONE: IPC=0.9958  L2_miss=0.00%
VICTIM core=0 ipc=0.9958 l2_miss_rate=0.00 cycles=33428688780 insns=33288366968 l2_hit=16524182865 l2_miss=586592 iters=5318464 sec=15.00
thread  0  core 16  2.73 GB/s  (15.022 s)
thread  1  core 17  2.73 GB/s  (15.022 s)
thread  2  core 18  2.73 GB/s  (15.042 s)
thread  3  core 19  2.73 GB/s  (15.048 s)
thread  4  core 136  3.42 GB/s  (15.067 s)
thread  5  core 137  3.42 GB/s  (15.059 s)
thread  6  core 138  3.41 GB/s  (15.015 s)
thread  7  core 139  3.41 GB/s  (15.027 s)
---
aggregate: 24.55 GB/s  (8 threads, mode=wc_ntdqa)
RESULT mode=wc_ntdqa threads=8 bw_gbps=24.550 throttle=0
=== CORUN_RC profile=l2hot placement=D_both_sockets run=2 mode=wc_ntdqa victim_rc=0 aggressor_rc=0 ===
=== CORUN profile=l2hot placement=D_both_sockets run=2 mode=wb_load threads=8 vcore=0 vnode=0 cores=16,17,18,19,136,137,138,139 START ===
[victim] core=0 node=0 ws=64 KB duration=15 warmup=5 chase=0
[victim] warming up for 5 s …
[aggressor] mode=wb_load threads=8 bufsz=256MB/thread throttle=0 MBps
[victim] measuring for 15 s …
[aggressor] mapped 2048 MB CXL memory at 0x75c35b600000
[aggressor] GO
[victim] interim: IPC=0.996  L2miss_rate=0.00%  iters=354408
[victim] interim: IPC=0.996  L2miss_rate=0.00%  iters=708993
[victim] interim: IPC=0.996  L2miss_rate=0.00%  iters=1063688
[victim] interim: IPC=0.996  L2miss_rate=0.00%  iters=1418243
[victim] interim: IPC=0.996  L2miss_rate=0.00%  iters=1772789
[victim] interim: IPC=0.996  L2miss_rate=0.00%  iters=2127505
[victim] interim: IPC=0.996  L2miss_rate=0.00%  iters=2481932
[victim] interim: IPC=0.996  L2miss_rate=0.00%  iters=2835937
[victim] interim: IPC=0.996  L2miss_rate=0.00%  iters=3190519
[victim] interim: IPC=0.996  L2miss_rate=0.00%  iters=3545268
[victim] interim: IPC=0.996  L2miss_rate=0.00%  iters=3899935
[victim] interim: IPC=0.996  L2miss_rate=0.00%  iters=4254626
[victim] interim: IPC=0.996  L2miss_rate=0.00%  iters=4609204
[victim] interim: IPC=0.996  L2miss_rate=0.00%  iters=4963967
[victim] DONE: IPC=0.9957  L2_miss=0.00%
VICTIM core=0 ipc=0.9957 l2_miss_rate=0.00 cycles=33431457242 insns=33289117207 l2_hit=16533475887 l2_miss=589278 iters=5318584 sec=15.00
thread  0  core 16  2.87 GB/s  (15.037 s)
thread  1  core 17  2.93 GB/s  (15.035 s)
thread  2  core 18  3.16 GB/s  (15.039 s)
thread  3  core 19  3.11 GB/s  (15.035 s)
thread  4  core 136  3.13 GB/s  (15.032 s)
thread  5  core 137  3.15 GB/s  (15.005 s)
thread  6  core 138  3.43 GB/s  (15.023 s)
thread  7  core 139  3.38 GB/s  (15.011 s)
---
aggregate: 25.13 GB/s  (8 threads, mode=wb_load)
RESULT mode=wb_load threads=8 bw_gbps=25.131 throttle=0
=== CORUN_RC profile=l2hot placement=D_both_sockets run=2 mode=wb_load victim_rc=0 aggressor_rc=0 ===
=== BLOCK_END profile=l2hot placement=D_both_sockets run=2 ===
=== BLOCK_START profile=l2hot placement=D_both_sockets run=3 notes=mixed socket0/socket1 aggressors ===
=== BASELINE profile=l2hot placement=D_both_sockets run=3 vcore=0 vnode=0 START ===
[victim] core=0 node=0 ws=64 KB duration=15 warmup=5 chase=0
[victim] warming up for 5 s …
[victim] measuring for 15 s …
[victim] interim: IPC=0.997  L2miss_rate=0.00%  iters=355232
[victim] interim: IPC=0.997  L2miss_rate=0.00%  iters=710626
[victim] interim: IPC=0.997  L2miss_rate=0.00%  iters=1065737
[victim] interim: IPC=0.997  L2miss_rate=0.00%  iters=1421182
[victim] interim: IPC=0.997  L2miss_rate=0.00%  iters=1776004
[victim] interim: IPC=0.997  L2miss_rate=0.00%  iters=2130510
[victim] interim: IPC=0.997  L2miss_rate=0.00%  iters=2485734
[victim] interim: IPC=0.997  L2miss_rate=0.00%  iters=2841177
[victim] interim: IPC=0.997  L2miss_rate=0.00%  iters=3196541
[victim] interim: IPC=0.997  L2miss_rate=0.00%  iters=3551902
[victim] interim: IPC=0.997  L2miss_rate=0.00%  iters=3906899
[victim] interim: IPC=0.997  L2miss_rate=0.00%  iters=4262299
[victim] interim: IPC=0.997  L2miss_rate=0.00%  iters=4617637
[victim] interim: IPC=0.997  L2miss_rate=0.00%  iters=4972862
[victim] DONE: IPC=0.9965  L2_miss=0.00%
VICTIM core=0 ipc=0.9965 l2_miss_rate=0.00 cycles=33463546203 insns=33347063915 l2_hit=16556756098 l2_miss=648447 iters=5327842 sec=15.00
=== BASELINE_RC profile=l2hot placement=D_both_sockets run=3 rc=0 ===
--- mode_order=wb_load wc_ntdqa ---
=== CORUN profile=l2hot placement=D_both_sockets run=3 mode=wb_load threads=8 vcore=0 vnode=0 cores=16,17,18,19,136,137,138,139 START ===
[victim] core=0 node=0 ws=64 KB duration=15 warmup=5 chase=0
[victim] warming up for 5 s …
[aggressor] mode=wb_load threads=8 bufsz=256MB/thread throttle=0 MBps
[victim] measuring for 15 s …
[aggressor] mapped 2048 MB CXL memory at 0x75b99fe00000
[aggressor] GO
[victim] interim: IPC=0.996  L2miss_rate=0.00%  iters=354652
[victim] interim: IPC=0.996  L2miss_rate=0.00%  iters=709242
[victim] interim: IPC=0.996  L2miss_rate=0.00%  iters=1063805
[victim] interim: IPC=0.996  L2miss_rate=0.00%  iters=1417660
[victim] interim: IPC=0.996  L2miss_rate=0.00%  iters=1772275
[victim] interim: IPC=0.996  L2miss_rate=0.00%  iters=2126891
[victim] interim: IPC=0.996  L2miss_rate=0.00%  iters=2481479
[victim] interim: IPC=0.996  L2miss_rate=0.00%  iters=2835953
[victim] interim: IPC=0.996  L2miss_rate=0.00%  iters=3190418
[victim] interim: IPC=0.996  L2miss_rate=0.00%  iters=3544981
[victim] interim: IPC=0.996  L2miss_rate=0.00%  iters=3899661
[victim] interim: IPC=0.996  L2miss_rate=0.00%  iters=4254290
[victim] interim: IPC=0.996  L2miss_rate=0.00%  iters=4608891
[victim] interim: IPC=0.996  L2miss_rate=0.00%  iters=4962823
[victim] DONE: IPC=0.9956  L2_miss=0.00%
VICTIM core=0 ipc=0.9956 l2_miss_rate=0.00 cycles=33428462240 insns=33281982704 l2_hit=16531514402 l2_miss=610702 iters=5317444 sec=15.00
thread  0  core 16  2.87 GB/s  (15.033 s)
thread  1  core 17  2.93 GB/s  (15.037 s)
thread  2  core 18  3.16 GB/s  (15.038 s)
thread  3  core 19  3.11 GB/s  (15.035 s)
thread  4  core 136  3.13 GB/s  (15.025 s)
thread  5  core 137  3.15 GB/s  (15.018 s)
thread  6  core 138  3.43 GB/s  (15.016 s)
thread  7  core 139  3.38 GB/s  (15.026 s)
---
aggregate: 25.13 GB/s  (8 threads, mode=wb_load)
RESULT mode=wb_load threads=8 bw_gbps=25.134 throttle=0
=== CORUN_RC profile=l2hot placement=D_both_sockets run=3 mode=wb_load victim_rc=0 aggressor_rc=0 ===
=== CORUN profile=l2hot placement=D_both_sockets run=3 mode=wc_ntdqa threads=8 vcore=0 vnode=0 cores=16,17,18,19,136,137,138,139 START ===
[victim] core=0 node=0 ws=64 KB duration=15 warmup=5 chase=0
[victim] warming up for 5 s …
[aggressor] mode=wc_ntdqa threads=8 bufsz=256MB/thread throttle=0 MBps
[aggressor] mapped 2048 MB CXL memory at 0x72d7e1a00000
[victim] measuring for 15 s …
[aggressor] GO
[victim] interim: IPC=0.996  L2miss_rate=0.00%  iters=354827
[victim] interim: IPC=0.996  L2miss_rate=0.00%  iters=708853
[victim] interim: IPC=0.996  L2miss_rate=0.00%  iters=1063772
[victim] interim: IPC=0.996  L2miss_rate=0.00%  iters=1418701
[victim] interim: IPC=0.996  L2miss_rate=0.00%  iters=1773568
[victim] interim: IPC=0.996  L2miss_rate=0.00%  iters=2128293
[victim] interim: IPC=0.996  L2miss_rate=0.00%  iters=2483269
[victim] interim: IPC=0.996  L2miss_rate=0.00%  iters=2838134
[victim] interim: IPC=0.996  L2miss_rate=0.00%  iters=3193084
[victim] interim: IPC=0.996  L2miss_rate=0.00%  iters=3547868
[victim] interim: IPC=0.996  L2miss_rate=0.00%  iters=3902578
[victim] interim: IPC=0.996  L2miss_rate=0.00%  iters=4256601
[victim] interim: IPC=0.996  L2miss_rate=0.00%  iters=4611542
[victim] interim: IPC=0.996  L2miss_rate=0.00%  iters=4966310
[victim] DONE: IPC=0.9964  L2_miss=0.00%
VICTIM core=0 ipc=0.9964 l2_miss_rate=0.00 cycles=33426587260 insns=33306054560 l2_hit=16543095930 l2_miss=610725 iters=5321290 sec=15.00
thread  0  core 16  2.74 GB/s  (15.015 s)
thread  1  core 17  2.74 GB/s  (15.016 s)
thread  2  core 18  2.73 GB/s  (15.039 s)
thread  3  core 19  2.73 GB/s  (15.043 s)
thread  4  core 136  3.42 GB/s  (15.006 s)
thread  5  core 137  3.42 GB/s  (15.063 s)
thread  6  core 138  3.41 GB/s  (15.029 s)
thread  7  core 139  3.41 GB/s  (15.032 s)
---
aggregate: 24.54 GB/s  (8 threads, mode=wc_ntdqa)
RESULT mode=wc_ntdqa threads=8 bw_gbps=24.539 throttle=0
=== CORUN_RC profile=l2hot placement=D_both_sockets run=3 mode=wc_ntdqa victim_rc=0 aggressor_rc=0 ===
=== BLOCK_END profile=l2hot placement=D_both_sockets run=3 ===
=== BLOCK_START profile=l2hot placement=D_both_sockets run=4 notes=mixed socket0/socket1 aggressors ===
=== BASELINE profile=l2hot placement=D_both_sockets run=4 vcore=0 vnode=0 START ===
[victim] core=0 node=0 ws=64 KB duration=15 warmup=5 chase=0
[victim] warming up for 5 s …
[victim] measuring for 15 s …
[victim] interim: IPC=0.994  L2miss_rate=0.00%  iters=354439
[victim] interim: IPC=0.994  L2miss_rate=0.00%  iters=708995
[victim] interim: IPC=0.994  L2miss_rate=0.00%  iters=1063311
[victim] interim: IPC=0.994  L2miss_rate=0.00%  iters=1417775
[victim] interim: IPC=0.994  L2miss_rate=0.00%  iters=1772331
[victim] interim: IPC=0.994  L2miss_rate=0.00%  iters=2126242
[victim] interim: IPC=0.994  L2miss_rate=0.00%  iters=2480321
[victim] interim: IPC=0.994  L2miss_rate=0.00%  iters=2834362
[victim] interim: IPC=0.994  L2miss_rate=0.00%  iters=3188720
[victim] interim: IPC=0.994  L2miss_rate=0.00%  iters=3542317
[victim] interim: IPC=0.994  L2miss_rate=0.00%  iters=3896790
[victim] interim: IPC=0.994  L2miss_rate=0.00%  iters=4251151
[victim] interim: IPC=0.994  L2miss_rate=0.00%  iters=4605657
[victim] interim: IPC=0.994  L2miss_rate=0.00%  iters=4960188
[victim] DONE: IPC=0.9942  L2_miss=0.00%
VICTIM core=0 ipc=0.9942 l2_miss_rate=0.00 cycles=33457164860 insns=33264125138 l2_hit=16517405405 l2_miss=638212 iters=5314591 sec=15.00
=== BASELINE_RC profile=l2hot placement=D_both_sockets run=4 rc=0 ===
--- mode_order=wc_ntdqa wb_load ---
=== CORUN profile=l2hot placement=D_both_sockets run=4 mode=wc_ntdqa threads=8 vcore=0 vnode=0 cores=16,17,18,19,136,137,138,139 START ===
[victim] core=0 node=0 ws=64 KB duration=15 warmup=5 chase=0
[victim] warming up for 5 s …
[aggressor] mode=wc_ntdqa threads=8 bufsz=256MB/thread throttle=0 MBps
[aggressor] mapped 2048 MB CXL memory at 0x78355d600000
[victim] measuring for 15 s …
[aggressor] GO
[victim] interim: IPC=0.997  L2miss_rate=0.00%  iters=354920
[victim] interim: IPC=0.997  L2miss_rate=0.00%  iters=709660
[victim] interim: IPC=0.997  L2miss_rate=0.00%  iters=1064638
[victim] interim: IPC=0.997  L2miss_rate=0.00%  iters=1419598
[victim] interim: IPC=0.997  L2miss_rate=0.00%  iters=1774561
[victim] interim: IPC=0.997  L2miss_rate=0.00%  iters=2129397
[victim] interim: IPC=0.997  L2miss_rate=0.00%  iters=2484179
[victim] interim: IPC=0.997  L2miss_rate=0.00%  iters=2838305
[victim] interim: IPC=0.997  L2miss_rate=0.00%  iters=3193273
[victim] interim: IPC=0.997  L2miss_rate=0.00%  iters=3548148
[victim] interim: IPC=0.997  L2miss_rate=0.00%  iters=3903120
[victim] interim: IPC=0.997  L2miss_rate=0.00%  iters=4257925
[victim] interim: IPC=0.997  L2miss_rate=0.00%  iters=4612781
[victim] interim: IPC=0.997  L2miss_rate=0.00%  iters=4967700
[victim] DONE: IPC=0.9965  L2_miss=0.00%
VICTIM core=0 ipc=0.9965 l2_miss_rate=0.00 cycles=33429389706 insns=33314047707 l2_hit=16540266865 l2_miss=621009 iters=5322567 sec=15.00
thread  0  core 16  2.74 GB/s  (15.014 s)
thread  1  core 17  2.74 GB/s  (15.014 s)
thread  2  core 18  2.73 GB/s  (15.035 s)
thread  3  core 19  2.73 GB/s  (15.044 s)
thread  4  core 136  3.42 GB/s  (15.064 s)
thread  5  core 137  3.42 GB/s  (15.069 s)
thread  6  core 138  3.41 GB/s  (15.023 s)
thread  7  core 139  3.41 GB/s  (15.036 s)
---
aggregate: 24.55 GB/s  (8 threads, mode=wc_ntdqa)
RESULT mode=wc_ntdqa threads=8 bw_gbps=24.547 throttle=0
=== CORUN_RC profile=l2hot placement=D_both_sockets run=4 mode=wc_ntdqa victim_rc=0 aggressor_rc=0 ===
=== CORUN profile=l2hot placement=D_both_sockets run=4 mode=wb_load threads=8 vcore=0 vnode=0 cores=16,17,18,19,136,137,138,139 START ===
[victim] core=0 node=0 ws=64 KB duration=15 warmup=5 chase=0
[victim] warming up for 5 s …
[aggressor] mode=wb_load threads=8 bufsz=256MB/thread throttle=0 MBps
[victim] measuring for 15 s …
[aggressor] mapped 2048 MB CXL memory at 0x74a40fa00000
[aggressor] GO
[victim] interim: IPC=0.997  L2miss_rate=0.00%  iters=355108
[victim] interim: IPC=0.996  L2miss_rate=0.00%  iters=710052
[victim] interim: IPC=0.996  L2miss_rate=0.00%  iters=1064795
[victim] interim: IPC=0.996  L2miss_rate=0.00%  iters=1419728
[victim] interim: IPC=0.996  L2miss_rate=0.00%  iters=1774611
[victim] interim: IPC=0.996  L2miss_rate=0.00%  iters=2129561
[victim] interim: IPC=0.996  L2miss_rate=0.00%  iters=2483541
[victim] interim: IPC=0.996  L2miss_rate=0.00%  iters=2838397
[victim] interim: IPC=0.996  L2miss_rate=0.00%  iters=3193303
[victim] interim: IPC=0.996  L2miss_rate=0.00%  iters=3548053
[victim] interim: IPC=0.996  L2miss_rate=0.00%  iters=3902837
[victim] interim: IPC=0.996  L2miss_rate=0.00%  iters=4257826
[victim] interim: IPC=0.996  L2miss_rate=0.00%  iters=4612665
[victim] interim: IPC=0.996  L2miss_rate=0.00%  iters=4967659
[victim] DONE: IPC=0.9964  L2_miss=0.00%
VICTIM core=0 ipc=0.9964 l2_miss_rate=0.00 cycles=33432575194 insns=33313802615 l2_hit=16537940487 l2_miss=622195 iters=5322528 sec=15.00
thread  0  core 16  2.87 GB/s  (15.038 s)
thread  1  core 17  2.93 GB/s  (15.040 s)
thread  2  core 18  3.16 GB/s  (15.041 s)
thread  3  core 19  3.11 GB/s  (15.039 s)
thread  4  core 136  3.12 GB/s  (15.034 s)
thread  5  core 137  3.14 GB/s  (15.023 s)
thread  6  core 138  3.43 GB/s  (15.027 s)
thread  7  core 139  3.38 GB/s  (15.014 s)
---
aggregate: 25.13 GB/s  (8 threads, mode=wb_load)
RESULT mode=wb_load threads=8 bw_gbps=25.128 throttle=0
=== CORUN_RC profile=l2hot placement=D_both_sockets run=4 mode=wb_load victim_rc=0 aggressor_rc=0 ===
=== BLOCK_END profile=l2hot placement=D_both_sockets run=4 ===
=== BLOCK_START profile=l2hot placement=D_both_sockets run=5 notes=mixed socket0/socket1 aggressors ===
=== BASELINE profile=l2hot placement=D_both_sockets run=5 vcore=0 vnode=0 START ===
[victim] core=0 node=0 ws=64 KB duration=15 warmup=5 chase=0
[victim] warming up for 5 s …
[victim] measuring for 15 s …
[victim] interim: IPC=0.995  L2miss_rate=0.00%  iters=354659
[victim] interim: IPC=0.995  L2miss_rate=0.00%  iters=709440
[victim] interim: IPC=0.995  L2miss_rate=0.00%  iters=1064172
[victim] interim: IPC=0.995  L2miss_rate=0.00%  iters=1418011
[victim] interim: IPC=0.995  L2miss_rate=0.00%  iters=1772759
[victim] interim: IPC=0.995  L2miss_rate=0.00%  iters=2127390
[victim] interim: IPC=0.995  L2miss_rate=0.00%  iters=2482263
[victim] interim: IPC=0.995  L2miss_rate=0.00%  iters=2837061
[victim] interim: IPC=0.995  L2miss_rate=0.00%  iters=3191919
[victim] interim: IPC=0.995  L2miss_rate=0.00%  iters=3546707
[victim] interim: IPC=0.995  L2miss_rate=0.00%  iters=3901415
[victim] interim: IPC=0.995  L2miss_rate=0.00%  iters=4256032
[victim] interim: IPC=0.995  L2miss_rate=0.00%  iters=4610863
[victim] interim: IPC=0.995  L2miss_rate=0.00%  iters=4964980
[victim] DONE: IPC=0.9951  L2_miss=0.00%
VICTIM core=0 ipc=0.9951 l2_miss_rate=0.00 cycles=33460393362 insns=33296502924 l2_hit=16541758518 l2_miss=622084 iters=5319764 sec=15.00
=== BASELINE_RC profile=l2hot placement=D_both_sockets run=5 rc=0 ===
--- mode_order=wb_load wc_ntdqa ---
=== CORUN profile=l2hot placement=D_both_sockets run=5 mode=wb_load threads=8 vcore=0 vnode=0 cores=16,17,18,19,136,137,138,139 START ===
[victim] core=0 node=0 ws=64 KB duration=15 warmup=5 chase=0
[victim] warming up for 5 s …
[aggressor] mode=wb_load threads=8 bufsz=256MB/thread throttle=0 MBps
[victim] measuring for 15 s …
[aggressor] mapped 2048 MB CXL memory at 0x76bee6400000
[aggressor] GO
[victim] interim: IPC=0.995  L2miss_rate=0.00%  iters=354827
[victim] interim: IPC=0.995  L2miss_rate=0.00%  iters=709347
[victim] interim: IPC=0.995  L2miss_rate=0.00%  iters=1063019
[victim] interim: IPC=0.995  L2miss_rate=0.00%  iters=1417555
[victim] interim: IPC=0.995  L2miss_rate=0.00%  iters=1772120
[victim] interim: IPC=0.995  L2miss_rate=0.00%  iters=2126592
[victim] interim: IPC=0.995  L2miss_rate=0.00%  iters=2481196
[victim] interim: IPC=0.995  L2miss_rate=0.00%  iters=2835699
[victim] interim: IPC=0.995  L2miss_rate=0.00%  iters=3190209
[victim] interim: IPC=0.995  L2miss_rate=0.00%  iters=3544729
[victim] interim: IPC=0.995  L2miss_rate=0.00%  iters=3899223
[victim] interim: IPC=0.995  L2miss_rate=0.00%  iters=4253782
[victim] interim: IPC=0.995  L2miss_rate=0.00%  iters=4607581
[victim] interim: IPC=0.995  L2miss_rate=0.00%  iters=4962089
[victim] DONE: IPC=0.9954  L2_miss=0.00%
VICTIM core=0 ipc=0.9954 l2_miss_rate=0.00 cycles=33431221071 insns=33277456438 l2_hit=16525060597 l2_miss=600588 iters=5316721 sec=15.00
thread  0  core 16  2.87 GB/s  (15.034 s)
thread  1  core 17  2.93 GB/s  (15.033 s)
thread  2  core 18  3.16 GB/s  (15.036 s)
thread  3  core 19  3.11 GB/s  (15.032 s)
thread  4  core 136  3.13 GB/s  (15.014 s)
thread  5  core 137  3.14 GB/s  (15.028 s)
thread  6  core 138  3.43 GB/s  (15.012 s)
thread  7  core 139  3.38 GB/s  (15.011 s)
---
aggregate: 25.14 GB/s  (8 threads, mode=wb_load)
RESULT mode=wb_load threads=8 bw_gbps=25.137 throttle=0
=== CORUN_RC profile=l2hot placement=D_both_sockets run=5 mode=wb_load victim_rc=0 aggressor_rc=0 ===
=== CORUN profile=l2hot placement=D_both_sockets run=5 mode=wc_ntdqa threads=8 vcore=0 vnode=0 cores=16,17,18,19,136,137,138,139 START ===
[victim] core=0 node=0 ws=64 KB duration=15 warmup=5 chase=0
[victim] warming up for 5 s …
[aggressor] mode=wc_ntdqa threads=8 bufsz=256MB/thread throttle=0 MBps
[aggressor] mapped 2048 MB CXL memory at 0x7e9fe7200000
[victim] measuring for 15 s …
[aggressor] GO
[victim] interim: IPC=0.996  L2miss_rate=0.00%  iters=354536
[victim] interim: IPC=0.996  L2miss_rate=0.00%  iters=709064
[victim] interim: IPC=0.996  L2miss_rate=0.00%  iters=1063611
[victim] interim: IPC=0.996  L2miss_rate=0.00%  iters=1418223
[victim] interim: IPC=0.996  L2miss_rate=0.00%  iters=1772824
[victim] interim: IPC=0.996  L2miss_rate=0.00%  iters=2127407
[victim] interim: IPC=0.996  L2miss_rate=0.00%  iters=2481937
[victim] interim: IPC=0.996  L2miss_rate=0.00%  iters=2836625
[victim] interim: IPC=0.996  L2miss_rate=0.00%  iters=3191161
[victim] interim: IPC=0.996  L2miss_rate=0.00%  iters=3545065
[victim] interim: IPC=0.996  L2miss_rate=0.00%  iters=3899597
[victim] interim: IPC=0.996  L2miss_rate=0.00%  iters=4254192
[victim] interim: IPC=0.996  L2miss_rate=0.00%  iters=4608820
[victim] interim: IPC=0.996  L2miss_rate=0.00%  iters=4963517
[victim] DONE: IPC=0.9957  L2_miss=0.00%
VICTIM core=0 ipc=0.9957 l2_miss_rate=0.00 cycles=33429756269 insns=33285823684 l2_hit=16528381648 l2_miss=603090 iters=5318058 sec=15.00
thread  0  core 16  2.73 GB/s  (15.024 s)
thread  1  core 17  2.73 GB/s  (15.028 s)
thread  2  core 18  2.73 GB/s  (15.050 s)
thread  3  core 19  2.73 GB/s  (15.057 s)
thread  4  core 136  3.42 GB/s  (15.064 s)
thread  5  core 137  3.42 GB/s  (15.055 s)
thread  6  core 138  3.42 GB/s  (15.013 s)
thread  7  core 139  3.41 GB/s  (15.026 s)
---
aggregate: 24.56 GB/s  (8 threads, mode=wc_ntdqa)
RESULT mode=wc_ntdqa threads=8 bw_gbps=24.556 throttle=0
=== CORUN_RC profile=l2hot placement=D_both_sockets run=5 mode=wc_ntdqa victim_rc=0 aggressor_rc=0 ===
=== BLOCK_END profile=l2hot placement=D_both_sockets run=5 ===
=== BLOCK_START profile=chase placement=A_same_ccd run=1 notes=same CCD; includes one SMT sibling to reach 8 aggressors ===
=== BASELINE profile=chase placement=A_same_ccd run=1 vcore=136 vnode=1 START ===
[victim] core=136 node=1 ws=4096 KB duration=15 warmup=5 chase=1
[victim] warming up for 5 s …
[victim] measuring for 15 s …
[victim] interim: IPC=0.044  L2miss_rate=87.18%  iters=601
[victim] interim: IPC=0.044  L2miss_rate=87.18%  iters=1201
[victim] interim: IPC=0.044  L2miss_rate=87.18%  iters=1800
[victim] interim: IPC=0.044  L2miss_rate=87.19%  iters=2399
[victim] interim: IPC=0.044  L2miss_rate=87.19%  iters=2998
[victim] interim: IPC=0.044  L2miss_rate=87.18%  iters=3597
[victim] interim: IPC=0.044  L2miss_rate=87.18%  iters=4196
[victim] interim: IPC=0.044  L2miss_rate=87.18%  iters=4794
[victim] interim: IPC=0.044  L2miss_rate=87.18%  iters=5393
[victim] interim: IPC=0.044  L2miss_rate=87.18%  iters=5992
[victim] interim: IPC=0.044  L2miss_rate=87.18%  iters=6592
[victim] interim: IPC=0.044  L2miss_rate=87.18%  iters=7191
[victim] interim: IPC=0.044  L2miss_rate=87.18%  iters=7790
[victim] interim: IPC=0.044  L2miss_rate=87.18%  iters=8389
[victim] DONE: IPC=0.0441  L2_miss=87.18%
VICTIM core=136 ipc=0.0441 l2_miss_rate=87.18 cycles=33383053093 insns=1472506165 l2_hit=75455553 l2_miss=513268955 iters=8981 sec=15.00
=== BASELINE_RC profile=chase placement=A_same_ccd run=1 rc=0 ===
--- mode_order=wc_ntdqa wb_load ---
=== CORUN profile=chase placement=A_same_ccd run=1 mode=wc_ntdqa threads=8 vcore=136 vnode=1 cores=137,138,139,140,141,142,143,399 START ===
[victim] core=136 node=1 ws=4096 KB duration=15 warmup=5 chase=1
[victim] warming up for 5 s …
[aggressor] mode=wc_ntdqa threads=8 bufsz=256MB/thread throttle=0 MBps
[aggressor] mapped 2048 MB CXL memory at 0x7f322c800000
[victim] measuring for 15 s …
[aggressor] GO
[victim] interim: IPC=0.044  L2miss_rate=85.38%  iters=605
[victim] interim: IPC=0.045  L2miss_rate=85.25%  iters=1211
[victim] interim: IPC=0.045  L2miss_rate=85.21%  iters=1817
[victim] interim: IPC=0.045  L2miss_rate=85.19%  iters=2423
[victim] interim: IPC=0.045  L2miss_rate=85.18%  iters=3029
[victim] interim: IPC=0.045  L2miss_rate=85.17%  iters=3635
[victim] interim: IPC=0.045  L2miss_rate=85.16%  iters=4239
[victim] interim: IPC=0.045  L2miss_rate=85.16%  iters=4845
[victim] interim: IPC=0.045  L2miss_rate=85.15%  iters=5451
[victim] interim: IPC=0.045  L2miss_rate=85.15%  iters=6057
[victim] interim: IPC=0.045  L2miss_rate=85.15%  iters=6663
[victim] interim: IPC=0.045  L2miss_rate=85.15%  iters=7269
[victim] interim: IPC=0.045  L2miss_rate=85.14%  iters=7875
[victim] interim: IPC=0.045  L2miss_rate=85.14%  iters=8481
[victim] DONE: IPC=0.0446  L2_miss=85.14%
VICTIM core=136 ipc=0.0446 l2_miss_rate=85.14 cycles=33389823625 insns=1489065511 l2_hit=88460653 l2_miss=506885095 iters=9082 sec=15.00
thread  0  core 137  2.57 GB/s  (15.051 s)
thread  1  core 138  2.57 GB/s  (15.067 s)
thread  2  core 139  2.56 GB/s  (15.011 s)
thread  3  core 140  2.55 GB/s  (15.027 s)
thread  4  core 141  2.55 GB/s  (15.034 s)
thread  5  core 142  2.55 GB/s  (15.039 s)
thread  6  core 143  1.21 GB/s  (15.040 s)
thread  7  core 399  1.34 GB/s  (15.033 s)
---
aggregate: 17.87 GB/s  (8 threads, mode=wc_ntdqa)
RESULT mode=wc_ntdqa threads=8 bw_gbps=17.869 throttle=0
=== CORUN_RC profile=chase placement=A_same_ccd run=1 mode=wc_ntdqa victim_rc=0 aggressor_rc=0 ===
=== CORUN profile=chase placement=A_same_ccd run=1 mode=wb_load threads=8 vcore=136 vnode=1 cores=137,138,139,140,141,142,143,399 START ===
[victim] core=136 node=1 ws=4096 KB duration=15 warmup=5 chase=1
[victim] warming up for 5 s …
[aggressor] mode=wb_load threads=8 bufsz=256MB/thread throttle=0 MBps
[victim] measuring for 15 s …
[aggressor] mapped 2048 MB CXL memory at 0x77ec7b600000
[aggressor] GO
[victim] interim: IPC=0.034  L2miss_rate=87.36%  iters=472
[victim] interim: IPC=0.018  L2miss_rate=88.14%  iters=503
[victim] interim: IPC=0.013  L2miss_rate=88.82%  iters=534
[victim] interim: IPC=0.010  L2miss_rate=89.44%  iters=565
[victim] interim: IPC=0.009  L2miss_rate=89.99%  iters=596
[victim] interim: IPC=0.008  L2miss_rate=90.48%  iters=627
[victim] interim: IPC=0.007  L2miss_rate=90.94%  iters=659
[victim] interim: IPC=0.006  L2miss_rate=91.36%  iters=691
[victim] interim: IPC=0.006  L2miss_rate=91.74%  iters=723
[victim] interim: IPC=0.006  L2miss_rate=92.08%  iters=754
[victim] interim: IPC=0.005  L2miss_rate=92.41%  iters=786
[victim] interim: IPC=0.005  L2miss_rate=92.70%  iters=818
[victim] interim: IPC=0.005  L2miss_rate=92.97%  iters=849
[victim] interim: IPC=0.005  L2miss_rate=93.22%  iters=880
[victim] DONE: IPC=0.0045  L2_miss=93.40%
VICTIM core=136 ipc=0.0045 l2_miss_rate=93.40 cycles=33169113945 insns=148446901 l2_hit=3913502 l2_miss=55417481 iters=905 sec=15.01
thread  0  core 137  3.50 GB/s  (15.027 s)
thread  1  core 138  3.72 GB/s  (15.017 s)
thread  2  core 139  3.50 GB/s  (15.038 s)
thread  3  core 140  3.48 GB/s  (15.027 s)
thread  4  core 141  3.48 GB/s  (15.047 s)
thread  5  core 142  3.45 GB/s  (15.036 s)
thread  6  core 143  1.77 GB/s  (15.027 s)
thread  7  core 399  1.70 GB/s  (15.044 s)
---
aggregate: 24.57 GB/s  (8 threads, mode=wb_load)
RESULT mode=wb_load threads=8 bw_gbps=24.566 throttle=0
=== CORUN_RC profile=chase placement=A_same_ccd run=1 mode=wb_load victim_rc=0 aggressor_rc=0 ===
=== BLOCK_END profile=chase placement=A_same_ccd run=1 ===
=== BLOCK_START profile=chase placement=A_same_ccd run=2 notes=same CCD; includes one SMT sibling to reach 8 aggressors ===
=== BASELINE profile=chase placement=A_same_ccd run=2 vcore=136 vnode=1 START ===
[victim] core=136 node=1 ws=4096 KB duration=15 warmup=5 chase=1
[victim] warming up for 5 s …
[victim] measuring for 15 s …
[victim] interim: IPC=0.045  L2miss_rate=87.24%  iters=616
[victim] interim: IPC=0.045  L2miss_rate=87.24%  iters=1229
[victim] interim: IPC=0.045  L2miss_rate=87.24%  iters=1844
[victim] interim: IPC=0.045  L2miss_rate=87.24%  iters=2459
[victim] interim: IPC=0.045  L2miss_rate=87.24%  iters=3074
[victim] interim: IPC=0.045  L2miss_rate=87.24%  iters=3689
[victim] interim: IPC=0.045  L2miss_rate=87.24%  iters=4304
[victim] interim: IPC=0.045  L2miss_rate=87.24%  iters=4919
[victim] interim: IPC=0.045  L2miss_rate=87.24%  iters=5534
[victim] interim: IPC=0.045  L2miss_rate=87.24%  iters=6149
[victim] interim: IPC=0.045  L2miss_rate=87.24%  iters=6764
[victim] interim: IPC=0.045  L2miss_rate=87.24%  iters=7378
[victim] interim: IPC=0.045  L2miss_rate=87.24%  iters=7993
[victim] interim: IPC=0.045  L2miss_rate=87.24%  iters=8608
[victim] DONE: IPC=0.0453  L2_miss=87.24%
VICTIM core=136 ipc=0.0453 l2_miss_rate=87.24 cycles=33385943861 insns=1511034204 l2_hit=77076815 l2_miss=527048064 iters=9216 sec=15.00
=== BASELINE_RC profile=chase placement=A_same_ccd run=2 rc=0 ===
--- mode_order=wc_ntdqa wb_load ---
=== CORUN profile=chase placement=A_same_ccd run=2 mode=wc_ntdqa threads=8 vcore=136 vnode=1 cores=137,138,139,140,141,142,143,399 START ===
[victim] core=136 node=1 ws=4096 KB duration=15 warmup=5 chase=1
[victim] warming up for 5 s …
[aggressor] mode=wc_ntdqa threads=8 bufsz=256MB/thread throttle=0 MBps
[aggressor] mapped 2048 MB CXL memory at 0x77ee9ee00000
[victim] measuring for 15 s …
[aggressor] GO
[victim] interim: IPC=0.046  L2miss_rate=85.22%  iters=620
[victim] interim: IPC=0.046  L2miss_rate=85.22%  iters=1241
[victim] interim: IPC=0.046  L2miss_rate=85.22%  iters=1862
[victim] interim: IPC=0.046  L2miss_rate=85.22%  iters=2483
[victim] interim: IPC=0.046  L2miss_rate=85.22%  iters=3104
[victim] interim: IPC=0.046  L2miss_rate=85.22%  iters=3725
[victim] interim: IPC=0.046  L2miss_rate=85.22%  iters=4346
[victim] interim: IPC=0.046  L2miss_rate=85.22%  iters=4967
[victim] interim: IPC=0.046  L2miss_rate=85.22%  iters=5588
[victim] interim: IPC=0.046  L2miss_rate=85.22%  iters=6209
[victim] interim: IPC=0.046  L2miss_rate=85.22%  iters=6829
[victim] interim: IPC=0.046  L2miss_rate=85.22%  iters=7450
[victim] interim: IPC=0.046  L2miss_rate=85.22%  iters=8071
[victim] interim: IPC=0.046  L2miss_rate=85.22%  iters=8692
[victim] DONE: IPC=0.0457  L2_miss=85.22%
VICTIM core=136 ipc=0.0457 l2_miss_rate=85.22 cycles=33378341050 insns=1525790160 l2_hit=90158013 l2_miss=519878969 iters=9306 sec=15.00
thread  0  core 137  2.57 GB/s  (15.049 s)
thread  1  core 138  2.57 GB/s  (15.067 s)
thread  2  core 139  2.56 GB/s  (15.017 s)
thread  3  core 140  2.55 GB/s  (15.029 s)
thread  4  core 141  2.55 GB/s  (15.037 s)
thread  5  core 142  2.55 GB/s  (15.038 s)
thread  6  core 143  1.21 GB/s  (15.041 s)
thread  7  core 399  1.34 GB/s  (15.037 s)
---
aggregate: 17.87 GB/s  (8 threads, mode=wc_ntdqa)
RESULT mode=wc_ntdqa threads=8 bw_gbps=17.869 throttle=0
=== CORUN_RC profile=chase placement=A_same_ccd run=2 mode=wc_ntdqa victim_rc=0 aggressor_rc=0 ===
=== CORUN profile=chase placement=A_same_ccd run=2 mode=wb_load threads=8 vcore=136 vnode=1 cores=137,138,139,140,141,142,143,399 START ===
[victim] core=136 node=1 ws=4096 KB duration=15 warmup=5 chase=1
[victim] warming up for 5 s …
[aggressor] mode=wb_load threads=8 bufsz=256MB/thread throttle=0 MBps
[victim] measuring for 15 s …
[aggressor] mapped 2048 MB CXL memory at 0x720351200000
[aggressor] GO
[victim] interim: IPC=0.035  L2miss_rate=85.89%  iters=493
[victim] interim: IPC=0.019  L2miss_rate=86.72%  iters=524
[victim] interim: IPC=0.013  L2miss_rate=87.49%  iters=556
[victim] interim: IPC=0.011  L2miss_rate=88.15%  iters=587
[victim] interim: IPC=0.009  L2miss_rate=88.76%  iters=619
[victim] interim: IPC=0.008  L2miss_rate=89.31%  iters=651
[victim] interim: IPC=0.007  L2miss_rate=89.80%  iters=682
[victim] interim: IPC=0.006  L2miss_rate=90.24%  iters=713
[victim] interim: IPC=0.006  L2miss_rate=90.65%  iters=744
[victim] interim: IPC=0.006  L2miss_rate=91.03%  iters=776
[victim] interim: IPC=0.005  L2miss_rate=91.39%  iters=808
[victim] interim: IPC=0.005  L2miss_rate=91.72%  iters=840
[victim] interim: IPC=0.005  L2miss_rate=92.01%  iters=871
[victim] interim: IPC=0.005  L2miss_rate=92.28%  iters=902
[victim] DONE: IPC=0.0046  L2_miss=92.48%
VICTIM core=136 ipc=0.0046 l2_miss_rate=92.48 cycles=33192917243 insns=151889807 l2_hit=4562584 l2_miss=56144679 iters=926 sec=15.01
thread  0  core 137  3.50 GB/s  (15.031 s)
thread  1  core 138  3.71 GB/s  (15.034 s)
thread  2  core 139  3.50 GB/s  (15.043 s)
thread  3  core 140  3.48 GB/s  (15.029 s)
thread  4  core 141  3.47 GB/s  (15.020 s)
thread  5  core 142  3.45 GB/s  (15.037 s)
thread  6  core 143  1.75 GB/s  (15.040 s)
thread  7  core 399  1.72 GB/s  (15.014 s)
---
aggregate: 24.55 GB/s  (8 threads, mode=wb_load)
RESULT mode=wb_load threads=8 bw_gbps=24.554 throttle=0
=== CORUN_RC profile=chase placement=A_same_ccd run=2 mode=wb_load victim_rc=0 aggressor_rc=0 ===
=== BLOCK_END profile=chase placement=A_same_ccd run=2 ===
=== BLOCK_START profile=chase placement=A_same_ccd run=3 notes=same CCD; includes one SMT sibling to reach 8 aggressors ===
=== BASELINE profile=chase placement=A_same_ccd run=3 vcore=136 vnode=1 START ===
[victim] core=136 node=1 ws=4096 KB duration=15 warmup=5 chase=1
[victim] warming up for 5 s …
[victim] measuring for 15 s …
[victim] interim: IPC=0.046  L2miss_rate=86.29%  iters=620
[victim] interim: IPC=0.046  L2miss_rate=86.29%  iters=1239
[victim] interim: IPC=0.046  L2miss_rate=86.29%  iters=1858
[victim] interim: IPC=0.046  L2miss_rate=86.29%  iters=2477
[victim] interim: IPC=0.046  L2miss_rate=86.29%  iters=3096
[victim] interim: IPC=0.046  L2miss_rate=86.29%  iters=3713
[victim] interim: IPC=0.046  L2miss_rate=86.29%  iters=4332
[victim] interim: IPC=0.046  L2miss_rate=86.29%  iters=4951
[victim] interim: IPC=0.046  L2miss_rate=86.29%  iters=5570
[victim] interim: IPC=0.046  L2miss_rate=86.29%  iters=6189
[victim] interim: IPC=0.046  L2miss_rate=86.29%  iters=6808
[victim] interim: IPC=0.046  L2miss_rate=86.29%  iters=7427
[victim] interim: IPC=0.046  L2miss_rate=86.29%  iters=8046
[victim] interim: IPC=0.046  L2miss_rate=86.29%  iters=8665
[victim] DONE: IPC=0.0455  L2_miss=86.29%
VICTIM core=136 ipc=0.0455 l2_miss_rate=86.29 cycles=33397056581 insns=1521036085 l2_hit=83389278 l2_miss=524736875 iters=9277 sec=15.00
=== BASELINE_RC profile=chase placement=A_same_ccd run=3 rc=0 ===
--- mode_order=wc_ntdqa wb_load ---
=== CORUN profile=chase placement=A_same_ccd run=3 mode=wc_ntdqa threads=8 vcore=136 vnode=1 cores=137,138,139,140,141,142,143,399 START ===
[victim] core=136 node=1 ws=4096 KB duration=15 warmup=5 chase=1
[victim] warming up for 5 s …
[aggressor] mode=wc_ntdqa threads=8 bufsz=256MB/thread throttle=0 MBps
[aggressor] mapped 2048 MB CXL memory at 0x76f5f8000000
[victim] measuring for 15 s …
[aggressor] GO
[victim] interim: IPC=0.046  L2miss_rate=85.60%  iters=620
[victim] interim: IPC=0.046  L2miss_rate=85.60%  iters=1239
[victim] interim: IPC=0.046  L2miss_rate=85.60%  iters=1858
[victim] interim: IPC=0.046  L2miss_rate=85.60%  iters=2478
[victim] interim: IPC=0.046  L2miss_rate=85.60%  iters=3095
[victim] interim: IPC=0.046  L2miss_rate=85.60%  iters=3714
[victim] interim: IPC=0.046  L2miss_rate=85.60%  iters=4333
[victim] interim: IPC=0.046  L2miss_rate=85.60%  iters=4952
[victim] interim: IPC=0.046  L2miss_rate=85.60%  iters=5571
[victim] interim: IPC=0.046  L2miss_rate=85.60%  iters=6190
[victim] interim: IPC=0.046  L2miss_rate=85.60%  iters=6809
[victim] interim: IPC=0.046  L2miss_rate=85.60%  iters=7429
[victim] interim: IPC=0.046  L2miss_rate=85.60%  iters=8048
[victim] interim: IPC=0.046  L2miss_rate=85.60%  iters=8667
[victim] DONE: IPC=0.0456  L2_miss=85.60%
VICTIM core=136 ipc=0.0456 l2_miss_rate=85.60 cycles=33375563646 insns=1521528168 l2_hit=87626997 l2_miss=520702796 iters=9280 sec=15.00
thread  0  core 137  2.57 GB/s  (15.049 s)
thread  1  core 138  2.57 GB/s  (15.069 s)
thread  2  core 139  2.56 GB/s  (15.014 s)
thread  3  core 140  2.55 GB/s  (15.030 s)
thread  4  core 141  2.55 GB/s  (15.036 s)
thread  5  core 142  2.55 GB/s  (15.043 s)
thread  6  core 143  1.21 GB/s  (15.030 s)
thread  7  core 399  1.34 GB/s  (15.041 s)
---
aggregate: 17.87 GB/s  (8 threads, mode=wc_ntdqa)
RESULT mode=wc_ntdqa threads=8 bw_gbps=17.867 throttle=0
=== CORUN_RC profile=chase placement=A_same_ccd run=3 mode=wc_ntdqa victim_rc=0 aggressor_rc=0 ===
=== CORUN profile=chase placement=A_same_ccd run=3 mode=wb_load threads=8 vcore=136 vnode=1 cores=137,138,139,140,141,142,143,399 START ===
[victim] core=136 node=1 ws=4096 KB duration=15 warmup=5 chase=1
[victim] warming up for 5 s …
[aggressor] mode=wb_load threads=8 bufsz=256MB/thread throttle=0 MBps
[victim] measuring for 15 s …
[aggressor] mapped 2048 MB CXL memory at 0x712f87a00000
[aggressor] GO
[victim] interim: IPC=0.035  L2miss_rate=85.34%  iters=489
[victim] interim: IPC=0.019  L2miss_rate=86.24%  iters=521
[victim] interim: IPC=0.013  L2miss_rate=87.02%  iters=552
[victim] interim: IPC=0.011  L2miss_rate=87.71%  iters=583
[victim] interim: IPC=0.009  L2miss_rate=88.33%  iters=614
[victim] interim: IPC=0.008  L2miss_rate=88.89%  iters=645
[victim] interim: IPC=0.007  L2miss_rate=89.40%  iters=676
[victim] interim: IPC=0.006  L2miss_rate=89.88%  iters=708
[victim] interim: IPC=0.006  L2miss_rate=90.30%  iters=739
[victim] interim: IPC=0.006  L2miss_rate=90.69%  iters=770
[victim] interim: IPC=0.005  L2miss_rate=91.05%  iters=801
[victim] interim: IPC=0.005  L2miss_rate=91.38%  iters=832
[victim] interim: IPC=0.005  L2miss_rate=91.69%  iters=863
[victim] interim: IPC=0.005  L2miss_rate=91.99%  iters=895
[victim] DONE: IPC=0.0046  L2_miss=92.22%
VICTIM core=136 ipc=0.0046 l2_miss_rate=92.22 cycles=33165073428 insns=151234008 l2_hit=4699635 l2_miss=55745520 iters=922 sec=15.02
thread  0  core 137  3.51 GB/s  (15.048 s)
thread  1  core 138  3.72 GB/s  (15.023 s)
thread  2  core 139  3.51 GB/s  (15.048 s)
thread  3  core 140  3.49 GB/s  (15.013 s)
thread  4  core 141  3.47 GB/s  (15.015 s)
thread  5  core 142  3.45 GB/s  (15.024 s)
thread  6  core 143  1.76 GB/s  (15.060 s)
thread  7  core 399  1.71 GB/s  (15.059 s)
---
aggregate: 24.58 GB/s  (8 threads, mode=wb_load)
RESULT mode=wb_load threads=8 bw_gbps=24.580 throttle=0
=== CORUN_RC profile=chase placement=A_same_ccd run=3 mode=wb_load victim_rc=0 aggressor_rc=0 ===
=== BLOCK_END profile=chase placement=A_same_ccd run=3 ===
=== BLOCK_START profile=chase placement=A_same_ccd run=4 notes=same CCD; includes one SMT sibling to reach 8 aggressors ===
=== BASELINE profile=chase placement=A_same_ccd run=4 vcore=136 vnode=1 START ===
[victim] core=136 node=1 ws=4096 KB duration=15 warmup=5 chase=1
[victim] warming up for 5 s …
[victim] measuring for 15 s …
[victim] interim: IPC=0.045  L2miss_rate=85.24%  iters=609
[victim] interim: IPC=0.045  L2miss_rate=85.24%  iters=1218
[victim] interim: IPC=0.045  L2miss_rate=85.24%  iters=1826
[victim] interim: IPC=0.045  L2miss_rate=85.24%  iters=2434
[victim] interim: IPC=0.045  L2miss_rate=85.24%  iters=3042
[victim] interim: IPC=0.045  L2miss_rate=85.24%  iters=3650
[victim] interim: IPC=0.045  L2miss_rate=85.24%  iters=4258
[victim] interim: IPC=0.045  L2miss_rate=85.24%  iters=4866
[victim] interim: IPC=0.045  L2miss_rate=85.24%  iters=5474
[victim] interim: IPC=0.045  L2miss_rate=85.24%  iters=6081
[victim] interim: IPC=0.045  L2miss_rate=85.24%  iters=6689
[victim] interim: IPC=0.045  L2miss_rate=85.24%  iters=7297
[victim] interim: IPC=0.045  L2miss_rate=85.24%  iters=7905
[victim] interim: IPC=0.045  L2miss_rate=85.24%  iters=8513
[victim] DONE: IPC=0.0447  L2_miss=85.24%
VICTIM core=136 ipc=0.0447 l2_miss_rate=85.24 cycles=33385418803 insns=1493983939 l2_hit=88138212 l2_miss=509172515 iters=9112 sec=15.00
=== BASELINE_RC profile=chase placement=A_same_ccd run=4 rc=0 ===
--- mode_order=wc_ntdqa wb_load ---
=== CORUN profile=chase placement=A_same_ccd run=4 mode=wc_ntdqa threads=8 vcore=136 vnode=1 cores=137,138,139,140,141,142,143,399 START ===
[victim] core=136 node=1 ws=4096 KB duration=15 warmup=5 chase=1
[victim] warming up for 5 s …
[aggressor] mode=wc_ntdqa threads=8 bufsz=256MB/thread throttle=0 MBps
[aggressor] mapped 2048 MB CXL memory at 0x78f06b600000
[victim] measuring for 15 s …
[aggressor] GO
[victim] interim: IPC=0.045  L2miss_rate=86.78%  iters=615
[victim] interim: IPC=0.045  L2miss_rate=86.73%  iters=1230
[victim] interim: IPC=0.045  L2miss_rate=86.71%  iters=1845
[victim] interim: IPC=0.045  L2miss_rate=86.70%  iters=2460
[victim] interim: IPC=0.045  L2miss_rate=86.69%  iters=3075
[victim] interim: IPC=0.045  L2miss_rate=86.69%  iters=3690
[victim] interim: IPC=0.045  L2miss_rate=86.69%  iters=4305
[victim] interim: IPC=0.045  L2miss_rate=86.68%  iters=4920
[victim] interim: IPC=0.045  L2miss_rate=86.68%  iters=5533
[victim] interim: IPC=0.045  L2miss_rate=86.68%  iters=6148
[victim] interim: IPC=0.045  L2miss_rate=86.68%  iters=6763
[victim] interim: IPC=0.045  L2miss_rate=86.68%  iters=7378
[victim] interim: IPC=0.045  L2miss_rate=86.68%  iters=7993
[victim] interim: IPC=0.045  L2miss_rate=86.68%  iters=8608
[victim] DONE: IPC=0.0453  L2_miss=86.68%
VICTIM core=136 ipc=0.0453 l2_miss_rate=86.68 cycles=33382266760 insns=1511362437 l2_hit=80501200 l2_miss=523759596 iters=9218 sec=15.00
thread  0  core 137  2.57 GB/s  (15.044 s)
thread  1  core 138  2.57 GB/s  (15.061 s)
thread  2  core 139  2.56 GB/s  (15.014 s)
thread  3  core 140  2.55 GB/s  (15.027 s)
thread  4  core 141  2.55 GB/s  (15.036 s)
thread  5  core 142  2.55 GB/s  (15.041 s)
thread  6  core 143  1.21 GB/s  (15.029 s)
thread  7  core 399  1.34 GB/s  (15.041 s)
---
aggregate: 17.88 GB/s  (8 threads, mode=wc_ntdqa)
RESULT mode=wc_ntdqa threads=8 bw_gbps=17.876 throttle=0
=== CORUN_RC profile=chase placement=A_same_ccd run=4 mode=wc_ntdqa victim_rc=0 aggressor_rc=0 ===
=== CORUN profile=chase placement=A_same_ccd run=4 mode=wb_load threads=8 vcore=136 vnode=1 cores=137,138,139,140,141,142,143,399 START ===
[victim] core=136 node=1 ws=4096 KB duration=15 warmup=5 chase=1
[victim] warming up for 5 s …
[aggressor] mode=wb_load threads=8 bufsz=256MB/thread throttle=0 MBps
[victim] measuring for 15 s …
[aggressor] mapped 2048 MB CXL memory at 0x735457800000
[aggressor] GO
[victim] interim: IPC=0.034  L2miss_rate=87.30%  iters=487
[victim] interim: IPC=0.019  L2miss_rate=88.06%  iters=518
[victim] interim: IPC=0.013  L2miss_rate=88.75%  iters=550
[victim] interim: IPC=0.010  L2miss_rate=89.37%  iters=582
[victim] interim: IPC=0.009  L2miss_rate=89.93%  iters=614
[victim] interim: IPC=0.008  L2miss_rate=90.42%  iters=646
[victim] interim: IPC=0.007  L2miss_rate=90.86%  iters=677
[victim] interim: IPC=0.006  L2miss_rate=91.27%  iters=709
[victim] interim: IPC=0.006  L2miss_rate=91.65%  iters=741
[victim] interim: IPC=0.006  L2miss_rate=91.99%  iters=772
[victim] interim: IPC=0.005  L2miss_rate=92.31%  iters=804
[victim] interim: IPC=0.005  L2miss_rate=92.60%  iters=836
[victim] interim: IPC=0.005  L2miss_rate=92.87%  iters=868
[victim] interim: IPC=0.005  L2miss_rate=93.12%  iters=899
[victim] DONE: IPC=0.0045  L2_miss=93.27%
VICTIM core=136 ipc=0.0045 l2_miss_rate=93.27 cycles=33200217106 insns=150906115 l2_hit=4056144 l2_miss=56257842 iters=920 sec=15.00
thread  0  core 137  3.50 GB/s  (15.023 s)
thread  1  core 138  3.73 GB/s  (15.042 s)
thread  2  core 139  3.51 GB/s  (15.007 s)
thread  3  core 140  3.48 GB/s  (15.025 s)
thread  4  core 141  3.47 GB/s  (15.007 s)
thread  5  core 142  3.45 GB/s  (15.030 s)
thread  6  core 143  1.78 GB/s  (15.041 s)
thread  7  core 399  1.68 GB/s  (15.011 s)
---
aggregate: 24.57 GB/s  (8 threads, mode=wb_load)
RESULT mode=wb_load threads=8 bw_gbps=24.574 throttle=0
=== CORUN_RC profile=chase placement=A_same_ccd run=4 mode=wb_load victim_rc=0 aggressor_rc=0 ===
=== BLOCK_END profile=chase placement=A_same_ccd run=4 ===
=== BLOCK_START profile=chase placement=A_same_ccd run=5 notes=same CCD; includes one SMT sibling to reach 8 aggressors ===
=== BASELINE profile=chase placement=A_same_ccd run=5 vcore=136 vnode=1 START ===
[victim] core=136 node=1 ws=4096 KB duration=15 warmup=5 chase=1
[victim] warming up for 5 s …
[victim] measuring for 15 s …
[victim] interim: IPC=0.045  L2miss_rate=88.35%  iters=612
[victim] interim: IPC=0.045  L2miss_rate=88.35%  iters=1223
[victim] interim: IPC=0.045  L2miss_rate=88.35%  iters=1833
[victim] interim: IPC=0.045  L2miss_rate=88.35%  iters=2442
[victim] interim: IPC=0.045  L2miss_rate=88.35%  iters=3053
[victim] interim: IPC=0.045  L2miss_rate=88.35%  iters=3664
[victim] interim: IPC=0.045  L2miss_rate=88.35%  iters=4275
[victim] interim: IPC=0.045  L2miss_rate=88.35%  iters=4886
[victim] interim: IPC=0.045  L2miss_rate=88.35%  iters=5497
[victim] interim: IPC=0.045  L2miss_rate=88.35%  iters=6108
[victim] interim: IPC=0.045  L2miss_rate=88.35%  iters=6719
[victim] interim: IPC=0.045  L2miss_rate=88.35%  iters=7330
[victim] interim: IPC=0.045  L2miss_rate=88.35%  iters=7941
[victim] interim: IPC=0.045  L2miss_rate=88.35%  iters=8550
[victim] DONE: IPC=0.0449  L2_miss=88.35%
VICTIM core=136 ipc=0.0449 l2_miss_rate=88.35 cycles=33391737310 insns=1500706172 l2_hit=69916736 l2_miss=530079808 iters=9153 sec=15.00
=== BASELINE_RC profile=chase placement=A_same_ccd run=5 rc=0 ===
--- mode_order=wb_load wc_ntdqa ---
=== CORUN profile=chase placement=A_same_ccd run=5 mode=wb_load threads=8 vcore=136 vnode=1 cores=137,138,139,140,141,142,143,399 START ===
[victim] core=136 node=1 ws=4096 KB duration=15 warmup=5 chase=1
[victim] warming up for 5 s …
[aggressor] mode=wb_load threads=8 bufsz=256MB/thread throttle=0 MBps
[victim] measuring for 15 s …
[aggressor] mapped 2048 MB CXL memory at 0x775132c00000
[aggressor] GO
[victim] interim: IPC=0.034  L2miss_rate=86.04%  iters=487
[victim] interim: IPC=0.018  L2miss_rate=86.90%  iters=519
[victim] interim: IPC=0.013  L2miss_rate=87.64%  iters=550
[victim] interim: IPC=0.010  L2miss_rate=88.32%  iters=582
[victim] interim: IPC=0.009  L2miss_rate=88.92%  iters=614
[victim] interim: IPC=0.008  L2miss_rate=89.46%  iters=645
[victim] interim: IPC=0.007  L2miss_rate=89.96%  iters=677
[victim] interim: IPC=0.006  L2miss_rate=90.41%  iters=709
[victim] interim: IPC=0.006  L2miss_rate=90.81%  iters=740
[victim] interim: IPC=0.006  L2miss_rate=91.19%  iters=772
[victim] interim: IPC=0.005  L2miss_rate=91.54%  iters=804
[victim] interim: IPC=0.005  L2miss_rate=91.86%  iters=836
[victim] interim: IPC=0.005  L2miss_rate=92.16%  iters=867
[victim] interim: IPC=0.005  L2miss_rate=92.43%  iters=898
[victim] DONE: IPC=0.0045  L2_miss=92.61%
VICTIM core=136 ipc=0.0045 l2_miss_rate=92.61 cycles=33197982327 insns=150906124 l2_hit=4458917 l2_miss=55855122 iters=920 sec=15.03
thread  0  core 137  3.50 GB/s  (15.028 s)
thread  1  core 138  3.72 GB/s  (15.029 s)
thread  2  core 139  3.50 GB/s  (15.018 s)
thread  3  core 140  3.48 GB/s  (15.021 s)
thread  4  core 141  3.48 GB/s  (15.040 s)
thread  5  core 142  3.45 GB/s  (15.021 s)
thread  6  core 143  1.77 GB/s  (15.044 s)
thread  7  core 399  1.71 GB/s  (15.044 s)
---
aggregate: 24.59 GB/s  (8 threads, mode=wb_load)
RESULT mode=wb_load threads=8 bw_gbps=24.587 throttle=0
=== CORUN_RC profile=chase placement=A_same_ccd run=5 mode=wb_load victim_rc=0 aggressor_rc=0 ===
=== CORUN profile=chase placement=A_same_ccd run=5 mode=wc_ntdqa threads=8 vcore=136 vnode=1 cores=137,138,139,140,141,142,143,399 START ===
[victim] core=136 node=1 ws=4096 KB duration=15 warmup=5 chase=1
[victim] warming up for 5 s …
[aggressor] mode=wc_ntdqa threads=8 bufsz=256MB/thread throttle=0 MBps
[aggressor] mapped 2048 MB CXL memory at 0x70c88bc00000
[victim] measuring for 15 s …
[aggressor] GO
[victim] interim: IPC=0.045  L2miss_rate=88.40%  iters=610
[victim] interim: IPC=0.045  L2miss_rate=88.39%  iters=1218
[victim] interim: IPC=0.045  L2miss_rate=88.39%  iters=1827
[victim] interim: IPC=0.045  L2miss_rate=88.39%  iters=2436
[victim] interim: IPC=0.045  L2miss_rate=88.39%  iters=3044
[victim] interim: IPC=0.045  L2miss_rate=88.39%  iters=3653
[victim] interim: IPC=0.045  L2miss_rate=88.39%  iters=4262
[victim] interim: IPC=0.045  L2miss_rate=88.39%  iters=4871
[victim] interim: IPC=0.045  L2miss_rate=88.39%  iters=5480
[victim] interim: IPC=0.045  L2miss_rate=88.39%  iters=6087
[victim] interim: IPC=0.045  L2miss_rate=88.39%  iters=6696
[victim] interim: IPC=0.045  L2miss_rate=88.39%  iters=7305
[victim] interim: IPC=0.045  L2miss_rate=88.39%  iters=7914
[victim] interim: IPC=0.045  L2miss_rate=88.39%  iters=8523
[victim] DONE: IPC=0.0448  L2_miss=88.39%
VICTIM core=136 ipc=0.0448 l2_miss_rate=88.39 cycles=33391391919 insns=1495459475 l2_hit=69401568 l2_miss=528498069 iters=9121 sec=15.00
thread  0  core 137  2.57 GB/s  (15.049 s)
thread  1  core 138  2.57 GB/s  (15.058 s)
thread  2  core 139  2.56 GB/s  (15.011 s)
thread  3  core 140  2.55 GB/s  (15.026 s)
thread  4  core 141  2.55 GB/s  (15.032 s)
thread  5  core 142  2.55 GB/s  (15.034 s)
thread  6  core 143  1.21 GB/s  (15.035 s)
thread  7  core 399  1.34 GB/s  (15.037 s)
---
aggregate: 17.88 GB/s  (8 threads, mode=wc_ntdqa)
RESULT mode=wc_ntdqa threads=8 bw_gbps=17.880 throttle=0
=== CORUN_RC profile=chase placement=A_same_ccd run=5 mode=wc_ntdqa victim_rc=0 aggressor_rc=0 ===
=== BLOCK_END profile=chase placement=A_same_ccd run=5 ===
=== BLOCK_START profile=chase placement=B_diff_ccd_same_socket run=1 notes=different CCD same socket ===
=== BASELINE profile=chase placement=B_diff_ccd_same_socket run=1 vcore=128 vnode=1 START ===
[victim] core=128 node=1 ws=4096 KB duration=15 warmup=5 chase=1
[victim] warming up for 5 s …
[victim] measuring for 15 s …
[victim] interim: IPC=0.046  L2miss_rate=86.28%  iters=620
[victim] interim: IPC=0.046  L2miss_rate=86.28%  iters=1239
[victim] interim: IPC=0.046  L2miss_rate=86.28%  iters=1858
[victim] interim: IPC=0.046  L2miss_rate=86.28%  iters=2477
[victim] interim: IPC=0.046  L2miss_rate=86.28%  iters=3096
[victim] interim: IPC=0.046  L2miss_rate=86.28%  iters=3715
[victim] interim: IPC=0.046  L2miss_rate=86.28%  iters=4334
[victim] interim: IPC=0.046  L2miss_rate=86.28%  iters=4951
[victim] interim: IPC=0.046  L2miss_rate=86.28%  iters=5570
[victim] interim: IPC=0.046  L2miss_rate=86.28%  iters=6189
[victim] interim: IPC=0.046  L2miss_rate=86.28%  iters=6808
[victim] interim: IPC=0.046  L2miss_rate=86.28%  iters=7427
[victim] interim: IPC=0.046  L2miss_rate=86.28%  iters=8046
[victim] interim: IPC=0.046  L2miss_rate=86.28%  iters=8665
[victim] DONE: IPC=0.0456  L2_miss=86.28%
VICTIM core=128 ipc=0.0456 l2_miss_rate=86.28 cycles=33397364041 insns=1521527859 l2_hit=83470674 l2_miss=524860595 iters=9280 sec=15.00
=== BASELINE_RC profile=chase placement=B_diff_ccd_same_socket run=1 rc=0 ===
--- mode_order=wb_load wc_ntdqa ---
=== CORUN profile=chase placement=B_diff_ccd_same_socket run=1 mode=wb_load threads=8 vcore=128 vnode=1 cores=136,137,138,139,140,141,142,143 START ===
[victim] core=128 node=1 ws=4096 KB duration=15 warmup=5 chase=1
[victim] warming up for 5 s …
[aggressor] mode=wb_load threads=8 bufsz=256MB/thread throttle=0 MBps
[victim] measuring for 15 s …
[aggressor] mapped 2048 MB CXL memory at 0x790997200000
[aggressor] GO
[victim] interim: IPC=0.043  L2miss_rate=89.26%  iters=588
[victim] interim: IPC=0.039  L2miss_rate=94.04%  iters=1060
[victim] interim: IPC=0.038  L2miss_rate=95.87%  iters=1531
[victim] interim: IPC=0.037  L2miss_rate=96.85%  iters=2003
[victim] interim: IPC=0.036  L2miss_rate=97.45%  iters=2475
[victim] interim: IPC=0.036  L2miss_rate=97.85%  iters=2943
[victim] interim: IPC=0.036  L2miss_rate=98.15%  iters=3412
[victim] interim: IPC=0.036  L2miss_rate=98.37%  iters=3882
[victim] interim: IPC=0.036  L2miss_rate=98.55%  iters=4352
[victim] interim: IPC=0.036  L2miss_rate=98.69%  iters=4825
[victim] interim: IPC=0.035  L2miss_rate=98.81%  iters=5297
[victim] interim: IPC=0.035  L2miss_rate=98.90%  iters=5769
[victim] interim: IPC=0.035  L2miss_rate=98.99%  iters=6243
[victim] interim: IPC=0.035  L2miss_rate=99.06%  iters=6712
[victim] DONE: IPC=0.0353  L2_miss=99.12%
VICTIM core=128 ipc=0.0353 l2_miss_rate=99.12 cycles=33331482133 insns=1176248776 l2_hit=4142733 l2_miss=466142361 iters=7174 sec=15.00
thread  0  core 136  3.11 GB/s  (15.042 s)
thread  1  core 137  3.11 GB/s  (15.026 s)
thread  2  core 138  3.17 GB/s  (15.009 s)
thread  3  core 139  3.18 GB/s  (15.044 s)
thread  4  core 140  3.09 GB/s  (15.025 s)
thread  5  core 141  3.09 GB/s  (15.043 s)
thread  6  core 142  3.09 GB/s  (15.019 s)
thread  7  core 143  3.09 GB/s  (15.046 s)
---
aggregate: 24.89 GB/s  (8 threads, mode=wb_load)
RESULT mode=wb_load threads=8 bw_gbps=24.887 throttle=0
=== CORUN_RC profile=chase placement=B_diff_ccd_same_socket run=1 mode=wb_load victim_rc=0 aggressor_rc=0 ===
=== CORUN profile=chase placement=B_diff_ccd_same_socket run=1 mode=wc_ntdqa threads=8 vcore=128 vnode=1 cores=136,137,138,139,140,141,142,143 START ===
[victim] core=128 node=1 ws=4096 KB duration=15 warmup=5 chase=1
[victim] warming up for 5 s …
[aggressor] mode=wc_ntdqa threads=8 bufsz=256MB/thread throttle=0 MBps
[aggressor] mapped 2048 MB CXL memory at 0x7f95d0600000
[victim] measuring for 15 s …
[aggressor] GO
[victim] interim: IPC=0.045  L2miss_rate=87.01%  iters=612
[victim] interim: IPC=0.045  L2miss_rate=86.85%  iters=1227
[victim] interim: IPC=0.045  L2miss_rate=86.80%  iters=1843
[victim] interim: IPC=0.045  L2miss_rate=86.77%  iters=2457
[victim] interim: IPC=0.045  L2miss_rate=86.76%  iters=3072
[victim] interim: IPC=0.045  L2miss_rate=86.75%  iters=3687
[victim] interim: IPC=0.045  L2miss_rate=86.74%  iters=4303
[victim] interim: IPC=0.045  L2miss_rate=86.73%  iters=4918
[victim] interim: IPC=0.045  L2miss_rate=86.73%  iters=5534
[victim] interim: IPC=0.045  L2miss_rate=86.73%  iters=6149
[victim] interim: IPC=0.045  L2miss_rate=86.72%  iters=6765
[victim] interim: IPC=0.045  L2miss_rate=86.72%  iters=7380
[victim] interim: IPC=0.045  L2miss_rate=86.72%  iters=7995
[victim] interim: IPC=0.045  L2miss_rate=86.72%  iters=8609
[victim] DONE: IPC=0.0453  L2_miss=86.72%
VICTIM core=128 ipc=0.0453 l2_miss_rate=86.72 cycles=33353328743 insns=1511198391 l2_hit=80264874 l2_miss=523938145 iters=9217 sec=15.00
thread  0  core 136  2.24 GB/s  (15.085 s)
thread  1  core 137  2.24 GB/s  (15.086 s)
thread  2  core 138  2.23 GB/s  (15.026 s)
thread  3  core 139  2.23 GB/s  (15.046 s)
thread  4  core 140  2.23 GB/s  (15.065 s)
thread  5  core 141  2.23 GB/s  (15.066 s)
thread  6  core 142  2.23 GB/s  (15.074 s)
thread  7  core 143  2.23 GB/s  (15.077 s)
---
aggregate: 17.83 GB/s  (8 threads, mode=wc_ntdqa)
RESULT mode=wc_ntdqa threads=8 bw_gbps=17.829 throttle=0
=== CORUN_RC profile=chase placement=B_diff_ccd_same_socket run=1 mode=wc_ntdqa victim_rc=0 aggressor_rc=0 ===
=== BLOCK_END profile=chase placement=B_diff_ccd_same_socket run=1 ===
=== BLOCK_START profile=chase placement=B_diff_ccd_same_socket run=2 notes=different CCD same socket ===
=== BASELINE profile=chase placement=B_diff_ccd_same_socket run=2 vcore=128 vnode=1 START ===
[victim] core=128 node=1 ws=4096 KB duration=15 warmup=5 chase=1
[victim] warming up for 5 s …
[victim] measuring for 15 s …
[victim] interim: IPC=0.045  L2miss_rate=87.25%  iters=616
[victim] interim: IPC=0.045  L2miss_rate=87.24%  iters=1229
[victim] interim: IPC=0.045  L2miss_rate=87.24%  iters=1844
[victim] interim: IPC=0.045  L2miss_rate=87.24%  iters=2459
[victim] interim: IPC=0.045  L2miss_rate=87.24%  iters=3074
[victim] interim: IPC=0.045  L2miss_rate=87.24%  iters=3689
[victim] interim: IPC=0.045  L2miss_rate=87.24%  iters=4305
[victim] interim: IPC=0.045  L2miss_rate=87.24%  iters=4920
[victim] interim: IPC=0.045  L2miss_rate=87.24%  iters=5536
[victim] interim: IPC=0.045  L2miss_rate=87.24%  iters=6151
[victim] interim: IPC=0.045  L2miss_rate=87.24%  iters=6766
[victim] interim: IPC=0.045  L2miss_rate=87.24%  iters=7380
[victim] interim: IPC=0.045  L2miss_rate=87.24%  iters=7995
[victim] interim: IPC=0.045  L2miss_rate=87.24%  iters=8610
[victim] DONE: IPC=0.0453  L2_miss=87.24%
VICTIM core=128 ipc=0.0453 l2_miss_rate=87.24 cycles=33391510168 insns=1511526132 l2_hit=77114055 l2_miss=527211891 iters=9219 sec=15.00
=== BASELINE_RC profile=chase placement=B_diff_ccd_same_socket run=2 rc=0 ===
--- mode_order=wb_load wc_ntdqa ---
=== CORUN profile=chase placement=B_diff_ccd_same_socket run=2 mode=wb_load threads=8 vcore=128 vnode=1 cores=136,137,138,139,140,141,142,143 START ===
[victim] core=128 node=1 ws=4096 KB duration=15 warmup=5 chase=1
[victim] warming up for 5 s …
[aggressor] mode=wb_load threads=8 bufsz=256MB/thread throttle=0 MBps
[victim] measuring for 15 s …
[aggressor] mapped 2048 MB CXL memory at 0x7c16efc00000
[aggressor] GO
[victim] interim: IPC=0.042  L2miss_rate=90.42%  iters=578
[victim] interim: IPC=0.039  L2miss_rate=94.73%  iters=1051
[victim] interim: IPC=0.037  L2miss_rate=96.36%  iters=1521
[victim] interim: IPC=0.037  L2miss_rate=97.22%  iters=1993
[victim] interim: IPC=0.036  L2miss_rate=97.75%  iters=2465
[victim] interim: IPC=0.036  L2miss_rate=98.11%  iters=2937
[victim] interim: IPC=0.036  L2miss_rate=98.38%  iters=3410
[victim] interim: IPC=0.036  L2miss_rate=98.57%  iters=3883
[victim] interim: IPC=0.036  L2miss_rate=98.73%  iters=4357
[victim] interim: IPC=0.036  L2miss_rate=98.85%  iters=4829
[victim] interim: IPC=0.036  L2miss_rate=98.95%  iters=5300
[victim] interim: IPC=0.035  L2miss_rate=99.04%  iters=5772
[victim] interim: IPC=0.035  L2miss_rate=99.11%  iters=6240
[victim] interim: IPC=0.035  L2miss_rate=99.17%  iters=6713
[victim] DONE: IPC=0.0353  L2_miss=99.23%
VICTIM core=128 ipc=0.0353 l2_miss_rate=99.23 cycles=33325412681 insns=1176576571 l2_hit=3632316 l2_miss=466781596 iters=7176 sec=15.00
thread  0  core 136  3.11 GB/s  (15.033 s)
thread  1  core 137  3.11 GB/s  (15.011 s)
thread  2  core 138  3.18 GB/s  (15.040 s)
thread  3  core 139  3.18 GB/s  (15.040 s)
thread  4  core 140  3.09 GB/s  (15.013 s)
thread  5  core 141  3.09 GB/s  (15.027 s)
thread  6  core 142  3.10 GB/s  (15.004 s)
thread  7  core 143  3.09 GB/s  (15.034 s)
---
aggregate: 24.92 GB/s  (8 threads, mode=wb_load)
RESULT mode=wb_load threads=8 bw_gbps=24.915 throttle=0
=== CORUN_RC profile=chase placement=B_diff_ccd_same_socket run=2 mode=wb_load victim_rc=0 aggressor_rc=0 ===
=== CORUN profile=chase placement=B_diff_ccd_same_socket run=2 mode=wc_ntdqa threads=8 vcore=128 vnode=1 cores=136,137,138,139,140,141,142,143 START ===
[victim] core=128 node=1 ws=4096 KB duration=15 warmup=5 chase=1
[victim] warming up for 5 s …
[aggressor] mode=wc_ntdqa threads=8 bufsz=256MB/thread throttle=0 MBps
[aggressor] mapped 2048 MB CXL memory at 0x747f2fa00000
[victim] measuring for 15 s …
[aggressor] GO
[victim] interim: IPC=0.045  L2miss_rate=87.46%  iters=612
[victim] interim: IPC=0.045  L2miss_rate=87.37%  iters=1225
[victim] interim: IPC=0.045  L2miss_rate=87.34%  iters=1838
[victim] interim: IPC=0.045  L2miss_rate=87.32%  iters=2451
[victim] interim: IPC=0.045  L2miss_rate=87.31%  iters=3064
[victim] interim: IPC=0.045  L2miss_rate=87.30%  iters=3677
[victim] interim: IPC=0.045  L2miss_rate=87.30%  iters=4290
[victim] interim: IPC=0.045  L2miss_rate=87.29%  iters=4902
[victim] interim: IPC=0.045  L2miss_rate=87.29%  iters=5515
[victim] interim: IPC=0.045  L2miss_rate=87.29%  iters=6128
[victim] interim: IPC=0.045  L2miss_rate=87.28%  iters=6741
[victim] interim: IPC=0.045  L2miss_rate=87.28%  iters=7354
[victim] interim: IPC=0.045  L2miss_rate=87.28%  iters=7967
[victim] interim: IPC=0.045  L2miss_rate=87.28%  iters=8580
[victim] DONE: IPC=0.0452  L2_miss=87.28%
VICTIM core=128 ipc=0.0452 l2_miss_rate=87.28 cycles=33358312804 insns=1506279957 l2_hit=76605785 l2_miss=525622200 iters=9187 sec=15.00
thread  0  core 136  2.24 GB/s  (15.077 s)
thread  1  core 137  2.24 GB/s  (15.005 s)
thread  2  core 138  2.23 GB/s  (15.025 s)
thread  3  core 139  2.23 GB/s  (15.041 s)
thread  4  core 140  2.23 GB/s  (15.052 s)
thread  5  core 141  2.23 GB/s  (15.056 s)
thread  6  core 142  2.23 GB/s  (15.060 s)
thread  7  core 143  2.23 GB/s  (15.064 s)
---
aggregate: 17.82 GB/s  (8 threads, mode=wc_ntdqa)
RESULT mode=wc_ntdqa threads=8 bw_gbps=17.822 throttle=0
=== CORUN_RC profile=chase placement=B_diff_ccd_same_socket run=2 mode=wc_ntdqa victim_rc=0 aggressor_rc=0 ===
=== BLOCK_END profile=chase placement=B_diff_ccd_same_socket run=2 ===
=== BLOCK_START profile=chase placement=B_diff_ccd_same_socket run=3 notes=different CCD same socket ===
=== BASELINE profile=chase placement=B_diff_ccd_same_socket run=3 vcore=128 vnode=1 START ===
[victim] core=128 node=1 ws=4096 KB duration=15 warmup=5 chase=1
[victim] warming up for 5 s …
[victim] measuring for 15 s …
[victim] interim: IPC=0.046  L2miss_rate=86.27%  iters=620
[victim] interim: IPC=0.046  L2miss_rate=86.27%  iters=1239
[victim] interim: IPC=0.046  L2miss_rate=86.26%  iters=1858
[victim] interim: IPC=0.046  L2miss_rate=86.27%  iters=2477
[victim] interim: IPC=0.046  L2miss_rate=86.27%  iters=3096
[victim] interim: IPC=0.046  L2miss_rate=86.27%  iters=3713
[victim] interim: IPC=0.046  L2miss_rate=86.27%  iters=4332
[victim] interim: IPC=0.046  L2miss_rate=86.27%  iters=4951
[victim] interim: IPC=0.046  L2miss_rate=86.27%  iters=5570
[victim] interim: IPC=0.046  L2miss_rate=86.27%  iters=6189
[victim] interim: IPC=0.046  L2miss_rate=86.27%  iters=6808
[victim] interim: IPC=0.046  L2miss_rate=86.27%  iters=7427
[victim] interim: IPC=0.046  L2miss_rate=86.27%  iters=8046
[victim] interim: IPC=0.046  L2miss_rate=86.27%  iters=8665
[victim] DONE: IPC=0.0456  L2_miss=86.27%
VICTIM core=128 ipc=0.0456 l2_miss_rate=86.27 cycles=33396641372 insns=1521364017 l2_hit=83529231 l2_miss=524734428 iters=9279 sec=15.00
=== BASELINE_RC profile=chase placement=B_diff_ccd_same_socket run=3 rc=0 ===
--- mode_order=wb_load wc_ntdqa ---
=== CORUN profile=chase placement=B_diff_ccd_same_socket run=3 mode=wb_load threads=8 vcore=128 vnode=1 cores=136,137,138,139,140,141,142,143 START ===
[victim] core=128 node=1 ws=4096 KB duration=15 warmup=5 chase=1
[victim] warming up for 5 s …
[aggressor] mode=wb_load threads=8 bufsz=256MB/thread throttle=0 MBps
[victim] measuring for 15 s …
[aggressor] mapped 2048 MB CXL memory at 0x7945f9400000
[aggressor] GO
[victim] interim: IPC=0.043  L2miss_rate=90.63%  iters=581
[victim] interim: IPC=0.039  L2miss_rate=94.82%  iters=1052
[victim] interim: IPC=0.037  L2miss_rate=96.43%  iters=1524
[victim] interim: IPC=0.037  L2miss_rate=97.27%  iters=1998
[victim] interim: IPC=0.036  L2miss_rate=97.79%  iters=2470
[victim] interim: IPC=0.036  L2miss_rate=98.15%  iters=2942
[victim] interim: IPC=0.036  L2miss_rate=98.40%  iters=3412
[victim] interim: IPC=0.036  L2miss_rate=98.60%  iters=3885
[victim] interim: IPC=0.036  L2miss_rate=98.75%  iters=4357
[victim] interim: IPC=0.036  L2miss_rate=98.87%  iters=4825
[victim] interim: IPC=0.035  L2miss_rate=98.97%  iters=5293
[victim] interim: IPC=0.035  L2miss_rate=99.05%  iters=5762
[victim] interim: IPC=0.035  L2miss_rate=99.13%  iters=6233
[victim] interim: IPC=0.035  L2miss_rate=99.19%  iters=6705
[victim] DONE: IPC=0.0353  L2_miss=99.24%
VICTIM core=128 ipc=0.0353 l2_miss_rate=99.24 cycles=33332709182 insns=1175920797 l2_hit=3571875 l2_miss=466574865 iters=7172 sec=15.00
thread  0  core 136  3.11 GB/s  (15.023 s)
thread  1  core 137  3.11 GB/s  (15.015 s)
thread  2  core 138  3.18 GB/s  (15.049 s)
thread  3  core 139  3.18 GB/s  (15.034 s)
thread  4  core 140  3.09 GB/s  (15.011 s)
thread  5  core 141  3.09 GB/s  (15.034 s)
thread  6  core 142  3.10 GB/s  (15.049 s)
thread  7  core 143  3.09 GB/s  (15.040 s)
---
aggregate: 24.92 GB/s  (8 threads, mode=wb_load)
RESULT mode=wb_load threads=8 bw_gbps=24.919 throttle=0
=== CORUN_RC profile=chase placement=B_diff_ccd_same_socket run=3 mode=wb_load victim_rc=0 aggressor_rc=0 ===
=== CORUN profile=chase placement=B_diff_ccd_same_socket run=3 mode=wc_ntdqa threads=8 vcore=128 vnode=1 cores=136,137,138,139,140,141,142,143 START ===
[victim] core=128 node=1 ws=4096 KB duration=15 warmup=5 chase=1
[victim] warming up for 5 s …
[aggressor] mode=wc_ntdqa threads=8 bufsz=256MB/thread throttle=0 MBps
[aggressor] mapped 2048 MB CXL memory at 0x736a56600000
[victim] measuring for 15 s …
[aggressor] GO
[victim] interim: IPC=0.045  L2miss_rate=86.62%  iters=614
[victim] interim: IPC=0.045  L2miss_rate=86.46%  iters=1229
[victim] interim: IPC=0.045  L2miss_rate=86.41%  iters=1845
[victim] interim: IPC=0.045  L2miss_rate=86.38%  iters=2462
[victim] interim: IPC=0.045  L2miss_rate=86.37%  iters=3079
[victim] interim: IPC=0.045  L2miss_rate=86.35%  iters=3696
[victim] interim: IPC=0.045  L2miss_rate=86.35%  iters=4313
[victim] interim: IPC=0.045  L2miss_rate=86.34%  iters=4930
[victim] interim: IPC=0.045  L2miss_rate=86.34%  iters=5547
[victim] interim: IPC=0.045  L2miss_rate=86.33%  iters=6164
[victim] interim: IPC=0.045  L2miss_rate=86.33%  iters=6781
[victim] interim: IPC=0.045  L2miss_rate=86.33%  iters=7397
[victim] interim: IPC=0.045  L2miss_rate=86.32%  iters=8013
[victim] interim: IPC=0.045  L2miss_rate=86.32%  iters=8630
[victim] DONE: IPC=0.0454  L2_miss=86.32%
VICTIM core=128 ipc=0.0454 l2_miss_rate=86.32 cycles=33342092284 insns=1514477467 l2_hit=82831518 l2_miss=522674191 iters=9237 sec=15.00
thread  0  core 136  2.24 GB/s  (15.086 s)
thread  1  core 137  2.24 GB/s  (15.088 s)
thread  2  core 138  2.23 GB/s  (15.026 s)
thread  3  core 139  2.23 GB/s  (15.039 s)
thread  4  core 140  2.23 GB/s  (15.054 s)
thread  5  core 141  2.23 GB/s  (15.059 s)
thread  6  core 142  2.23 GB/s  (15.065 s)
thread  7  core 143  2.23 GB/s  (15.073 s)
---
aggregate: 17.83 GB/s  (8 threads, mode=wc_ntdqa)
RESULT mode=wc_ntdqa threads=8 bw_gbps=17.827 throttle=0
=== CORUN_RC profile=chase placement=B_diff_ccd_same_socket run=3 mode=wc_ntdqa victim_rc=0 aggressor_rc=0 ===
=== BLOCK_END profile=chase placement=B_diff_ccd_same_socket run=3 ===
=== BLOCK_START profile=chase placement=B_diff_ccd_same_socket run=4 notes=different CCD same socket ===
=== BASELINE profile=chase placement=B_diff_ccd_same_socket run=4 vcore=128 vnode=1 START ===
[victim] core=128 node=1 ws=4096 KB duration=15 warmup=5 chase=1
[victim] warming up for 5 s …
[victim] measuring for 15 s …
[victim] interim: IPC=0.045  L2miss_rate=88.77%  iters=611
[victim] interim: IPC=0.045  L2miss_rate=88.77%  iters=1220
[victim] interim: IPC=0.045  L2miss_rate=88.77%  iters=1830
[victim] interim: IPC=0.045  L2miss_rate=88.77%  iters=2439
[victim] interim: IPC=0.045  L2miss_rate=88.77%  iters=3048
[victim] interim: IPC=0.045  L2miss_rate=88.77%  iters=3657
[victim] interim: IPC=0.045  L2miss_rate=88.77%  iters=4266
[victim] interim: IPC=0.045  L2miss_rate=88.77%  iters=4875
[victim] interim: IPC=0.045  L2miss_rate=88.77%  iters=5484
[victim] interim: IPC=0.045  L2miss_rate=88.77%  iters=6093
[victim] interim: IPC=0.045  L2miss_rate=88.77%  iters=6701
[victim] interim: IPC=0.045  L2miss_rate=88.77%  iters=7310
[victim] interim: IPC=0.045  L2miss_rate=88.77%  iters=7919
[victim] interim: IPC=0.045  L2miss_rate=88.77%  iters=8528
[victim] DONE: IPC=0.0448  L2_miss=88.77%
VICTIM core=128 ipc=0.0448 l2_miss_rate=88.77 cycles=33387396470 insns=1496934972 l2_hit=67189941 l2_miss=531298944 iters=9130 sec=15.00
=== BASELINE_RC profile=chase placement=B_diff_ccd_same_socket run=4 rc=0 ===
--- mode_order=wc_ntdqa wb_load ---
=== CORUN profile=chase placement=B_diff_ccd_same_socket run=4 mode=wc_ntdqa threads=8 vcore=128 vnode=1 cores=136,137,138,139,140,141,142,143 START ===
[victim] core=128 node=1 ws=4096 KB duration=15 warmup=5 chase=1
[victim] warming up for 5 s …
[aggressor] mode=wc_ntdqa threads=8 bufsz=256MB/thread throttle=0 MBps
[aggressor] mapped 2048 MB CXL memory at 0x7d205a400000
[victim] measuring for 15 s …
[aggressor] GO
[victim] interim: IPC=0.045  L2miss_rate=85.93%  iters=618
[victim] interim: IPC=0.046  L2miss_rate=85.86%  iters=1237
[victim] interim: IPC=0.046  L2miss_rate=85.84%  iters=1856
[victim] interim: IPC=0.046  L2miss_rate=85.83%  iters=2475
[victim] interim: IPC=0.046  L2miss_rate=85.83%  iters=3094
[victim] interim: IPC=0.046  L2miss_rate=85.82%  iters=3713
[victim] interim: IPC=0.046  L2miss_rate=85.82%  iters=4331
[victim] interim: IPC=0.046  L2miss_rate=85.82%  iters=4950
[victim] interim: IPC=0.046  L2miss_rate=85.81%  iters=5567
[victim] interim: IPC=0.046  L2miss_rate=85.81%  iters=6186
[victim] interim: IPC=0.046  L2miss_rate=85.81%  iters=6805
[victim] interim: IPC=0.046  L2miss_rate=85.81%  iters=7424
[victim] interim: IPC=0.046  L2miss_rate=85.81%  iters=8042
[victim] interim: IPC=0.046  L2miss_rate=85.81%  iters=8661
[victim] DONE: IPC=0.0456  L2_miss=85.81%
VICTIM core=128 ipc=0.0456 l2_miss_rate=85.81 cycles=33346635091 insns=1520052106 l2_hit=86243600 l2_miss=521488549 iters=9271 sec=15.00
thread  0  core 136  2.24 GB/s  (15.077 s)
thread  1  core 137  2.24 GB/s  (15.004 s)
thread  2  core 138  2.23 GB/s  (15.025 s)
thread  3  core 139  2.23 GB/s  (15.035 s)
thread  4  core 140  2.23 GB/s  (15.044 s)
thread  5  core 141  2.23 GB/s  (15.049 s)
thread  6  core 142  2.23 GB/s  (15.051 s)
thread  7  core 143  2.23 GB/s  (15.061 s)
---
aggregate: 17.82 GB/s  (8 threads, mode=wc_ntdqa)
RESULT mode=wc_ntdqa threads=8 bw_gbps=17.823 throttle=0
=== CORUN_RC profile=chase placement=B_diff_ccd_same_socket run=4 mode=wc_ntdqa victim_rc=0 aggressor_rc=0 ===
=== CORUN profile=chase placement=B_diff_ccd_same_socket run=4 mode=wb_load threads=8 vcore=128 vnode=1 cores=136,137,138,139,140,141,142,143 START ===
[victim] core=128 node=1 ws=4096 KB duration=15 warmup=5 chase=1
[victim] warming up for 5 s …
[aggressor] mode=wb_load threads=8 bufsz=256MB/thread throttle=0 MBps
[victim] measuring for 15 s …
[aggressor] mapped 2048 MB CXL memory at 0x7e0d97000000
[aggressor] GO
[victim] interim: IPC=0.042  L2miss_rate=89.53%  iters=572
[victim] interim: IPC=0.038  L2miss_rate=94.25%  iters=1042
[victim] interim: IPC=0.037  L2miss_rate=96.05%  iters=1515
[victim] interim: IPC=0.037  L2miss_rate=96.99%  iters=1987
[victim] interim: IPC=0.036  L2miss_rate=97.56%  iters=2453
[victim] interim: IPC=0.036  L2miss_rate=97.95%  iters=2926
[victim] interim: IPC=0.036  L2miss_rate=98.23%  iters=3392
[victim] interim: IPC=0.036  L2miss_rate=98.45%  iters=3862
[victim] interim: IPC=0.035  L2miss_rate=98.62%  iters=4332
[victim] interim: IPC=0.035  L2miss_rate=98.75%  iters=4803
[victim] interim: IPC=0.035  L2miss_rate=98.86%  iters=5275
[victim] interim: IPC=0.035  L2miss_rate=98.96%  iters=5749
[victim] interim: IPC=0.035  L2miss_rate=99.04%  iters=6220
[victim] interim: IPC=0.035  L2miss_rate=99.10%  iters=6693
[victim] DONE: IPC=0.0352  L2_miss=99.16%
VICTIM core=128 ipc=0.0352 l2_miss_rate=99.16 cycles=33325899994 insns=1173953435 l2_hit=3928001 l2_miss=465429823 iters=7160 sec=15.00
thread  0  core 136  3.10 GB/s  (15.043 s)
thread  1  core 137  3.11 GB/s  (15.038 s)
thread  2  core 138  3.16 GB/s  (15.022 s)
thread  3  core 139  3.17 GB/s  (15.002 s)
thread  4  core 140  3.09 GB/s  (15.034 s)
thread  5  core 141  3.09 GB/s  (15.042 s)
thread  6  core 142  3.09 GB/s  (15.025 s)
thread  7  core 143  3.09 GB/s  (15.047 s)
---
aggregate: 24.87 GB/s  (8 threads, mode=wb_load)
RESULT mode=wb_load threads=8 bw_gbps=24.869 throttle=0
=== CORUN_RC profile=chase placement=B_diff_ccd_same_socket run=4 mode=wb_load victim_rc=0 aggressor_rc=0 ===
=== BLOCK_END profile=chase placement=B_diff_ccd_same_socket run=4 ===
=== BLOCK_START profile=chase placement=B_diff_ccd_same_socket run=5 notes=different CCD same socket ===
=== BASELINE profile=chase placement=B_diff_ccd_same_socket run=5 vcore=128 vnode=1 START ===
[victim] core=128 node=1 ws=4096 KB duration=15 warmup=5 chase=1
[victim] warming up for 5 s …
[victim] measuring for 15 s …
[victim] interim: IPC=0.046  L2miss_rate=85.72%  iters=622
[victim] interim: IPC=0.046  L2miss_rate=85.72%  iters=1243
[victim] interim: IPC=0.046  L2miss_rate=85.72%  iters=1864
[victim] interim: IPC=0.046  L2miss_rate=85.72%  iters=2484
[victim] interim: IPC=0.046  L2miss_rate=85.73%  iters=3104
[victim] interim: IPC=0.046  L2miss_rate=85.72%  iters=3725
[victim] interim: IPC=0.046  L2miss_rate=85.72%  iters=4346
[victim] interim: IPC=0.046  L2miss_rate=85.72%  iters=4967
[victim] interim: IPC=0.046  L2miss_rate=85.72%  iters=5588
[victim] interim: IPC=0.046  L2miss_rate=85.72%  iters=6209
[victim] interim: IPC=0.046  L2miss_rate=85.72%  iters=6830
[victim] interim: IPC=0.046  L2miss_rate=85.72%  iters=7451
[victim] interim: IPC=0.046  L2miss_rate=85.72%  iters=8072
[victim] interim: IPC=0.046  L2miss_rate=85.72%  iters=8693
[victim] DONE: IPC=0.0457  L2_miss=85.72%
VICTIM core=128 ipc=0.0457 l2_miss_rate=85.72 cycles=33383127644 insns=1525790164 l2_hit=87086434 l2_miss=522941377 iters=9306 sec=15.00
=== BASELINE_RC profile=chase placement=B_diff_ccd_same_socket run=5 rc=0 ===
--- mode_order=wc_ntdqa wb_load ---
=== CORUN profile=chase placement=B_diff_ccd_same_socket run=5 mode=wc_ntdqa threads=8 vcore=128 vnode=1 cores=136,137,138,139,140,141,142,143 START ===
[victim] core=128 node=1 ws=4096 KB duration=15 warmup=5 chase=1
[victim] warming up for 5 s …
[aggressor] mode=wc_ntdqa threads=8 bufsz=256MB/thread throttle=0 MBps
[aggressor] mapped 2048 MB CXL memory at 0x79c96cc00000
[victim] measuring for 15 s …
[aggressor] GO
[victim] interim: IPC=0.046  L2miss_rate=85.17%  iters=620
[victim] interim: IPC=0.046  L2miss_rate=85.12%  iters=1242
[victim] interim: IPC=0.046  L2miss_rate=85.10%  iters=1862
[victim] interim: IPC=0.046  L2miss_rate=85.09%  iters=2483
[victim] interim: IPC=0.046  L2miss_rate=85.08%  iters=3105
[victim] interim: IPC=0.046  L2miss_rate=85.08%  iters=3726
[victim] interim: IPC=0.046  L2miss_rate=85.06%  iters=4348
[victim] interim: IPC=0.046  L2miss_rate=85.06%  iters=4969
[victim] interim: IPC=0.046  L2miss_rate=85.06%  iters=5590
[victim] interim: IPC=0.046  L2miss_rate=85.06%  iters=6211
[victim] interim: IPC=0.046  L2miss_rate=85.07%  iters=6833
[victim] interim: IPC=0.046  L2miss_rate=85.07%  iters=7454
[victim] interim: IPC=0.046  L2miss_rate=85.05%  iters=8075
[victim] interim: IPC=0.046  L2miss_rate=85.04%  iters=8697
[victim] DONE: IPC=0.0458  L2_miss=85.05%
VICTIM core=128 ipc=0.0458 l2_miss_rate=85.05 cycles=33335019889 insns=1526609822 l2_hit=91270717 l2_miss=519083084 iters=9311 sec=15.00
thread  0  core 136  2.24 GB/s  (15.088 s)
thread  1  core 137  2.24 GB/s  (15.085 s)
thread  2  core 138  2.23 GB/s  (15.024 s)
thread  3  core 139  2.23 GB/s  (15.041 s)
thread  4  core 140  2.23 GB/s  (15.060 s)
thread  5  core 141  2.23 GB/s  (15.058 s)
thread  6  core 142  2.23 GB/s  (15.068 s)
thread  7  core 143  2.23 GB/s  (15.076 s)
---
aggregate: 17.83 GB/s  (8 threads, mode=wc_ntdqa)
RESULT mode=wc_ntdqa threads=8 bw_gbps=17.827 throttle=0
=== CORUN_RC profile=chase placement=B_diff_ccd_same_socket run=5 mode=wc_ntdqa victim_rc=0 aggressor_rc=0 ===
=== CORUN profile=chase placement=B_diff_ccd_same_socket run=5 mode=wb_load threads=8 vcore=128 vnode=1 cores=136,137,138,139,140,141,142,143 START ===
[victim] core=128 node=1 ws=4096 KB duration=15 warmup=5 chase=1
[victim] warming up for 5 s …
[aggressor] mode=wb_load threads=8 bufsz=256MB/thread throttle=0 MBps
[victim] measuring for 15 s …
[aggressor] mapped 2048 MB CXL memory at 0x7c07b7600000
[aggressor] GO
[victim] interim: IPC=0.043  L2miss_rate=90.19%  iters=583
[victim] interim: IPC=0.039  L2miss_rate=94.58%  iters=1054
[victim] interim: IPC=0.037  L2miss_rate=96.25%  iters=1524
[victim] interim: IPC=0.037  L2miss_rate=97.14%  iters=1998
[victim] interim: IPC=0.036  L2miss_rate=97.68%  iters=2468
[victim] interim: IPC=0.036  L2miss_rate=98.05%  iters=2939
[victim] interim: IPC=0.036  L2miss_rate=98.32%  iters=3411
[victim] interim: IPC=0.036  L2miss_rate=98.53%  iters=3883
[victim] interim: IPC=0.036  L2miss_rate=98.69%  iters=4356
[victim] interim: IPC=0.036  L2miss_rate=98.82%  iters=4829
[victim] interim: IPC=0.036  L2miss_rate=98.92%  iters=5300
[victim] interim: IPC=0.035  L2miss_rate=99.01%  iters=5770
[victim] interim: IPC=0.035  L2miss_rate=99.08%  iters=6245
[victim] interim: IPC=0.035  L2miss_rate=99.15%  iters=6717
[victim] DONE: IPC=0.0353  L2_miss=99.20%
VICTIM core=128 ipc=0.0353 l2_miss_rate=99.20 cycles=33324871287 insns=1177232421 l2_hit=3749551 l2_miss=466925063 iters=7180 sec=15.00
thread  0  core 136  3.11 GB/s  (15.023 s)
thread  1  core 137  3.11 GB/s  (15.038 s)
thread  2  core 138  3.16 GB/s  (15.030 s)
thread  3  core 139  3.18 GB/s  (15.039 s)
thread  4  core 140  3.09 GB/s  (15.022 s)
thread  5  core 141  3.09 GB/s  (15.042 s)
thread  6  core 142  3.09 GB/s  (15.020 s)
thread  7  core 143  3.09 GB/s  (15.043 s)
---
aggregate: 24.89 GB/s  (8 threads, mode=wb_load)
RESULT mode=wb_load threads=8 bw_gbps=24.893 throttle=0
=== CORUN_RC profile=chase placement=B_diff_ccd_same_socket run=5 mode=wb_load victim_rc=0 aggressor_rc=0 ===
=== BLOCK_END profile=chase placement=B_diff_ccd_same_socket run=5 ===
=== BLOCK_START profile=chase placement=C_diff_socket run=1 notes=victim socket0 aggressor socket1 ===
=== BASELINE profile=chase placement=C_diff_socket run=1 vcore=0 vnode=0 START ===
[victim] core=0 node=0 ws=4096 KB duration=15 warmup=5 chase=1
[victim] warming up for 5 s …
[victim] measuring for 15 s …
[victim] interim: IPC=0.045  L2miss_rate=87.15%  iters=617
[victim] interim: IPC=0.045  L2miss_rate=87.15%  iters=1233
[victim] interim: IPC=0.045  L2miss_rate=87.15%  iters=1848
[victim] interim: IPC=0.045  L2miss_rate=87.15%  iters=2464
[victim] interim: IPC=0.045  L2miss_rate=87.15%  iters=3080
[victim] interim: IPC=0.045  L2miss_rate=87.15%  iters=3695
[victim] interim: IPC=0.045  L2miss_rate=87.15%  iters=4311
[victim] interim: IPC=0.045  L2miss_rate=87.15%  iters=4927
[victim] interim: IPC=0.045  L2miss_rate=87.15%  iters=5541
[victim] interim: IPC=0.045  L2miss_rate=87.15%  iters=6157
[victim] interim: IPC=0.045  L2miss_rate=87.15%  iters=6773
[victim] interim: IPC=0.045  L2miss_rate=87.15%  iters=7389
[victim] interim: IPC=0.045  L2miss_rate=87.15%  iters=8005
[victim] interim: IPC=0.045  L2miss_rate=87.15%  iters=8621
[victim] DONE: IPC=0.0453  L2_miss=87.15%
VICTIM core=0 ipc=0.0453 l2_miss_rate=87.15 cycles=33399085629 insns=1512837702 l2_hit=77721290 l2_miss=527127489 iters=9227 sec=15.00
=== BASELINE_RC profile=chase placement=C_diff_socket run=1 rc=0 ===
--- mode_order=wb_load wc_ntdqa ---
=== CORUN profile=chase placement=C_diff_socket run=1 mode=wb_load threads=8 vcore=0 vnode=0 cores=136,137,138,139,140,141,142,143 START ===
[victim] core=0 node=0 ws=4096 KB duration=15 warmup=5 chase=1
[victim] warming up for 5 s …
[aggressor] mode=wb_load threads=8 bufsz=256MB/thread throttle=0 MBps
[victim] measuring for 15 s …
[aggressor] mapped 2048 MB CXL memory at 0x7190f2000000
[aggressor] GO
[victim] interim: IPC=0.045  L2miss_rate=85.75%  iters=606
[victim] interim: IPC=0.045  L2miss_rate=85.87%  iters=1211
[victim] interim: IPC=0.045  L2miss_rate=85.83%  iters=1817
[victim] interim: IPC=0.045  L2miss_rate=85.84%  iters=2422
[victim] interim: IPC=0.045  L2miss_rate=85.86%  iters=3027
[victim] interim: IPC=0.045  L2miss_rate=85.85%  iters=3632
[victim] interim: IPC=0.045  L2miss_rate=85.84%  iters=4236
[victim] interim: IPC=0.045  L2miss_rate=85.90%  iters=4840
[victim] interim: IPC=0.045  L2miss_rate=86.05%  iters=5441
[victim] interim: IPC=0.045  L2miss_rate=86.20%  iters=6055
[victim] interim: IPC=0.045  L2miss_rate=86.17%  iters=6663
[victim] interim: IPC=0.045  L2miss_rate=86.13%  iters=7269
[victim] interim: IPC=0.045  L2miss_rate=86.10%  iters=7875
[victim] interim: IPC=0.045  L2miss_rate=86.08%  iters=8481
[victim] DONE: IPC=0.0446  L2_miss=86.05%
VICTIM core=0 ipc=0.0446 l2_miss_rate=86.05 cycles=33375368187 insns=1488573704 l2_hit=83000553 l2_miss=512149716 iters=9079 sec=15.00
thread  0  core 136  3.09 GB/s  (15.020 s)
thread  1  core 137  3.11 GB/s  (15.023 s)
thread  2  core 138  3.17 GB/s  (15.003 s)
thread  3  core 139  3.16 GB/s  (15.020 s)
thread  4  core 140  3.09 GB/s  (15.027 s)
thread  5  core 141  3.09 GB/s  (15.037 s)
thread  6  core 142  3.09 GB/s  (15.028 s)
thread  7  core 143  3.09 GB/s  (15.041 s)
---
aggregate: 24.86 GB/s  (8 threads, mode=wb_load)
RESULT mode=wb_load threads=8 bw_gbps=24.861 throttle=0
=== CORUN_RC profile=chase placement=C_diff_socket run=1 mode=wb_load victim_rc=0 aggressor_rc=0 ===
=== CORUN profile=chase placement=C_diff_socket run=1 mode=wc_ntdqa threads=8 vcore=0 vnode=0 cores=136,137,138,139,140,141,142,143 START ===
[victim] core=0 node=0 ws=4096 KB duration=15 warmup=5 chase=1
[victim] warming up for 5 s …
[aggressor] mode=wc_ntdqa threads=8 bufsz=256MB/thread throttle=0 MBps
[aggressor] mapped 2048 MB CXL memory at 0x764e55600000
[victim] measuring for 15 s …
[aggressor] GO
[victim] interim: IPC=0.045  L2miss_rate=85.15%  iters=609
[victim] interim: IPC=0.045  L2miss_rate=85.47%  iters=1214
[victim] interim: IPC=0.045  L2miss_rate=85.37%  iters=1823
[victim] interim: IPC=0.045  L2miss_rate=85.24%  iters=2433
[victim] interim: IPC=0.045  L2miss_rate=85.21%  iters=3040
[victim] interim: IPC=0.045  L2miss_rate=85.16%  iters=3650
[victim] interim: IPC=0.045  L2miss_rate=85.16%  iters=4259
[victim] interim: IPC=0.045  L2miss_rate=85.15%  iters=4867
[victim] interim: IPC=0.045  L2miss_rate=85.15%  iters=5476
[victim] interim: IPC=0.045  L2miss_rate=85.15%  iters=6085
[victim] interim: IPC=0.045  L2miss_rate=85.15%  iters=6694
[victim] interim: IPC=0.045  L2miss_rate=85.15%  iters=7303
[victim] interim: IPC=0.045  L2miss_rate=85.15%  iters=7912
[victim] interim: IPC=0.045  L2miss_rate=85.15%  iters=8521
[victim] DONE: IPC=0.0448  L2_miss=85.15%
VICTIM core=0 ipc=0.0448 l2_miss_rate=85.15 cycles=33366897921 insns=1495459551 l2_hit=88809864 l2_miss=509093494 iters=9121 sec=15.00
thread  0  core 136  2.24 GB/s  (15.083 s)
thread  1  core 137  2.24 GB/s  (15.081 s)
thread  2  core 138  2.23 GB/s  (15.022 s)
thread  3  core 139  2.23 GB/s  (15.036 s)
thread  4  core 140  2.23 GB/s  (15.056 s)
thread  5  core 141  2.23 GB/s  (15.054 s)
thread  6  core 142  2.23 GB/s  (15.060 s)
thread  7  core 143  2.23 GB/s  (15.067 s)
---
aggregate: 17.83 GB/s  (8 threads, mode=wc_ntdqa)
RESULT mode=wc_ntdqa threads=8 bw_gbps=17.833 throttle=0
=== CORUN_RC profile=chase placement=C_diff_socket run=1 mode=wc_ntdqa victim_rc=0 aggressor_rc=0 ===
=== BLOCK_END profile=chase placement=C_diff_socket run=1 ===
=== BLOCK_START profile=chase placement=C_diff_socket run=2 notes=victim socket0 aggressor socket1 ===
=== BASELINE profile=chase placement=C_diff_socket run=2 vcore=0 vnode=0 START ===
[victim] core=0 node=0 ws=4096 KB duration=15 warmup=5 chase=1
[victim] warming up for 5 s …
[victim] measuring for 15 s …
[victim] interim: IPC=0.045  L2miss_rate=85.71%  iters=607
[victim] interim: IPC=0.045  L2miss_rate=85.71%  iters=1213
[victim] interim: IPC=0.045  L2miss_rate=85.71%  iters=1818
[victim] interim: IPC=0.045  L2miss_rate=85.71%  iters=2425
[victim] interim: IPC=0.045  L2miss_rate=85.71%  iters=3032
[victim] interim: IPC=0.045  L2miss_rate=85.71%  iters=3638
[victim] interim: IPC=0.045  L2miss_rate=85.71%  iters=4244
[victim] interim: IPC=0.045  L2miss_rate=85.71%  iters=4851
[victim] interim: IPC=0.045  L2miss_rate=85.71%  iters=5458
[victim] interim: IPC=0.045  L2miss_rate=85.71%  iters=6065
[victim] interim: IPC=0.045  L2miss_rate=85.71%  iters=6671
[victim] interim: IPC=0.045  L2miss_rate=85.71%  iters=7278
[victim] interim: IPC=0.045  L2miss_rate=85.71%  iters=7883
[victim] interim: IPC=0.045  L2miss_rate=85.71%  iters=8490
[victim] DONE: IPC=0.0446  L2_miss=85.71%
VICTIM core=0 ipc=0.0446 l2_miss_rate=85.71 cycles=33394991624 insns=1489885223 l2_hit=85147824 l2_miss=510536225 iters=9087 sec=15.00
=== BASELINE_RC profile=chase placement=C_diff_socket run=2 rc=0 ===
--- mode_order=wb_load wc_ntdqa ---
=== CORUN profile=chase placement=C_diff_socket run=2 mode=wb_load threads=8 vcore=0 vnode=0 cores=136,137,138,139,140,141,142,143 START ===
[victim] core=0 node=0 ws=4096 KB duration=15 warmup=5 chase=1
[victim] warming up for 5 s …
[aggressor] mode=wb_load threads=8 bufsz=256MB/thread throttle=0 MBps
[victim] measuring for 15 s …
[aggressor] mapped 2048 MB CXL memory at 0x743431000000
[aggressor] GO
[victim] interim: IPC=0.045  L2miss_rate=84.63%  iters=611
[victim] interim: IPC=0.045  L2miss_rate=84.64%  iters=1222
[victim] interim: IPC=0.045  L2miss_rate=84.63%  iters=1834
[victim] interim: IPC=0.045  L2miss_rate=84.63%  iters=2445
[victim] interim: IPC=0.045  L2miss_rate=84.63%  iters=3056
[victim] interim: IPC=0.045  L2miss_rate=84.63%  iters=3667
[victim] interim: IPC=0.045  L2miss_rate=84.63%  iters=4278
[victim] interim: IPC=0.045  L2miss_rate=84.63%  iters=4889
[victim] interim: IPC=0.045  L2miss_rate=84.63%  iters=5500
[victim] interim: IPC=0.045  L2miss_rate=84.63%  iters=6111
[victim] interim: IPC=0.045  L2miss_rate=84.63%  iters=6721
[victim] interim: IPC=0.045  L2miss_rate=84.63%  iters=7332
[victim] interim: IPC=0.045  L2miss_rate=84.63%  iters=7944
[victim] interim: IPC=0.045  L2miss_rate=84.63%  iters=8555
[victim] DONE: IPC=0.0450  L2_miss=84.63%
VICTIM core=0 ipc=0.0450 l2_miss_rate=84.63 cycles=33376747299 insns=1502017388 l2_hit=92282417 l2_miss=508239206 iters=9161 sec=15.00
thread  0  core 136  3.09 GB/s  (15.024 s)
thread  1  core 137  3.09 GB/s  (15.014 s)
thread  2  core 138  3.16 GB/s  (15.047 s)
thread  3  core 139  3.16 GB/s  (15.030 s)
thread  4  core 140  3.08 GB/s  (15.002 s)
thread  5  core 141  3.07 GB/s  (15.030 s)
thread  6  core 142  3.09 GB/s  (15.047 s)
thread  7  core 143  3.07 GB/s  (15.040 s)
---
aggregate: 24.78 GB/s  (8 threads, mode=wb_load)
RESULT mode=wb_load threads=8 bw_gbps=24.779 throttle=0
=== CORUN_RC profile=chase placement=C_diff_socket run=2 mode=wb_load victim_rc=0 aggressor_rc=0 ===
=== CORUN profile=chase placement=C_diff_socket run=2 mode=wc_ntdqa threads=8 vcore=0 vnode=0 cores=136,137,138,139,140,141,142,143 START ===
[victim] core=0 node=0 ws=4096 KB duration=15 warmup=5 chase=1
[victim] warming up for 5 s …
[aggressor] mode=wc_ntdqa threads=8 bufsz=256MB/thread throttle=0 MBps
[aggressor] mapped 2048 MB CXL memory at 0x706e43200000
[victim] measuring for 15 s …
[aggressor] GO
[victim] interim: IPC=0.044  L2miss_rate=86.58%  iters=603
[victim] interim: IPC=0.044  L2miss_rate=86.58%  iters=1205
[victim] interim: IPC=0.044  L2miss_rate=86.58%  iters=1807
[victim] interim: IPC=0.044  L2miss_rate=86.58%  iters=2409
[victim] interim: IPC=0.044  L2miss_rate=86.58%  iters=3011
[victim] interim: IPC=0.044  L2miss_rate=86.58%  iters=3613
[victim] interim: IPC=0.044  L2miss_rate=86.58%  iters=4215
[victim] interim: IPC=0.044  L2miss_rate=86.58%  iters=4818
[victim] interim: IPC=0.044  L2miss_rate=86.58%  iters=5419
[victim] interim: IPC=0.044  L2miss_rate=86.58%  iters=6021
[victim] interim: IPC=0.044  L2miss_rate=86.58%  iters=6623
[victim] interim: IPC=0.044  L2miss_rate=86.58%  iters=7225
[victim] interim: IPC=0.044  L2miss_rate=86.58%  iters=7827
[victim] interim: IPC=0.044  L2miss_rate=86.58%  iters=8429
[victim] DONE: IPC=0.0443  L2_miss=86.58%
VICTIM core=0 ipc=0.0443 l2_miss_rate=86.58 cycles=33374948961 insns=1479883815 l2_hit=79393220 l2_miss=512281636 iters=9026 sec=15.00
thread  0  core 136  2.24 GB/s  (15.003 s)
thread  1  core 137  2.24 GB/s  (15.078 s)
thread  2  core 138  2.23 GB/s  (15.022 s)
thread  3  core 139  2.23 GB/s  (15.035 s)
thread  4  core 140  2.23 GB/s  (15.047 s)
thread  5  core 141  2.23 GB/s  (15.048 s)
thread  6  core 142  2.23 GB/s  (15.052 s)
thread  7  core 143  2.23 GB/s  (15.058 s)
---
aggregate: 17.82 GB/s  (8 threads, mode=wc_ntdqa)
RESULT mode=wc_ntdqa threads=8 bw_gbps=17.821 throttle=0
=== CORUN_RC profile=chase placement=C_diff_socket run=2 mode=wc_ntdqa victim_rc=0 aggressor_rc=0 ===
=== BLOCK_END profile=chase placement=C_diff_socket run=2 ===
=== BLOCK_START profile=chase placement=C_diff_socket run=3 notes=victim socket0 aggressor socket1 ===
=== BASELINE profile=chase placement=C_diff_socket run=3 vcore=0 vnode=0 START ===
[victim] core=0 node=0 ws=4096 KB duration=15 warmup=5 chase=1
[victim] warming up for 5 s …
[victim] measuring for 15 s …
[victim] interim: IPC=0.046  L2miss_rate=84.58%  iters=627
[victim] interim: IPC=0.046  L2miss_rate=84.58%  iters=1253
[victim] interim: IPC=0.046  L2miss_rate=84.58%  iters=1879
[victim] interim: IPC=0.046  L2miss_rate=84.58%  iters=2505
[victim] interim: IPC=0.046  L2miss_rate=84.58%  iters=3132
[victim] interim: IPC=0.046  L2miss_rate=84.58%  iters=3758
[victim] interim: IPC=0.046  L2miss_rate=84.58%  iters=4382
[victim] interim: IPC=0.046  L2miss_rate=84.60%  iters=5008
[victim] interim: IPC=0.046  L2miss_rate=84.60%  iters=5634
[victim] interim: IPC=0.046  L2miss_rate=84.60%  iters=6260
[victim] interim: IPC=0.046  L2miss_rate=84.60%  iters=6886
[victim] interim: IPC=0.046  L2miss_rate=84.60%  iters=7511
[victim] interim: IPC=0.046  L2miss_rate=84.60%  iters=8137
[victim] interim: IPC=0.046  L2miss_rate=84.60%  iters=8763
[victim] DONE: IPC=0.0461  L2_miss=84.59%
VICTIM core=0 ipc=0.0461 l2_miss_rate=84.59 cycles=33398100368 insns=1538086381 l2_hit=94732649 l2_miss=520208707 iters=9381 sec=15.00
=== BASELINE_RC profile=chase placement=C_diff_socket run=3 rc=0 ===
--- mode_order=wb_load wc_ntdqa ---
=== CORUN profile=chase placement=C_diff_socket run=3 mode=wb_load threads=8 vcore=0 vnode=0 cores=136,137,138,139,140,141,142,143 START ===
[victim] core=0 node=0 ws=4096 KB duration=15 warmup=5 chase=1
[victim] warming up for 5 s …
[aggressor] mode=wb_load threads=8 bufsz=256MB/thread throttle=0 MBps
[victim] measuring for 15 s …
[aggressor] mapped 2048 MB CXL memory at 0x77844d800000
[aggressor] GO
[victim] interim: IPC=0.044  L2miss_rate=86.27%  iters=604
[victim] interim: IPC=0.044  L2miss_rate=86.27%  iters=1208
[victim] interim: IPC=0.044  L2miss_rate=86.27%  iters=1812
[victim] interim: IPC=0.044  L2miss_rate=86.27%  iters=2416
[victim] interim: IPC=0.044  L2miss_rate=86.26%  iters=3018
[victim] interim: IPC=0.044  L2miss_rate=86.26%  iters=3622
[victim] interim: IPC=0.044  L2miss_rate=86.26%  iters=4226
[victim] interim: IPC=0.044  L2miss_rate=86.26%  iters=4830
[victim] interim: IPC=0.044  L2miss_rate=86.26%  iters=5434
[victim] interim: IPC=0.044  L2miss_rate=86.32%  iters=6034
[victim] interim: IPC=0.044  L2miss_rate=86.33%  iters=6637
[victim] interim: IPC=0.044  L2miss_rate=86.33%  iters=7241
[victim] interim: IPC=0.044  L2miss_rate=86.32%  iters=7845
[victim] interim: IPC=0.044  L2miss_rate=86.32%  iters=8449
[victim] DONE: IPC=0.0444  L2_miss=86.32%
VICTIM core=0 ipc=0.0444 l2_miss_rate=86.32 cycles=33376830371 insns=1482507140 l2_hit=81074539 l2_miss=511650106 iters=9042 sec=15.00
thread  0  core 136  3.09 GB/s  (15.014 s)
thread  1  core 137  3.11 GB/s  (15.031 s)
thread  2  core 138  3.16 GB/s  (15.015 s)
thread  3  core 139  3.16 GB/s  (15.020 s)
thread  4  core 140  3.09 GB/s  (15.031 s)
thread  5  core 141  3.09 GB/s  (15.038 s)
thread  6  core 142  3.09 GB/s  (15.029 s)
thread  7  core 143  3.08 GB/s  (15.004 s)
---
aggregate: 24.85 GB/s  (8 threads, mode=wb_load)
RESULT mode=wb_load threads=8 bw_gbps=24.848 throttle=0
=== CORUN_RC profile=chase placement=C_diff_socket run=3 mode=wb_load victim_rc=0 aggressor_rc=0 ===
=== CORUN profile=chase placement=C_diff_socket run=3 mode=wc_ntdqa threads=8 vcore=0 vnode=0 cores=136,137,138,139,140,141,142,143 START ===
[victim] core=0 node=0 ws=4096 KB duration=15 warmup=5 chase=1
[victim] warming up for 5 s …
[aggressor] mode=wc_ntdqa threads=8 bufsz=256MB/thread throttle=0 MBps
[aggressor] mapped 2048 MB CXL memory at 0x71107d000000
[victim] measuring for 15 s …
[aggressor] GO
[victim] interim: IPC=0.046  L2miss_rate=84.64%  iters=627
[victim] interim: IPC=0.046  L2miss_rate=84.64%  iters=1253
[victim] interim: IPC=0.046  L2miss_rate=84.64%  iters=1877
[victim] interim: IPC=0.046  L2miss_rate=84.63%  iters=2503
[victim] interim: IPC=0.046  L2miss_rate=84.63%  iters=3129
[victim] interim: IPC=0.046  L2miss_rate=84.63%  iters=3755
[victim] interim: IPC=0.046  L2miss_rate=84.63%  iters=4380
[victim] interim: IPC=0.046  L2miss_rate=84.63%  iters=5006
[victim] interim: IPC=0.046  L2miss_rate=84.63%  iters=5632
[victim] interim: IPC=0.046  L2miss_rate=84.63%  iters=6258
[victim] interim: IPC=0.046  L2miss_rate=84.63%  iters=6884
[victim] interim: IPC=0.046  L2miss_rate=84.63%  iters=7510
[victim] interim: IPC=0.046  L2miss_rate=84.63%  iters=8134
[victim] interim: IPC=0.046  L2miss_rate=84.63%  iters=8760
[victim] DONE: IPC=0.0461  L2_miss=84.63%
VICTIM core=0 ipc=0.0461 l2_miss_rate=84.63 cycles=33370180614 insns=1537430522 l2_hit=94460220 l2_miss=520230270 iters=9377 sec=15.00
thread  0  core 136  2.24 GB/s  (15.007 s)
thread  1  core 137  2.24 GB/s  (15.077 s)
thread  2  core 138  2.24 GB/s  (15.012 s)
thread  3  core 139  2.23 GB/s  (15.031 s)
thread  4  core 140  2.23 GB/s  (15.048 s)
thread  5  core 141  2.23 GB/s  (15.053 s)
thread  6  core 142  2.23 GB/s  (15.055 s)
thread  7  core 143  2.23 GB/s  (15.062 s)
---
aggregate: 17.82 GB/s  (8 threads, mode=wc_ntdqa)
RESULT mode=wc_ntdqa threads=8 bw_gbps=17.822 throttle=0
=== CORUN_RC profile=chase placement=C_diff_socket run=3 mode=wc_ntdqa victim_rc=0 aggressor_rc=0 ===
=== BLOCK_END profile=chase placement=C_diff_socket run=3 ===
=== BLOCK_START profile=chase placement=C_diff_socket run=4 notes=victim socket0 aggressor socket1 ===
=== BASELINE profile=chase placement=C_diff_socket run=4 vcore=0 vnode=0 START ===
[victim] core=0 node=0 ws=4096 KB duration=15 warmup=5 chase=1
[victim] warming up for 5 s …
[victim] measuring for 15 s …
[victim] interim: IPC=0.046  L2miss_rate=85.21%  iters=623
[victim] interim: IPC=0.046  L2miss_rate=85.21%  iters=1247
[victim] interim: IPC=0.046  L2miss_rate=85.21%  iters=1871
[victim] interim: IPC=0.046  L2miss_rate=85.21%  iters=2495
[victim] interim: IPC=0.046  L2miss_rate=85.21%  iters=3119
[victim] interim: IPC=0.046  L2miss_rate=85.21%  iters=3742
[victim] interim: IPC=0.046  L2miss_rate=85.21%  iters=4366
[victim] interim: IPC=0.046  L2miss_rate=85.21%  iters=4990
[victim] interim: IPC=0.046  L2miss_rate=85.21%  iters=5614
[victim] interim: IPC=0.046  L2miss_rate=85.21%  iters=6238
[victim] interim: IPC=0.046  L2miss_rate=85.21%  iters=6860
[victim] interim: IPC=0.046  L2miss_rate=85.21%  iters=7484
[victim] interim: IPC=0.046  L2miss_rate=85.21%  iters=8108
[victim] interim: IPC=0.046  L2miss_rate=85.21%  iters=8731
[victim] DONE: IPC=0.0459  L2_miss=85.21%
VICTIM core=0 ipc=0.0459 l2_miss_rate=85.21 cycles=33404828391 insns=1532184029 l2_hit=90578607 l2_miss=522007390 iters=9345 sec=15.00
=== BASELINE_RC profile=chase placement=C_diff_socket run=4 rc=0 ===
--- mode_order=wc_ntdqa wb_load ---
=== CORUN profile=chase placement=C_diff_socket run=4 mode=wc_ntdqa threads=8 vcore=0 vnode=0 cores=136,137,138,139,140,141,142,143 START ===
[victim] core=0 node=0 ws=4096 KB duration=15 warmup=5 chase=1
[victim] warming up for 5 s …
[aggressor] mode=wc_ntdqa threads=8 bufsz=256MB/thread throttle=0 MBps
[aggressor] mapped 2048 MB CXL memory at 0x720ac8e00000
[victim] measuring for 15 s …
[aggressor] GO
[victim] interim: IPC=0.046  L2miss_rate=84.54%  iters=627
[victim] interim: IPC=0.046  L2miss_rate=84.54%  iters=1253
[victim] interim: IPC=0.046  L2miss_rate=84.54%  iters=1879
[victim] interim: IPC=0.046  L2miss_rate=84.54%  iters=2505
[victim] interim: IPC=0.046  L2miss_rate=84.54%  iters=3131
[victim] interim: IPC=0.046  L2miss_rate=84.54%  iters=3757
[victim] interim: IPC=0.046  L2miss_rate=84.54%  iters=4383
[victim] interim: IPC=0.046  L2miss_rate=84.54%  iters=5008
[victim] interim: IPC=0.046  L2miss_rate=84.54%  iters=5632
[victim] interim: IPC=0.046  L2miss_rate=84.54%  iters=6257
[victim] interim: IPC=0.046  L2miss_rate=84.54%  iters=6883
[victim] interim: IPC=0.046  L2miss_rate=84.54%  iters=7509
[victim] interim: IPC=0.046  L2miss_rate=84.54%  iters=8135
[victim] interim: IPC=0.046  L2miss_rate=84.54%  iters=8761
[victim] DONE: IPC=0.0461  L2_miss=84.54%
VICTIM core=0 ipc=0.0461 l2_miss_rate=84.54 cycles=33369651453 insns=1537758640 l2_hit=95056166 l2_miss=519756790 iters=9379 sec=15.00
thread  0  core 136  2.24 GB/s  (15.080 s)
thread  1  core 137  2.24 GB/s  (15.082 s)
thread  2  core 138  2.24 GB/s  (15.011 s)
thread  3  core 139  2.23 GB/s  (15.032 s)
thread  4  core 140  2.23 GB/s  (15.049 s)
thread  5  core 141  2.23 GB/s  (15.053 s)
thread  6  core 142  2.23 GB/s  (15.056 s)
thread  7  core 143  2.23 GB/s  (15.061 s)
---
aggregate: 17.83 GB/s  (8 threads, mode=wc_ntdqa)
RESULT mode=wc_ntdqa threads=8 bw_gbps=17.835 throttle=0
=== CORUN_RC profile=chase placement=C_diff_socket run=4 mode=wc_ntdqa victim_rc=0 aggressor_rc=0 ===
=== CORUN profile=chase placement=C_diff_socket run=4 mode=wb_load threads=8 vcore=0 vnode=0 cores=136,137,138,139,140,141,142,143 START ===
[victim] core=0 node=0 ws=4096 KB duration=15 warmup=5 chase=1
[victim] warming up for 5 s …
[aggressor] mode=wb_load threads=8 bufsz=256MB/thread throttle=0 MBps
[victim] measuring for 15 s …
[aggressor] mapped 2048 MB CXL memory at 0x745ac8400000
[aggressor] GO
[victim] interim: IPC=0.046  L2miss_rate=85.68%  iters=622
[victim] interim: IPC=0.046  L2miss_rate=85.68%  iters=1243
[victim] interim: IPC=0.046  L2miss_rate=85.68%  iters=1864
[victim] interim: IPC=0.046  L2miss_rate=85.68%  iters=2485
[victim] interim: IPC=0.046  L2miss_rate=85.68%  iters=3106
[victim] interim: IPC=0.046  L2miss_rate=85.68%  iters=3727
[victim] interim: IPC=0.046  L2miss_rate=85.68%  iters=4348
[victim] interim: IPC=0.046  L2miss_rate=85.68%  iters=4968
[victim] interim: IPC=0.046  L2miss_rate=85.68%  iters=5589
[victim] interim: IPC=0.046  L2miss_rate=85.68%  iters=6210
[victim] interim: IPC=0.046  L2miss_rate=85.68%  iters=6831
[victim] interim: IPC=0.046  L2miss_rate=85.68%  iters=7452
[victim] interim: IPC=0.046  L2miss_rate=85.68%  iters=8073
[victim] interim: IPC=0.046  L2miss_rate=85.68%  iters=8694
[victim] DONE: IPC=0.0457  L2_miss=85.68%
VICTIM core=0 ipc=0.0457 l2_miss_rate=85.68 cycles=33377612752 insns=1526445868 l2_hit=87394194 l2_miss=522906050 iters=9310 sec=15.00
thread  0  core 136  3.09 GB/s  (15.043 s)
thread  1  core 137  3.09 GB/s  (15.015 s)
thread  2  core 138  3.16 GB/s  (15.043 s)
thread  3  core 139  3.16 GB/s  (15.040 s)
thread  4  core 140  3.08 GB/s  (15.006 s)
thread  5  core 141  3.07 GB/s  (15.027 s)
thread  6  core 142  3.08 GB/s  (15.002 s)
thread  7  core 143  3.07 GB/s  (15.030 s)
---
aggregate: 24.77 GB/s  (8 threads, mode=wb_load)
RESULT mode=wb_load threads=8 bw_gbps=24.769 throttle=0
=== CORUN_RC profile=chase placement=C_diff_socket run=4 mode=wb_load victim_rc=0 aggressor_rc=0 ===
=== BLOCK_END profile=chase placement=C_diff_socket run=4 ===
=== BLOCK_START profile=chase placement=C_diff_socket run=5 notes=victim socket0 aggressor socket1 ===
=== BASELINE profile=chase placement=C_diff_socket run=5 vcore=0 vnode=0 START ===
[victim] core=0 node=0 ws=4096 KB duration=15 warmup=5 chase=1
[victim] warming up for 5 s …
[victim] measuring for 15 s …
[victim] interim: IPC=0.046  L2miss_rate=84.66%  iters=627
[victim] interim: IPC=0.046  L2miss_rate=84.67%  iters=1253
[victim] interim: IPC=0.046  L2miss_rate=84.66%  iters=1879
[victim] interim: IPC=0.046  L2miss_rate=84.67%  iters=2505
[victim] interim: IPC=0.046  L2miss_rate=84.67%  iters=3129
[victim] interim: IPC=0.046  L2miss_rate=84.67%  iters=3755
[victim] interim: IPC=0.046  L2miss_rate=84.67%  iters=4381
[victim] interim: IPC=0.046  L2miss_rate=84.67%  iters=5007
[victim] interim: IPC=0.046  L2miss_rate=84.67%  iters=5633
[victim] interim: IPC=0.046  L2miss_rate=84.66%  iters=6259
[victim] interim: IPC=0.046  L2miss_rate=84.66%  iters=6885
[victim] interim: IPC=0.046  L2miss_rate=84.66%  iters=7511
[victim] interim: IPC=0.046  L2miss_rate=84.66%  iters=8137
[victim] interim: IPC=0.046  L2miss_rate=84.66%  iters=8763
[victim] DONE: IPC=0.0460  L2_miss=84.66%
VICTIM core=0 ipc=0.0460 l2_miss_rate=84.66 cycles=33403010544 insns=1537594611 l2_hit=94276466 l2_miss=520471844 iters=9378 sec=15.00
=== BASELINE_RC profile=chase placement=C_diff_socket run=5 rc=0 ===
--- mode_order=wb_load wc_ntdqa ---
=== CORUN profile=chase placement=C_diff_socket run=5 mode=wb_load threads=8 vcore=0 vnode=0 cores=136,137,138,139,140,141,142,143 START ===
[victim] core=0 node=0 ws=4096 KB duration=15 warmup=5 chase=1
[victim] warming up for 5 s …
[aggressor] mode=wb_load threads=8 bufsz=256MB/thread throttle=0 MBps
[victim] measuring for 15 s …
[aggressor] mapped 2048 MB CXL memory at 0x7ba861000000
[aggressor] GO
[victim] interim: IPC=0.045  L2miss_rate=85.08%  iters=609
[victim] interim: IPC=0.045  L2miss_rate=85.08%  iters=1215
[victim] interim: IPC=0.045  L2miss_rate=85.07%  iters=1824
[victim] interim: IPC=0.045  L2miss_rate=85.07%  iters=2432
[victim] interim: IPC=0.045  L2miss_rate=85.07%  iters=3041
[victim] interim: IPC=0.045  L2miss_rate=85.07%  iters=3650
[victim] interim: IPC=0.045  L2miss_rate=85.07%  iters=4259
[victim] interim: IPC=0.045  L2miss_rate=85.07%  iters=4868
[victim] interim: IPC=0.045  L2miss_rate=85.07%  iters=5477
[victim] interim: IPC=0.045  L2miss_rate=85.07%  iters=6086
[victim] interim: IPC=0.045  L2miss_rate=85.07%  iters=6695
[victim] interim: IPC=0.045  L2miss_rate=85.07%  iters=7304
[victim] interim: IPC=0.045  L2miss_rate=85.07%  iters=7913
[victim] interim: IPC=0.045  L2miss_rate=85.07%  iters=8521
[victim] DONE: IPC=0.0448  L2_miss=85.07%
VICTIM core=0 ipc=0.0448 l2_miss_rate=85.07 cycles=33376365903 insns=1495623240 l2_hit=89270797 l2_miss=508694412 iters=9122 sec=15.00
thread  0  core 136  3.09 GB/s  (15.026 s)
thread  1  core 137  3.11 GB/s  (15.034 s)
thread  2  core 138  3.16 GB/s  (15.018 s)
thread  3  core 139  3.16 GB/s  (15.036 s)
thread  4  core 140  3.09 GB/s  (15.038 s)
thread  5  core 141  3.09 GB/s  (15.044 s)
thread  6  core 142  3.09 GB/s  (15.037 s)
thread  7  core 143  3.08 GB/s  (15.007 s)
---
aggregate: 24.84 GB/s  (8 threads, mode=wb_load)
RESULT mode=wb_load threads=8 bw_gbps=24.837 throttle=0
=== CORUN_RC profile=chase placement=C_diff_socket run=5 mode=wb_load victim_rc=0 aggressor_rc=0 ===
=== CORUN profile=chase placement=C_diff_socket run=5 mode=wc_ntdqa threads=8 vcore=0 vnode=0 cores=136,137,138,139,140,141,142,143 START ===
[victim] core=0 node=0 ws=4096 KB duration=15 warmup=5 chase=1
[victim] warming up for 5 s …
[aggressor] mode=wc_ntdqa threads=8 bufsz=256MB/thread throttle=0 MBps
[aggressor] mapped 2048 MB CXL memory at 0x7cadbb600000
[victim] measuring for 15 s …
[aggressor] GO
[victim] interim: IPC=0.045  L2miss_rate=85.69%  iters=604
[victim] interim: IPC=0.045  L2miss_rate=85.69%  iters=1210
[victim] interim: IPC=0.045  L2miss_rate=85.69%  iters=1816
[victim] interim: IPC=0.045  L2miss_rate=85.69%  iters=2422
[victim] interim: IPC=0.045  L2miss_rate=85.69%  iters=3028
[victim] interim: IPC=0.045  L2miss_rate=85.69%  iters=3634
[victim] interim: IPC=0.045  L2miss_rate=85.69%  iters=4240
[victim] interim: IPC=0.045  L2miss_rate=85.69%  iters=4846
[victim] interim: IPC=0.045  L2miss_rate=85.69%  iters=5452
[victim] interim: IPC=0.045  L2miss_rate=85.69%  iters=6058
[victim] interim: IPC=0.045  L2miss_rate=85.69%  iters=6663
[victim] interim: IPC=0.045  L2miss_rate=85.69%  iters=7269
[victim] interim: IPC=0.045  L2miss_rate=85.69%  iters=7875
[victim] interim: IPC=0.045  L2miss_rate=85.69%  iters=8481
[victim] DONE: IPC=0.0446  L2_miss=85.69%
VICTIM core=0 ipc=0.0446 l2_miss_rate=85.69 cycles=33368543143 insns=1489065650 l2_hit=85216565 l2_miss=510141134 iters=9082 sec=15.00
thread  0  core 136  2.24 GB/s  (15.081 s)
thread  1  core 137  2.24 GB/s  (15.081 s)
thread  2  core 138  2.24 GB/s  (15.009 s)
thread  3  core 139  2.23 GB/s  (15.030 s)
thread  4  core 140  2.23 GB/s  (15.046 s)
thread  5  core 141  2.23 GB/s  (15.050 s)
thread  6  core 142  2.23 GB/s  (15.060 s)
thread  7  core 143  2.23 GB/s  (15.068 s)
---
aggregate: 17.84 GB/s  (8 threads, mode=wc_ntdqa)
RESULT mode=wc_ntdqa threads=8 bw_gbps=17.835 throttle=0
=== CORUN_RC profile=chase placement=C_diff_socket run=5 mode=wc_ntdqa victim_rc=0 aggressor_rc=0 ===
=== BLOCK_END profile=chase placement=C_diff_socket run=5 ===
=== BLOCK_START profile=chase placement=D_both_sockets run=1 notes=mixed socket0/socket1 aggressors ===
=== BASELINE profile=chase placement=D_both_sockets run=1 vcore=0 vnode=0 START ===
[victim] core=0 node=0 ws=4096 KB duration=15 warmup=5 chase=1
[victim] warming up for 5 s …
[victim] measuring for 15 s …
[victim] interim: IPC=0.046  L2miss_rate=85.14%  iters=625
[victim] interim: IPC=0.046  L2miss_rate=85.14%  iters=1249
[victim] interim: IPC=0.046  L2miss_rate=85.14%  iters=1873
[victim] interim: IPC=0.046  L2miss_rate=85.14%  iters=2497
[victim] interim: IPC=0.046  L2miss_rate=85.14%  iters=3121
[victim] interim: IPC=0.046  L2miss_rate=85.14%  iters=3745
[victim] interim: IPC=0.046  L2miss_rate=85.14%  iters=4369
[victim] interim: IPC=0.046  L2miss_rate=85.14%  iters=4993
[victim] interim: IPC=0.046  L2miss_rate=85.14%  iters=5615
[victim] interim: IPC=0.046  L2miss_rate=85.14%  iters=6239
[victim] interim: IPC=0.046  L2miss_rate=85.14%  iters=6863
[victim] interim: IPC=0.046  L2miss_rate=85.14%  iters=7486
[victim] interim: IPC=0.046  L2miss_rate=85.14%  iters=8110
[victim] interim: IPC=0.046  L2miss_rate=85.14%  iters=8733
[victim] DONE: IPC=0.0459  L2_miss=85.14%
VICTIM core=0 ipc=0.0459 l2_miss_rate=85.14 cycles=33403651388 insns=1532840006 l2_hit=91070574 l2_miss=521784878 iters=9349 sec=15.00
=== BASELINE_RC profile=chase placement=D_both_sockets run=1 rc=0 ===
--- mode_order=wc_ntdqa wb_load ---
=== CORUN profile=chase placement=D_both_sockets run=1 mode=wc_ntdqa threads=8 vcore=0 vnode=0 cores=16,17,18,19,136,137,138,139 START ===
[victim] core=0 node=0 ws=4096 KB duration=15 warmup=5 chase=1
[victim] warming up for 5 s …
[aggressor] mode=wc_ntdqa threads=8 bufsz=256MB/thread throttle=0 MBps
[aggressor] mapped 2048 MB CXL memory at 0x729ec7c00000
[victim] measuring for 15 s …
[aggressor] GO
[victim] interim: IPC=0.046  L2miss_rate=85.46%  iters=621
[victim] interim: IPC=0.046  L2miss_rate=85.29%  iters=1245
[victim] interim: IPC=0.046  L2miss_rate=85.24%  iters=1869
[victim] interim: IPC=0.046  L2miss_rate=85.21%  iters=2493
[victim] interim: IPC=0.046  L2miss_rate=85.20%  iters=3116
[victim] interim: IPC=0.046  L2miss_rate=85.18%  iters=3740
[victim] interim: IPC=0.046  L2miss_rate=85.18%  iters=4363
[victim] interim: IPC=0.046  L2miss_rate=85.17%  iters=4985
[victim] interim: IPC=0.046  L2miss_rate=85.17%  iters=5608
[victim] interim: IPC=0.046  L2miss_rate=85.16%  iters=6231
[victim] interim: IPC=0.046  L2miss_rate=85.16%  iters=6854
[victim] interim: IPC=0.046  L2miss_rate=85.16%  iters=7478
[victim] interim: IPC=0.046  L2miss_rate=85.16%  iters=8101
[victim] interim: IPC=0.046  L2miss_rate=85.15%  iters=8725
[victim] DONE: IPC=0.0459  L2_miss=85.15%
VICTIM core=0 ipc=0.0459 l2_miss_rate=85.15 cycles=33374069640 insns=1531528489 l2_hit=90909659 l2_miss=521411194 iters=9341 sec=15.00
thread  0  core 16  2.73 GB/s  (15.027 s)
thread  1  core 17  2.73 GB/s  (15.032 s)
thread  2  core 18  2.73 GB/s  (15.049 s)
thread  3  core 19  2.73 GB/s  (15.054 s)
thread  4  core 136  3.41 GB/s  (15.033 s)
thread  5  core 137  3.41 GB/s  (15.024 s)
thread  6  core 138  3.41 GB/s  (15.038 s)
thread  7  core 139  3.40 GB/s  (15.006 s)
---
aggregate: 24.52 GB/s  (8 threads, mode=wc_ntdqa)
RESULT mode=wc_ntdqa threads=8 bw_gbps=24.519 throttle=0
=== CORUN_RC profile=chase placement=D_both_sockets run=1 mode=wc_ntdqa victim_rc=0 aggressor_rc=0 ===
=== CORUN profile=chase placement=D_both_sockets run=1 mode=wb_load threads=8 vcore=0 vnode=0 cores=16,17,18,19,136,137,138,139 START ===
[victim] core=0 node=0 ws=4096 KB duration=15 warmup=5 chase=1
[victim] warming up for 5 s …
[aggressor] mode=wb_load threads=8 bufsz=256MB/thread throttle=0 MBps
[victim] measuring for 15 s …
[aggressor] mapped 2048 MB CXL memory at 0x753cbf000000
[aggressor] GO
[victim] interim: IPC=0.045  L2miss_rate=84.59%  iters=612
[victim] interim: IPC=0.045  L2miss_rate=84.59%  iters=1223
[victim] interim: IPC=0.045  L2miss_rate=84.59%  iters=1834
[victim] interim: IPC=0.045  L2miss_rate=84.59%  iters=2445
[victim] interim: IPC=0.045  L2miss_rate=84.59%  iters=3056
[victim] interim: IPC=0.045  L2miss_rate=84.59%  iters=3665
[victim] interim: IPC=0.045  L2miss_rate=84.59%  iters=4276
[victim] interim: IPC=0.045  L2miss_rate=84.59%  iters=4887
[victim] interim: IPC=0.045  L2miss_rate=84.59%  iters=5498
[victim] interim: IPC=0.045  L2miss_rate=84.59%  iters=6109
[victim] interim: IPC=0.045  L2miss_rate=84.59%  iters=6720
[victim] interim: IPC=0.045  L2miss_rate=84.59%  iters=7331
[victim] interim: IPC=0.045  L2miss_rate=84.59%  iters=7941
[victim] interim: IPC=0.045  L2miss_rate=84.59%  iters=8552
[victim] DONE: IPC=0.0450  L2_miss=84.59%
VICTIM core=0 ipc=0.0450 l2_miss_rate=84.59 cycles=33357269362 insns=1501525411 l2_hit=92494548 l2_miss=507831692 iters=9158 sec=15.00
thread  0  core 16  2.87 GB/s  (15.058 s)
thread  1  core 17  2.92 GB/s  (15.064 s)
thread  2  core 18  3.15 GB/s  (15.064 s)
thread  3  core 19  3.10 GB/s  (15.059 s)
thread  4  core 136  3.14 GB/s  (15.049 s)
thread  5  core 137  3.10 GB/s  (15.057 s)
thread  6  core 138  3.44 GB/s  (15.049 s)
thread  7  core 139  3.37 GB/s  (15.038 s)
---
aggregate: 25.09 GB/s  (8 threads, mode=wb_load)
RESULT mode=wb_load threads=8 bw_gbps=25.090 throttle=0
=== CORUN_RC profile=chase placement=D_both_sockets run=1 mode=wb_load victim_rc=0 aggressor_rc=0 ===
=== BLOCK_END profile=chase placement=D_both_sockets run=1 ===
=== BLOCK_START profile=chase placement=D_both_sockets run=2 notes=mixed socket0/socket1 aggressors ===
=== BASELINE profile=chase placement=D_both_sockets run=2 vcore=0 vnode=0 START ===
[victim] core=0 node=0 ws=4096 KB duration=15 warmup=5 chase=1
[victim] warming up for 5 s …
[victim] measuring for 15 s …
[victim] interim: IPC=0.045  L2miss_rate=84.95%  iters=611
[victim] interim: IPC=0.045  L2miss_rate=84.89%  iters=1221
[victim] interim: IPC=0.045  L2miss_rate=85.27%  iters=1824
[victim] interim: IPC=0.045  L2miss_rate=85.49%  iters=2428
[victim] interim: IPC=0.045  L2miss_rate=85.62%  iters=3032
[victim] interim: IPC=0.045  L2miss_rate=85.49%  iters=3642
[victim] interim: IPC=0.045  L2miss_rate=85.43%  iters=4252
[victim] interim: IPC=0.045  L2miss_rate=85.38%  iters=4861
[victim] interim: IPC=0.045  L2miss_rate=85.35%  iters=5471
[victim] interim: IPC=0.045  L2miss_rate=85.32%  iters=6080
[victim] interim: IPC=0.045  L2miss_rate=85.26%  iters=6691
[victim] interim: IPC=0.045  L2miss_rate=85.24%  iters=7301
[victim] interim: IPC=0.045  L2miss_rate=85.21%  iters=7912
[victim] interim: IPC=0.045  L2miss_rate=85.18%  iters=8521
[victim] DONE: IPC=0.0448  L2_miss=85.16%
VICTIM core=0 ipc=0.0448 l2_miss_rate=85.16 cycles=33392196983 insns=1495787538 l2_hit=88728210 l2_miss=509305455 iters=9123 sec=15.00
=== BASELINE_RC profile=chase placement=D_both_sockets run=2 rc=0 ===
--- mode_order=wc_ntdqa wb_load ---
=== CORUN profile=chase placement=D_both_sockets run=2 mode=wc_ntdqa threads=8 vcore=0 vnode=0 cores=16,17,18,19,136,137,138,139 START ===
[victim] core=0 node=0 ws=4096 KB duration=15 warmup=5 chase=1
[victim] warming up for 5 s …
[aggressor] mode=wc_ntdqa threads=8 bufsz=256MB/thread throttle=0 MBps
[aggressor] mapped 2048 MB CXL memory at 0x7a0b62a00000
[victim] measuring for 15 s …
[aggressor] GO
[victim] interim: IPC=0.045  L2miss_rate=84.61%  iters=612
[victim] interim: IPC=0.045  L2miss_rate=84.61%  iters=1221
[victim] interim: IPC=0.045  L2miss_rate=84.61%  iters=1832
[victim] interim: IPC=0.045  L2miss_rate=84.61%  iters=2443
[victim] interim: IPC=0.045  L2miss_rate=84.61%  iters=3054
[victim] interim: IPC=0.045  L2miss_rate=84.61%  iters=3665
[victim] interim: IPC=0.045  L2miss_rate=84.61%  iters=4276
[victim] interim: IPC=0.045  L2miss_rate=84.61%  iters=4887
[victim] interim: IPC=0.045  L2miss_rate=84.61%  iters=5498
[victim] interim: IPC=0.045  L2miss_rate=84.61%  iters=6109
[victim] interim: IPC=0.045  L2miss_rate=84.61%  iters=6720
[victim] interim: IPC=0.045  L2miss_rate=84.61%  iters=7329
[victim] interim: IPC=0.045  L2miss_rate=84.61%  iters=7940
[victim] interim: IPC=0.045  L2miss_rate=84.61%  iters=8550
[victim] DONE: IPC=0.0450  L2_miss=84.61%
VICTIM core=0 ipc=0.0450 l2_miss_rate=84.61 cycles=33358307208 insns=1500542068 l2_hit=92353735 l2_miss=507588445 iters=9152 sec=15.00
thread  0  core 16  2.73 GB/s  (15.026 s)
thread  1  core 17  2.73 GB/s  (15.030 s)
thread  2  core 18  2.73 GB/s  (15.050 s)
thread  3  core 19  2.73 GB/s  (15.056 s)
thread  4  core 136  3.42 GB/s  (15.004 s)
thread  5  core 137  3.42 GB/s  (15.066 s)
thread  6  core 138  3.41 GB/s  (15.020 s)
thread  7  core 139  3.41 GB/s  (15.034 s)
---
aggregate: 24.53 GB/s  (8 threads, mode=wc_ntdqa)
RESULT mode=wc_ntdqa threads=8 bw_gbps=24.534 throttle=0
=== CORUN_RC profile=chase placement=D_both_sockets run=2 mode=wc_ntdqa victim_rc=0 aggressor_rc=0 ===
=== CORUN profile=chase placement=D_both_sockets run=2 mode=wb_load threads=8 vcore=0 vnode=0 cores=16,17,18,19,136,137,138,139 START ===
[victim] core=0 node=0 ws=4096 KB duration=15 warmup=5 chase=1
[victim] warming up for 5 s …
[aggressor] mode=wb_load threads=8 bufsz=256MB/thread throttle=0 MBps
[victim] measuring for 15 s …
[aggressor] mapped 2048 MB CXL memory at 0x7fd975a00000
[aggressor] GO
[victim] interim: IPC=0.046  L2miss_rate=85.15%  iters=624
[victim] interim: IPC=0.046  L2miss_rate=85.14%  iters=1247
[victim] interim: IPC=0.046  L2miss_rate=85.13%  iters=1871
[victim] interim: IPC=0.046  L2miss_rate=85.12%  iters=2495
[victim] interim: IPC=0.046  L2miss_rate=85.12%  iters=3119
[victim] interim: IPC=0.046  L2miss_rate=85.08%  iters=3743
[victim] interim: IPC=0.046  L2miss_rate=85.01%  iters=4369
[victim] interim: IPC=0.046  L2miss_rate=84.96%  iters=4994
[victim] interim: IPC=0.046  L2miss_rate=84.92%  iters=5620
[victim] interim: IPC=0.046  L2miss_rate=84.89%  iters=6244
[victim] interim: IPC=0.046  L2miss_rate=84.89%  iters=6869
[victim] interim: IPC=0.046  L2miss_rate=84.91%  iters=7492
[victim] interim: IPC=0.046  L2miss_rate=84.93%  iters=8116
[victim] interim: IPC=0.046  L2miss_rate=84.94%  iters=8739
[victim] DONE: IPC=0.0460  L2_miss=84.95%
VICTIM core=0 ipc=0.0460 l2_miss_rate=84.95 cycles=33372040753 insns=1533823810 l2_hit=92263581 l2_miss=520977818 iters=9355 sec=15.00
thread  0  core 16  2.87 GB/s  (15.042 s)
thread  1  core 17  2.92 GB/s  (15.057 s)
thread  2  core 18  3.16 GB/s  (15.054 s)
thread  3  core 19  3.10 GB/s  (15.043 s)
thread  4  core 136  3.14 GB/s  (15.058 s)
thread  5  core 137  3.12 GB/s  (15.037 s)
thread  6  core 138  3.44 GB/s  (15.055 s)
thread  7  core 139  3.37 GB/s  (15.040 s)
---
aggregate: 25.12 GB/s  (8 threads, mode=wb_load)
RESULT mode=wb_load threads=8 bw_gbps=25.117 throttle=0
=== CORUN_RC profile=chase placement=D_both_sockets run=2 mode=wb_load victim_rc=0 aggressor_rc=0 ===
=== BLOCK_END profile=chase placement=D_both_sockets run=2 ===
=== BLOCK_START profile=chase placement=D_both_sockets run=3 notes=mixed socket0/socket1 aggressors ===
=== BASELINE profile=chase placement=D_both_sockets run=3 vcore=0 vnode=0 START ===
[victim] core=0 node=0 ws=4096 KB duration=15 warmup=5 chase=1
[victim] warming up for 5 s …
[victim] measuring for 15 s …
[victim] interim: IPC=0.045  L2miss_rate=87.80%  iters=614
[victim] interim: IPC=0.045  L2miss_rate=87.76%  iters=1227
[victim] interim: IPC=0.045  L2miss_rate=87.75%  iters=1841
[victim] interim: IPC=0.045  L2miss_rate=87.78%  iters=2454
[victim] interim: IPC=0.045  L2miss_rate=87.82%  iters=3066
[victim] interim: IPC=0.045  L2miss_rate=87.91%  iters=3677
[victim] interim: IPC=0.045  L2miss_rate=87.96%  iters=4288
[victim] interim: IPC=0.045  L2miss_rate=88.01%  iters=4898
[victim] interim: IPC=0.045  L2miss_rate=88.04%  iters=5509
[victim] interim: IPC=0.045  L2miss_rate=88.07%  iters=6120
[victim] interim: IPC=0.045  L2miss_rate=88.10%  iters=6731
[victim] interim: IPC=0.045  L2miss_rate=88.11%  iters=7342
[victim] interim: IPC=0.045  L2miss_rate=88.13%  iters=7953
[victim] interim: IPC=0.045  L2miss_rate=88.14%  iters=8563
[victim] DONE: IPC=0.0450  L2_miss=88.16%
VICTIM core=0 ipc=0.0450 l2_miss_rate=88.16 cycles=33401269907 insns=1503000983 l2_hit=71169286 l2_miss=529747520 iters=9167 sec=15.00
=== BASELINE_RC profile=chase placement=D_both_sockets run=3 rc=0 ===
--- mode_order=wc_ntdqa wb_load ---
=== CORUN profile=chase placement=D_both_sockets run=3 mode=wc_ntdqa threads=8 vcore=0 vnode=0 cores=16,17,18,19,136,137,138,139 START ===
[victim] core=0 node=0 ws=4096 KB duration=15 warmup=5 chase=1
[victim] warming up for 5 s …
[aggressor] mode=wc_ntdqa threads=8 bufsz=256MB/thread throttle=0 MBps
[aggressor] mapped 2048 MB CXL memory at 0x7a9ea4a00000
[victim] measuring for 15 s …
[aggressor] GO
[victim] interim: IPC=0.046  L2miss_rate=85.73%  iters=622
[victim] interim: IPC=0.046  L2miss_rate=85.73%  iters=1243
[victim] interim: IPC=0.046  L2miss_rate=85.73%  iters=1864
[victim] interim: IPC=0.046  L2miss_rate=85.73%  iters=2485
[victim] interim: IPC=0.046  L2miss_rate=85.73%  iters=3106
[victim] interim: IPC=0.046  L2miss_rate=85.73%  iters=3726
[victim] interim: IPC=0.046  L2miss_rate=85.73%  iters=4347
[victim] interim: IPC=0.046  L2miss_rate=85.73%  iters=4968
[victim] interim: IPC=0.046  L2miss_rate=85.73%  iters=5589
[victim] interim: IPC=0.046  L2miss_rate=85.73%  iters=6210
[victim] interim: IPC=0.046  L2miss_rate=85.73%  iters=6831
[victim] interim: IPC=0.046  L2miss_rate=85.73%  iters=7452
[victim] interim: IPC=0.046  L2miss_rate=85.73%  iters=8073
[victim] interim: IPC=0.046  L2miss_rate=85.73%  iters=8694
[victim] DONE: IPC=0.0457  L2_miss=85.73%
VICTIM core=0 ipc=0.0457 l2_miss_rate=85.73 cycles=33370023903 insns=1525626053 l2_hit=87034753 l2_miss=522935767 iters=9305 sec=15.00
thread  0  core 16  2.74 GB/s  (15.012 s)
thread  1  core 17  2.74 GB/s  (15.017 s)
thread  2  core 18  2.73 GB/s  (15.040 s)
thread  3  core 19  2.73 GB/s  (15.044 s)
thread  4  core 136  3.42 GB/s  (15.009 s)
thread  5  core 137  3.42 GB/s  (15.066 s)
thread  6  core 138  3.41 GB/s  (15.025 s)
thread  7  core 139  3.41 GB/s  (15.038 s)
---
aggregate: 24.53 GB/s  (8 threads, mode=wc_ntdqa)
RESULT mode=wc_ntdqa threads=8 bw_gbps=24.534 throttle=0
=== CORUN_RC profile=chase placement=D_both_sockets run=3 mode=wc_ntdqa victim_rc=0 aggressor_rc=0 ===
=== CORUN profile=chase placement=D_both_sockets run=3 mode=wb_load threads=8 vcore=0 vnode=0 cores=16,17,18,19,136,137,138,139 START ===
[victim] core=0 node=0 ws=4096 KB duration=15 warmup=5 chase=1
[victim] warming up for 5 s …
[aggressor] mode=wb_load threads=8 bufsz=256MB/thread throttle=0 MBps
[victim] measuring for 15 s …
[aggressor] mapped 2048 MB CXL memory at 0x758ab5400000
[aggressor] GO
[victim] interim: IPC=0.046  L2miss_rate=84.57%  iters=626
[victim] interim: IPC=0.046  L2miss_rate=84.57%  iters=1251
[victim] interim: IPC=0.046  L2miss_rate=84.57%  iters=1877
[victim] interim: IPC=0.046  L2miss_rate=84.57%  iters=2501
[victim] interim: IPC=0.046  L2miss_rate=84.57%  iters=3127
[victim] interim: IPC=0.046  L2miss_rate=84.57%  iters=3753
[victim] interim: IPC=0.046  L2miss_rate=84.57%  iters=4379
[victim] interim: IPC=0.046  L2miss_rate=84.57%  iters=5005
[victim] interim: IPC=0.046  L2miss_rate=84.57%  iters=5631
[victim] interim: IPC=0.046  L2miss_rate=84.57%  iters=6256
[victim] interim: IPC=0.046  L2miss_rate=84.59%  iters=6880
[victim] interim: IPC=0.046  L2miss_rate=84.64%  iters=7501
[victim] interim: IPC=0.046  L2miss_rate=84.63%  iters=8127
[victim] interim: IPC=0.046  L2miss_rate=84.63%  iters=8751
[victim] DONE: IPC=0.0460  L2_miss=84.63%
VICTIM core=0 ipc=0.0460 l2_miss_rate=84.63 cycles=33368623137 insns=1536118850 l2_hit=94421585 l2_miss=519743995 iters=9369 sec=15.00
thread  0  core 16  2.87 GB/s  (15.040 s)
thread  1  core 17  2.93 GB/s  (15.042 s)
thread  2  core 18  3.16 GB/s  (15.042 s)
thread  3  core 19  3.11 GB/s  (15.042 s)
thread  4  core 136  3.14 GB/s  (15.050 s)
thread  5  core 137  3.12 GB/s  (15.047 s)
thread  6  core 138  3.44 GB/s  (15.046 s)
thread  7  core 139  3.38 GB/s  (15.024 s)
---
aggregate: 25.13 GB/s  (8 threads, mode=wb_load)
RESULT mode=wb_load threads=8 bw_gbps=25.131 throttle=0
=== CORUN_RC profile=chase placement=D_both_sockets run=3 mode=wb_load victim_rc=0 aggressor_rc=0 ===
=== BLOCK_END profile=chase placement=D_both_sockets run=3 ===
=== BLOCK_START profile=chase placement=D_both_sockets run=4 notes=mixed socket0/socket1 aggressors ===
=== BASELINE profile=chase placement=D_both_sockets run=4 vcore=0 vnode=0 START ===
[victim] core=0 node=0 ws=4096 KB duration=15 warmup=5 chase=1
[victim] warming up for 5 s …
[victim] measuring for 15 s …
[victim] interim: IPC=0.044  L2miss_rate=87.24%  iters=600
[victim] interim: IPC=0.044  L2miss_rate=87.24%  iters=1199
[victim] interim: IPC=0.044  L2miss_rate=87.24%  iters=1799
[victim] interim: IPC=0.044  L2miss_rate=87.23%  iters=2399
[victim] interim: IPC=0.044  L2miss_rate=87.24%  iters=2999
[victim] interim: IPC=0.044  L2miss_rate=87.24%  iters=3599
[victim] interim: IPC=0.044  L2miss_rate=87.24%  iters=4199
[victim] interim: IPC=0.044  L2miss_rate=87.24%  iters=4799
[victim] interim: IPC=0.044  L2miss_rate=87.24%  iters=5399
[victim] interim: IPC=0.044  L2miss_rate=87.24%  iters=5999
[victim] interim: IPC=0.044  L2miss_rate=87.24%  iters=6598
[victim] interim: IPC=0.044  L2miss_rate=87.24%  iters=7197
[victim] interim: IPC=0.044  L2miss_rate=87.24%  iters=7797
[victim] interim: IPC=0.044  L2miss_rate=87.24%  iters=8397
[victim] DONE: IPC=0.0441  L2_miss=87.24%
VICTIM core=0 ipc=0.0441 l2_miss_rate=87.24 cycles=33398495274 insns=1473326150 l2_hit=75185861 l2_miss=513864825 iters=8986 sec=15.00
=== BASELINE_RC profile=chase placement=D_both_sockets run=4 rc=0 ===
--- mode_order=wb_load wc_ntdqa ---
=== CORUN profile=chase placement=D_both_sockets run=4 mode=wb_load threads=8 vcore=0 vnode=0 cores=16,17,18,19,136,137,138,139 START ===
[victim] core=0 node=0 ws=4096 KB duration=15 warmup=5 chase=1
[victim] warming up for 5 s …
[aggressor] mode=wb_load threads=8 bufsz=256MB/thread throttle=0 MBps
[victim] measuring for 15 s …
[aggressor] mapped 2048 MB CXL memory at 0x73a9c1e00000
[aggressor] GO
[victim] interim: IPC=0.046  L2miss_rate=85.60%  iters=622
[victim] interim: IPC=0.046  L2miss_rate=85.60%  iters=1244
[victim] interim: IPC=0.046  L2miss_rate=85.60%  iters=1865
[victim] interim: IPC=0.046  L2miss_rate=85.60%  iters=2486
[victim] interim: IPC=0.046  L2miss_rate=85.60%  iters=3107
[victim] interim: IPC=0.046  L2miss_rate=85.60%  iters=3729
[victim] interim: IPC=0.046  L2miss_rate=85.60%  iters=4350
[victim] interim: IPC=0.046  L2miss_rate=85.59%  iters=4972
[victim] interim: IPC=0.046  L2miss_rate=85.59%  iters=5593
[victim] interim: IPC=0.046  L2miss_rate=85.60%  iters=6213
[victim] interim: IPC=0.046  L2miss_rate=85.59%  iters=6834
[victim] interim: IPC=0.046  L2miss_rate=85.60%  iters=7455
[victim] interim: IPC=0.046  L2miss_rate=85.60%  iters=8077
[victim] interim: IPC=0.046  L2miss_rate=85.60%  iters=8699
[victim] DONE: IPC=0.0458  L2_miss=85.60%
VICTIM core=0 ipc=0.0458 l2_miss_rate=85.60 cycles=33370543025 insns=1526938166 l2_hit=87939689 l2_miss=522544662 iters=9313 sec=15.00
thread  0  core 16  2.87 GB/s  (15.056 s)
thread  1  core 17  2.92 GB/s  (15.060 s)
thread  2  core 18  3.15 GB/s  (15.060 s)
thread  3  core 19  3.10 GB/s  (15.056 s)
thread  4  core 136  3.14 GB/s  (15.063 s)
thread  5  core 137  3.12 GB/s  (15.051 s)
thread  6  core 138  3.44 GB/s  (15.062 s)
thread  7  core 139  3.37 GB/s  (15.040 s)
---
aggregate: 25.11 GB/s  (8 threads, mode=wb_load)
RESULT mode=wb_load threads=8 bw_gbps=25.109 throttle=0
=== CORUN_RC profile=chase placement=D_both_sockets run=4 mode=wb_load victim_rc=0 aggressor_rc=0 ===
=== CORUN profile=chase placement=D_both_sockets run=4 mode=wc_ntdqa threads=8 vcore=0 vnode=0 cores=16,17,18,19,136,137,138,139 START ===
[victim] core=0 node=0 ws=4096 KB duration=15 warmup=5 chase=1
[victim] warming up for 5 s …
[aggressor] mode=wc_ntdqa threads=8 bufsz=256MB/thread throttle=0 MBps
[aggressor] mapped 2048 MB CXL memory at 0x75ad36400000
[victim] measuring for 15 s …
[aggressor] GO
[victim] interim: IPC=0.046  L2miss_rate=86.34%  iters=619
[victim] interim: IPC=0.046  L2miss_rate=86.30%  iters=1237
[victim] interim: IPC=0.046  L2miss_rate=86.19%  iters=1857
[victim] interim: IPC=0.046  L2miss_rate=86.23%  iters=2475
[victim] interim: IPC=0.046  L2miss_rate=86.24%  iters=3094
[victim] interim: IPC=0.046  L2miss_rate=86.21%  iters=3713
[victim] interim: IPC=0.046  L2miss_rate=86.23%  iters=4331
[victim] interim: IPC=0.046  L2miss_rate=86.24%  iters=4948
[victim] interim: IPC=0.046  L2miss_rate=86.25%  iters=5567
[victim] interim: IPC=0.046  L2miss_rate=86.26%  iters=6185
[victim] interim: IPC=0.046  L2miss_rate=86.27%  iters=6804
[victim] interim: IPC=0.046  L2miss_rate=86.24%  iters=7424
[victim] interim: IPC=0.046  L2miss_rate=86.25%  iters=8043
[victim] interim: IPC=0.046  L2miss_rate=86.26%  iters=8661
[victim] DONE: IPC=0.0456  L2_miss=86.26%
VICTIM core=0 ipc=0.0456 l2_miss_rate=86.26 cycles=33371115514 insns=1520216165 l2_hit=83508718 l2_miss=524291455 iters=9272 sec=15.00
thread  0  core 16  2.73 GB/s  (15.046 s)
thread  1  core 17  2.73 GB/s  (15.048 s)
thread  2  core 18  2.73 GB/s  (15.070 s)
thread  3  core 19  2.73 GB/s  (15.070 s)
thread  4  core 136  3.41 GB/s  (15.036 s)
thread  5  core 137  3.41 GB/s  (15.028 s)
thread  6  core 138  3.41 GB/s  (15.051 s)
thread  7  core 139  3.41 GB/s  (15.057 s)
---
aggregate: 24.51 GB/s  (8 threads, mode=wc_ntdqa)
RESULT mode=wc_ntdqa threads=8 bw_gbps=24.510 throttle=0
=== CORUN_RC profile=chase placement=D_both_sockets run=4 mode=wc_ntdqa victim_rc=0 aggressor_rc=0 ===
=== BLOCK_END profile=chase placement=D_both_sockets run=4 ===
=== BLOCK_START profile=chase placement=D_both_sockets run=5 notes=mixed socket0/socket1 aggressors ===
=== BASELINE profile=chase placement=D_both_sockets run=5 vcore=0 vnode=0 START ===
[victim] core=0 node=0 ws=4096 KB duration=15 warmup=5 chase=1
[victim] warming up for 5 s …
[victim] measuring for 15 s …
[victim] interim: IPC=0.045  L2miss_rate=86.60%  iters=619
[victim] interim: IPC=0.045  L2miss_rate=86.60%  iters=1237
[victim] interim: IPC=0.045  L2miss_rate=86.60%  iters=1855
[victim] interim: IPC=0.045  L2miss_rate=86.60%  iters=2473
[victim] interim: IPC=0.045  L2miss_rate=86.60%  iters=3091
[victim] interim: IPC=0.045  L2miss_rate=86.61%  iters=3707
[victim] interim: IPC=0.045  L2miss_rate=86.61%  iters=4325
[victim] interim: IPC=0.045  L2miss_rate=86.61%  iters=4943
[victim] interim: IPC=0.045  L2miss_rate=86.61%  iters=5561
[victim] interim: IPC=0.045  L2miss_rate=86.61%  iters=6179
[victim] interim: IPC=0.045  L2miss_rate=86.61%  iters=6797
[victim] interim: IPC=0.045  L2miss_rate=86.61%  iters=7415
[victim] interim: IPC=0.045  L2miss_rate=86.61%  iters=8033
[victim] interim: IPC=0.045  L2miss_rate=86.61%  iters=8651
[victim] DONE: IPC=0.0454  L2_miss=86.61%
VICTIM core=0 ipc=0.0454 l2_miss_rate=86.61 cycles=33410174242 insns=1518412176 l2_hit=81308096 l2_miss=525768260 iters=9261 sec=15.00
=== BASELINE_RC profile=chase placement=D_both_sockets run=5 rc=0 ===
--- mode_order=wc_ntdqa wb_load ---
=== CORUN profile=chase placement=D_both_sockets run=5 mode=wc_ntdqa threads=8 vcore=0 vnode=0 cores=16,17,18,19,136,137,138,139 START ===
[victim] core=0 node=0 ws=4096 KB duration=15 warmup=5 chase=1
[victim] warming up for 5 s …
[aggressor] mode=wc_ntdqa threads=8 bufsz=256MB/thread throttle=0 MBps
[aggressor] mapped 2048 MB CXL memory at 0x7d3e0e400000
[victim] measuring for 15 s …
[aggressor] GO
[victim] interim: IPC=0.045  L2miss_rate=86.70%  iters=618
[victim] interim: IPC=0.045  L2miss_rate=86.70%  iters=1235
[victim] interim: IPC=0.045  L2miss_rate=86.70%  iters=1852
[victim] interim: IPC=0.045  L2miss_rate=86.70%  iters=2468
[victim] interim: IPC=0.045  L2miss_rate=86.70%  iters=3085
[victim] interim: IPC=0.045  L2miss_rate=86.70%  iters=3702
[victim] interim: IPC=0.045  L2miss_rate=86.70%  iters=4319
[victim] interim: IPC=0.045  L2miss_rate=86.70%  iters=4936
[victim] interim: IPC=0.045  L2miss_rate=86.70%  iters=5553
[victim] interim: IPC=0.045  L2miss_rate=86.70%  iters=6170
[victim] interim: IPC=0.045  L2miss_rate=86.70%  iters=6787
[victim] interim: IPC=0.045  L2miss_rate=86.70%  iters=7404
[victim] interim: IPC=0.045  L2miss_rate=86.70%  iters=8021
[victim] interim: IPC=0.045  L2miss_rate=86.70%  iters=8636
[victim] DONE: IPC=0.0454  L2_miss=86.70%
VICTIM core=0 ipc=0.0454 l2_miss_rate=86.70 cycles=33368179346 insns=1515953267 l2_hit=80629215 l2_miss=525474307 iters=9246 sec=15.00
thread  0  core 16  2.73 GB/s  (15.026 s)
thread  1  core 17  2.73 GB/s  (15.027 s)
thread  2  core 18  2.73 GB/s  (15.047 s)
thread  3  core 19  2.73 GB/s  (15.058 s)
thread  4  core 136  3.41 GB/s  (15.022 s)
thread  5  core 137  3.41 GB/s  (15.015 s)
thread  6  core 138  3.41 GB/s  (15.029 s)
thread  7  core 139  3.41 GB/s  (15.046 s)
---
aggregate: 24.53 GB/s  (8 threads, mode=wc_ntdqa)
RESULT mode=wc_ntdqa threads=8 bw_gbps=24.529 throttle=0
=== CORUN_RC profile=chase placement=D_both_sockets run=5 mode=wc_ntdqa victim_rc=0 aggressor_rc=0 ===
=== CORUN profile=chase placement=D_both_sockets run=5 mode=wb_load threads=8 vcore=0 vnode=0 cores=16,17,18,19,136,137,138,139 START ===
[victim] core=0 node=0 ws=4096 KB duration=15 warmup=5 chase=1
[victim] warming up for 5 s …
[aggressor] mode=wb_load threads=8 bufsz=256MB/thread throttle=0 MBps
[victim] measuring for 15 s …
[aggressor] mapped 2048 MB CXL memory at 0x778939e00000
[aggressor] GO
[victim] interim: IPC=0.046  L2miss_rate=85.04%  iters=626
[victim] interim: IPC=0.046  L2miss_rate=85.05%  iters=1248
[victim] interim: IPC=0.046  L2miss_rate=85.05%  iters=1872
[victim] interim: IPC=0.046  L2miss_rate=85.05%  iters=2496
[victim] interim: IPC=0.046  L2miss_rate=85.05%  iters=3120
[victim] interim: IPC=0.046  L2miss_rate=85.05%  iters=3744
[victim] interim: IPC=0.046  L2miss_rate=85.05%  iters=4368
[victim] interim: IPC=0.046  L2miss_rate=85.05%  iters=4992
[victim] interim: IPC=0.046  L2miss_rate=85.05%  iters=5616
[victim] interim: IPC=0.046  L2miss_rate=85.05%  iters=6240
[victim] interim: IPC=0.046  L2miss_rate=85.05%  iters=6864
[victim] interim: IPC=0.046  L2miss_rate=85.05%  iters=7488
[victim] interim: IPC=0.046  L2miss_rate=85.05%  iters=8111
[victim] interim: IPC=0.046  L2miss_rate=85.05%  iters=8735
[victim] DONE: IPC=0.0459  L2_miss=85.05%
VICTIM core=0 ipc=0.0459 l2_miss_rate=85.05 cycles=33374792505 insns=1533168043 l2_hit=91668981 l2_miss=521316273 iters=9351 sec=15.00
thread  0  core 16  2.87 GB/s  (15.051 s)
thread  1  core 17  2.92 GB/s  (15.053 s)
thread  2  core 18  3.15 GB/s  (15.063 s)
thread  3  core 19  3.10 GB/s  (15.059 s)
thread  4  core 136  3.14 GB/s  (15.064 s)
thread  5  core 137  3.12 GB/s  (15.065 s)
thread  6  core 138  3.44 GB/s  (15.067 s)
thread  7  core 139  3.38 GB/s  (15.027 s)
---
aggregate: 25.10 GB/s  (8 threads, mode=wb_load)
RESULT mode=wb_load threads=8 bw_gbps=25.104 throttle=0
=== CORUN_RC profile=chase placement=D_both_sockets run=5 mode=wb_load victim_rc=0 aggressor_rc=0 ===
=== BLOCK_END profile=chase placement=D_both_sockets run=5 ===
=== PHASE2_TABLE3 DONE ===
